Category,EditorID,FormID,Name,Value,Source,Notes
Books,ID16AccordsOfMadnessVIx,0001AFB3,"16 Accords of Madness, v. IX",,Fandom: Console Commands (Skyrim)/Books,Deep linked-page seed pass: Books
Books,ID16AccordsOfMadnessVVi,0001AFB2,"16 Accords of Madness, v. VI",,Fandom: Console Commands (Skyrim)/Books,Deep linked-page seed pass: Books
Books,SixteenAccordsOfMadnessBookXii,0001AFB1,"Sixteen Accords of Madness, Book XII",,Fandom: Console Commands (Skyrim)/Books,Deep linked-page seed pass: Books
Books,ID2920EveningStarV12,0001ACE4,"2920, Evening Star, v12",,Fandom: Console Commands (Skyrim)/Books,Deep linked-page seed pass: Books
Books,ID2920FirstSeedV3,0001ACE5,"2920, First Seed, v3",,Fandom: Console Commands (Skyrim)/Books,Deep linked-page seed pass: Books
Books,ID2920FrostfallV10,0001AFEA,"2920, Frostfall, v10",,Fandom: Console Commands (Skyrim)/Books,Deep linked-page seed pass: Books
Books,ID2920HearthFireV9,0001AFE9,"2920, Hearth Fire, v9",,Fandom: Console Commands (Skyrim)/Books,Deep linked-page seed pass: Books
Books,ID2920LastSeedV8,0001B01F,"2920, Last Seed, v8",,Fandom: Console Commands (Skyrim)/Books,Deep linked-page seed pass: Books
Books,ID2920MidyearV6,0001AFF7,"2920, MidYear, v6",,Fandom: Console Commands (Skyrim)/Books,Deep linked-page seed pass: Books
Books,ID2920MorningStarV1,0001AFD9,"2920, Morning Star, v1",,Fandom: Console Commands (Skyrim)/Books,Deep linked-page seed pass: Books
Books,ID2920RainSHandV4,0001B017,"2920, Rain's Hand, v4",,Fandom: Console Commands (Skyrim)/Books,Deep linked-page seed pass: Books
Books,ID2920SecondSeedV5,0001B025,"2920, Second Seed, v5",,Fandom: Console Commands (Skyrim)/Books,Deep linked-page seed pass: Books
Books,ID2920SunSDawnV2,0001B010,"2920, Sun's Dawn, v2",,Fandom: Console Commands (Skyrim)/Books,Deep linked-page seed pass: Books
Books,ID2920SunSDuskV11,0001ACE3,"2920, Sun's Dusk, v11",,Fandom: Console Commands (Skyrim)/Books,Deep linked-page seed pass: Books
Books,ID2920SunSHeightV7,0001B00C,"2920, Sun's Height, v7",,Fandom: Console Commands (Skyrim)/Books,Deep linked-page seed pass: Books
Books,AChildrenSAnuad,0001ACDF,A Children's Anuad,,Fandom: Console Commands (Skyrim)/Books,Deep linked-page seed pass: Books
Books,ADanceInFireV1,0001AFC0,"A Dance in Fire, v1",,Fandom: Console Commands (Skyrim)/Books,Deep linked-page seed pass: Books
Books,ADanceInFireV2,0001AFDF,"A Dance in Fire, v2",,Fandom: Console Commands (Skyrim)/Books,Deep linked-page seed pass: Books
Books,ADanceInFireV3,0001AFD4,"A Dance in Fire, v3",,Fandom: Console Commands (Skyrim)/Books,Deep linked-page seed pass: Books
Books,ADanceInFireV4,0001AFC1,"A Dance in Fire, v4",,Fandom: Console Commands (Skyrim)/Books,Deep linked-page seed pass: Books
Books,ADanceInFireV5,0001B006,"A Dance in Fire, v5",,Fandom: Console Commands (Skyrim)/Books,Deep linked-page seed pass: Books
Books,ADanceInFireV6,0001B00D,"A Dance in Fire, v6",,Fandom: Console Commands (Skyrim)/Books,Deep linked-page seed pass: Books
Books,ADanceInFireV7,0001B00E,"A Dance in Fire, v7",,Fandom: Console Commands (Skyrim)/Books,Deep linked-page seed pass: Books
Books,ADreamOfSovngarde,000ED02F,A Dream of Sovngarde,,Fandom: Console Commands (Skyrim)/Books,Deep linked-page seed pass: Books
Books,AGameAtDinner,0001AFC4,A Game at Dinner,,Fandom: Console Commands (Skyrim)/Books,Deep linked-page seed pass: Books
Books,AGentlemanSGuideToWhiterun,000ED02E,A Gentleman's Guide to Whiterun,,Fandom: Console Commands (Skyrim)/Books,Deep linked-page seed pass: Books
Books,AHypotheticalTreachery,0001AFEE,A Hypothetical Treachery,,Fandom: Console Commands (Skyrim)/Books,Deep linked-page seed pass: Books
Books,AKissSweetMother,000A0322,"A Kiss, Sweet Mother",,Fandom: Console Commands (Skyrim)/Books,Deep linked-page seed pass: Books
Books,AMinorMaze,000F1AB3,A Minor Maze,,Fandom: Console Commands (Skyrim)/Books,Deep linked-page seed pass: Books
Books,AScrawledNote,000B1260,A Scrawled Note,,Fandom: Console Commands (Skyrim)/Books,Deep linked-page seed pass: Books
Books,ATragedyInBlack,0002F838,A Tragedy in Black,,Fandom: Console Commands (Skyrim)/Books,Deep linked-page seed pass: Books
Books,AWarning,000F6928,A Warning,,Fandom: Console Commands (Skyrim)/Books,Deep linked-page seed pass: Books
Books,AdmonitionAgainstEbony,000F6843,Admonition Against Ebony,,Fandom: Console Commands (Skyrim)/Books,Deep linked-page seed pass: Books
Books,AdonatoSBook,000403AF,Adonato's Book,,Fandom: Console Commands (Skyrim)/Books,Deep linked-page seed pass: Books
Books,AdvancesInLockpicking,0001B01C,Advances in Lockpicking,,Fandom: Console Commands (Skyrim)/Books,Deep linked-page seed pass: Books
Books,AdventurerSJournal,000D95E3,Adventurer's Journal,,Fandom: Console Commands (Skyrim)/Books,Deep linked-page seed pass: Books
Books,AedraAndDaedra,0001B22C,Aedra and Daedra,,Fandom: Console Commands (Skyrim)/Books,Deep linked-page seed pass: Books
Books,AeriSNote,00090E52,Aeri's Note,,Fandom: Console Commands (Skyrim)/Books,Deep linked-page seed pass: Books
Books,AevarStoneSinger,0001ACE6,Aevar Stone-Singer,,Fandom: Console Commands (Skyrim)/Books,Deep linked-page seed pass: Books
Books,AfflictedSNote,00045F94,Afflicted's Note,,Fandom: Console Commands (Skyrim)/Books,Deep linked-page seed pass: Books
Books,AgriusSJournal,00083AE8,Agrius's Journal,,Fandom: Console Commands (Skyrim)/Books,Deep linked-page seed pass: Books
Books,AhzirrTraajijazeri,0001AFF3,Ahzirr Traajijazeri,,Fandom: Console Commands (Skyrim)/Books,Deep linked-page seed pass: Books
Books,AicantarSLabJournal,00065C35,Aicantar's Lab Journal,,Fandom: Console Commands (Skyrim)/Books,Deep linked-page seed pass: Books
Books,AlchemistSJournal,0003A523,Alchemist's Journal,,Fandom: Console Commands (Skyrim)/Books,Deep linked-page seed pass: Books
Books,AlchemistSJournal,000CE5BD,Alchemist's Journal,,Fandom: Console Commands (Skyrim)/Books,Deep linked-page seed pass: Books
Books,AlchemistSNote,0006DF90,Alchemist's Note,,Fandom: Console Commands (Skyrim)/Books,Deep linked-page seed pass: Books
Books,AlduinIsReal,000EA5B0,Alduin is Real,,Fandom: Console Commands (Skyrim)/Books,Deep linked-page seed pass: Books
Books,AlethiusSNotes,000C370E,Alethius's Notes,,Fandom: Console Commands (Skyrim)/Books,Deep linked-page seed pass: Books
Books,AllEmployeesMustRead,000F68A2,All Employees Must Read!,,Fandom: Console Commands (Skyrim)/Books,Deep linked-page seed pass: Books
Books,AlvaSJournal,0002A96D,Alva's Journal,,Fandom: Console Commands (Skyrim)/Books,Deep linked-page seed pass: Books
Books,AmaundMotierreSSealedLetter,0005BF2E,Amaund Motierre's Sealed Letter,,Fandom: Console Commands (Skyrim)/Books,Deep linked-page seed pass: Books
Books,AmongstTheDraugr,000ED03F,Amongst the Draugr,,Fandom: Console Commands (Skyrim)/Books,Deep linked-page seed pass: Books
Books,AnAccountingOfTheScrolls,000ED03A,An Accounting of the Scrolls,,Fandom: Console Commands (Skyrim)/Books,Deep linked-page seed pass: Books
Books,AnApology,000F68A4,An Apology,,Fandom: Console Commands (Skyrim)/Books,Deep linked-page seed pass: Books
Books,AnExplorerSGuideToSkyrim,00083B38,An Explorer's Guide to Skyrim,,Fandom: Console Commands (Skyrim)/Books,Deep linked-page seed pass: Books
Books,AncestorsAndTheDunmer,0001B22D,Ancestors and the Dunmer,,Fandom: Console Commands (Skyrim)/Books,Deep linked-page seed pass: Books
Books,AncientEdict,000ED441,Ancient Edict,,Fandom: Console Commands (Skyrim)/Books,Deep linked-page seed pass: Books
Books,AndersSMessage,000FF223,Anders's Message,,Fandom: Console Commands (Skyrim)/Books,Deep linked-page seed pass: Books
Books,AniseSLetter,000DDFB6,Anise's Letter,,Fandom: Console Commands (Skyrim)/Books,Deep linked-page seed pass: Books
Books,AnnalsOfTheDragonguard,0003636A,Annals of the Dragonguard,,Fandom: Console Commands (Skyrim)/Books,Deep linked-page seed pass: Books
Books,AnonymousLetter,000504EF,Anonymous Letter,,Fandom: Console Commands (Skyrim)/Books,Deep linked-page seed pass: Books
Books,AnonymousLetter,000504EE,Anonymous Letter,,Fandom: Console Commands (Skyrim)/Books,Deep linked-page seed pass: Books
Books,AntecedantsOfDwemerLaw,0001B22F,Antecedants of Dwemer Law,,Fandom: Console Commands (Skyrim)/Books,Deep linked-page seed pass: Books
Books,ArcanaRestored,0001ACFE,Arcana Restored,,Fandom: Console Commands (Skyrim)/Books,Deep linked-page seed pass: Books
Books,ArgonianAccountBook1,0001AFD7,"Argonian Account, Book 1",,Fandom: Console Commands (Skyrim)/Books,Deep linked-page seed pass: Books
Books,ArgonianAccountBook2,0001ACE7,"Argonian Account, Book 2",,Fandom: Console Commands (Skyrim)/Books,Deep linked-page seed pass: Books
Books,ArgonianAccountBook3,0001AFFC,"Argonian Account, Book 3",,Fandom: Console Commands (Skyrim)/Books,Deep linked-page seed pass: Books
Books,ArgonianAccountBook4,0001ACE8,"Argonian Account, Book 4",,Fandom: Console Commands (Skyrim)/Books,Deep linked-page seed pass: Books
Books,ArgonianCeremony,000F68A8,Argonian Ceremony,,Fandom: Console Commands (Skyrim)/Books,Deep linked-page seed pass: Books
Books,ArondilSJournalPart1,00080D63,"Arondil's Journal, Part 1",,Fandom: Console Commands (Skyrim)/Books,Deep linked-page seed pass: Books
Books,ArondilSJournalPart2,00080D64,"Arondil's Journal, Part 2",,Fandom: Console Commands (Skyrim)/Books,Deep linked-page seed pass: Books
Books,ArondilSJournalPart3,00080D65,"Arondil's Journal, Part 3",,Fandom: Console Commands (Skyrim)/Books,Deep linked-page seed pass: Books
Books,ArondilSJournalPart4,00080D66,"Arondil's Journal, Part 4",,Fandom: Console Commands (Skyrim)/Books,Deep linked-page seed pass: Books
Books,ArvelSJournal,00039654,Arvel's Journal,,Fandom: Console Commands (Skyrim)/Books,Deep linked-page seed pass: Books
Books,AtlasOfDragons,000FF227,Atlas of Dragons,,Fandom: Console Commands (Skyrim)/Books,Deep linked-page seed pass: Books
Books,AtronachForgeManual,0006CE1C,Atronach Forge Manual,,Fandom: Console Commands (Skyrim)/Books,Deep linked-page seed pass: Books
Books,AtronachForgeRecipe,0010F776,Atronach Forge Recipe,,Fandom: Console Commands (Skyrim)/Books,Deep linked-page seed pass: Books
Books,AtronachForgeRecipe,0010F777,Atronach Forge Recipe,,Fandom: Console Commands (Skyrim)/Books,Deep linked-page seed pass: Books
Books,AtronachForgeRecipe,0010F778,Atronach Forge Recipe,,Fandom: Console Commands (Skyrim)/Books,Deep linked-page seed pass: Books
Books,AtronachForgeRecipe,0010F779,Atronach Forge Recipe,,Fandom: Console Commands (Skyrim)/Books,Deep linked-page seed pass: Books
Books,AtronachForgeRecipe,0010F77A,Atronach Forge Recipe,,Fandom: Console Commands (Skyrim)/Books,Deep linked-page seed pass: Books
Books,AtronachForgeRecipe,0010F76C,Atronach Forge Recipe,,Fandom: Console Commands (Skyrim)/Books,Deep linked-page seed pass: Books
Books,AtronachForgeRecipe,0010F77B,Atronach Forge Recipe,,Fandom: Console Commands (Skyrim)/Books,Deep linked-page seed pass: Books
Books,AtronachForgeRecipe,0010F766,Atronach Forge Recipe,,Fandom: Console Commands (Skyrim)/Books,Deep linked-page seed pass: Books
Books,AtronachForgeRecipe,0010F76D,Atronach Forge Recipe,,Fandom: Console Commands (Skyrim)/Books,Deep linked-page seed pass: Books
Books,AtronachForgeRecipe,0010F76E,Atronach Forge Recipe,,Fandom: Console Commands (Skyrim)/Books,Deep linked-page seed pass: Books
Books,AtronachForgeRecipe,0010F76F,Atronach Forge Recipe,,Fandom: Console Commands (Skyrim)/Books,Deep linked-page seed pass: Books
Books,AtronachForgeRecipe,0010F770,Atronach Forge Recipe,,Fandom: Console Commands (Skyrim)/Books,Deep linked-page seed pass: Books
Books,AtronachForgeRecipe,0010F771,Atronach Forge Recipe,,Fandom: Console Commands (Skyrim)/Books,Deep linked-page seed pass: Books
Books,AtronachForgeRecipe,0010F772,Atronach Forge Recipe,,Fandom: Console Commands (Skyrim)/Books,Deep linked-page seed pass: Books
Books,AtronachForgeRecipe,0010F773,Atronach Forge Recipe,,Fandom: Console Commands (Skyrim)/Books,Deep linked-page seed pass: Books
Books,AtronachForgeRecipe,0010F774,Atronach Forge Recipe,,Fandom: Console Commands (Skyrim)/Books,Deep linked-page seed pass: Books
Books,AtronachForgeRecipe,0010F775,Atronach Forge Recipe,,Fandom: Console Commands (Skyrim)/Books,Deep linked-page seed pass: Books
Books,AtronachForgeRecipe,0010F76B,Atronach Forge Recipe,,Fandom: Console Commands (Skyrim)/Books,Deep linked-page seed pass: Books
Books,AtronachForgeRecipe,0010F76A,Atronach Forge Recipe,,Fandom: Console Commands (Skyrim)/Books,Deep linked-page seed pass: Books
Books,AtronachForgeRecipe,0010F769,Atronach Forge Recipe,,Fandom: Console Commands (Skyrim)/Books,Deep linked-page seed pass: Books
Books,AtronachForgeRecipe,0010F786,Atronach Forge Recipe,,Fandom: Console Commands (Skyrim)/Books,Deep linked-page seed pass: Books
Books,AtronachForgeRecipe,0010F785,Atronach Forge Recipe,,Fandom: Console Commands (Skyrim)/Books,Deep linked-page seed pass: Books
Books,AtronachForgeRecipe,0010F784,Atronach Forge Recipe,,Fandom: Console Commands (Skyrim)/Books,Deep linked-page seed pass: Books
Books,AtronachForgeRecipe,0010F783,Atronach Forge Recipe,,Fandom: Console Commands (Skyrim)/Books,Deep linked-page seed pass: Books
Books,AtronachForgeRecipe,0010F782,Atronach Forge Recipe,,Fandom: Console Commands (Skyrim)/Books,Deep linked-page seed pass: Books
Books,AtronachForgeRecipe,0010F781,Atronach Forge Recipe,,Fandom: Console Commands (Skyrim)/Books,Deep linked-page seed pass: Books
Books,AtronachForgeRecipe,0010F780,Atronach Forge Recipe,,Fandom: Console Commands (Skyrim)/Books,Deep linked-page seed pass: Books
Books,AtronachForgeRecipe,0010F77F,Atronach Forge Recipe,,Fandom: Console Commands (Skyrim)/Books,Deep linked-page seed pass: Books
Books,AtronachForgeRecipe,0010F77E,Atronach Forge Recipe,,Fandom: Console Commands (Skyrim)/Books,Deep linked-page seed pass: Books
Books,AtronachForgeRecipe,0010F77D,Atronach Forge Recipe,,Fandom: Console Commands (Skyrim)/Books,Deep linked-page seed pass: Books
Books,AtronachForgeRecipe,0010F77C,Atronach Forge Recipe,,Fandom: Console Commands (Skyrim)/Books,Deep linked-page seed pass: Books
Books,AttentionEmployees,000F68A0,Attention Employees!,,Fandom: Console Commands (Skyrim)/Books,Deep linked-page seed pass: Books
Books,AzuraAndTheBox,0001ACE9,Azura and the Box,,Fandom: Console Commands (Skyrim)/Books,Deep linked-page seed pass: Books
Books,BalmoraBlueNote,000DC176,Balmora Blue Note,,Fandom: Console Commands (Skyrim)/Books,Deep linked-page seed pass: Books
Books,BanditLeaderSJournal,00078DD2,Bandit Leader's Journal,,Fandom: Console Commands (Skyrim)/Books,Deep linked-page seed pass: Books
Books,BanditSJournal,00083AFB,Bandit's Journal,,Fandom: Console Commands (Skyrim)/Books,Deep linked-page seed pass: Books
Books,BanditSJournal,00083B01,Bandit's Journal,,Fandom: Console Commands (Skyrim)/Books,Deep linked-page seed pass: Books
Books,BattleOfRedMountain,0002F83C,Battle of Red Mountain,,Fandom: Console Commands (Skyrim)/Books,Deep linked-page seed pass: Books
Books,BattleOfSancreTor,0001AFDC,Battle of Sancre Tor,,Fandom: Console Commands (Skyrim)/Books,Deep linked-page seed pass: Books
Books,BeforeTheAgesOfMan,0001B012,Before the Ages of Man,,Fandom: Console Commands (Skyrim)/Books,Deep linked-page seed pass: Books
Books,Beggar,0001AFD6,Beggar,,Fandom: Console Commands (Skyrim)/Books,Deep linked-page seed pass: Books
Books,BeggarPrince,0001ACC7,Beggar Prince,,Fandom: Console Commands (Skyrim)/Books,Deep linked-page seed pass: Books
Books,BewareTheButcher,00021683,Beware the Butcher!,,Fandom: Console Commands (Skyrim)/Books,Deep linked-page seed pass: Books
Books,BiographyOfBarenziahV1,0001ACB5,"Biography of Barenziah, v1",,Fandom: Console Commands (Skyrim)/Books,Deep linked-page seed pass: Books
Books,BiographyOfBarenziahV2,0001ACB6,"Biography of Barenziah, v2",,Fandom: Console Commands (Skyrim)/Books,Deep linked-page seed pass: Books
Books,BiographyOfBarenziahV3,0001ACB7,"Biography of Barenziah, v3",,Fandom: Console Commands (Skyrim)/Books,Deep linked-page seed pass: Books
Books,BiographyOfTheWolfQueen,0001B023,Biography of the Wolf Queen,,Fandom: Console Commands (Skyrim)/Books,Deep linked-page seed pass: Books
Books,BloodHorkerOrders,000C58A6,Blood Horker Orders,,Fandom: Console Commands (Skyrim)/Books,Deep linked-page seed pass: Books
Books,BloodstainedNote,000D397A,Bloodstained note,,Fandom: Console Commands (Skyrim)/Books,Deep linked-page seed pass: Books
Books,BoethiahSGlory,0001B233,Boethiah's Glory,,Fandom: Console Commands (Skyrim)/Books,Deep linked-page seed pass: Books
Books,BoethiahSProving,00032E72,Boethiah's Proving,,Fandom: Console Commands (Skyrim)/Books,Deep linked-page seed pass: Books
Books,BolarSWrit,00083AF6,Bolar's Writ,,Fandom: Console Commands (Skyrim)/Books,Deep linked-page seed pass: Books
Books,Bounty,000BD780,Bounty,,Fandom: Console Commands (Skyrim)/Books,Deep linked-page seed pass: Books
Books,Bounty,000BD791,Bounty,,Fandom: Console Commands (Skyrim)/Books,Deep linked-page seed pass: Books
Books,Bounty,00095129,Bounty,,Fandom: Console Commands (Skyrim)/Books,Deep linked-page seed pass: Books
Books,Bounty,000BC0A2,Bounty,,Fandom: Console Commands (Skyrim)/Books,Deep linked-page seed pass: Books
Books,Bounty,000CBA9B,Bounty,,Fandom: Console Commands (Skyrim)/Books,Deep linked-page seed pass: Books
Books,BreathingWater,0001B236,Breathing Water,,Fandom: Console Commands (Skyrim)/Books,Deep linked-page seed pass: Books
Books,BriefHistoryOfTheEmpireV1,0001ACB9,"Brief History of the Empire, v1",,Fandom: Console Commands (Skyrim)/Books,Deep linked-page seed pass: Books
Books,BriefHistoryOfTheEmpireV2,0001ACBA,"Brief History of the Empire, v2",,Fandom: Console Commands (Skyrim)/Books,Deep linked-page seed pass: Books
Books,BriefHistoryOfTheEmpireV3,0001ACBB,"Brief History of the Empire, v3",,Fandom: Console Commands (Skyrim)/Books,Deep linked-page seed pass: Books
Books,BriefHistoryOfTheEmpireV4,0001ACBC,"Brief History of the Empire, v4",,Fandom: Console Commands (Skyrim)/Books,Deep linked-page seed pass: Books
Books,BrothersOfDarkness,0001ACFF,Brothers of Darkness,,Fandom: Console Commands (Skyrim)/Books,Deep linked-page seed pass: Books
Books,ButcherJournal,00024763,Butcher Journal,,Fandom: Console Commands (Skyrim)/Books,Deep linked-page seed pass: Books
Books,ButcherJournal1,00024737,Butcher Journal #1,,Fandom: Console Commands (Skyrim)/Books,Deep linked-page seed pass: Books
Books,ButcherJournal2,00066182,Butcher Journal #2,,Fandom: Console Commands (Skyrim)/Books,Deep linked-page seed pass: Books
Books,CatalogueOfArmorEnchantments,0002F83B,Catalogue of Armor Enchantments,,Fandom: Console Commands (Skyrim)/Books,Deep linked-page seed pass: Books
Books,CatalogueOfWeaponEnchantments,0002F83A,Catalogue of Weapon Enchantments,,Fandom: Console Commands (Skyrim)/Books,Deep linked-page seed pass: Books
Books,CatsOfSkyrim,000ED605,Cats of Skyrim,,Fandom: Console Commands (Skyrim)/Books,Deep linked-page seed pass: Books
Books,ChanceSFolly,0001B237,Chance's Folly,,Fandom: Console Commands (Skyrim)/Books,Deep linked-page seed pass: Books
Books,CharwichKoniingeLettersV1,0001B238,"Charwich-Koniinge Letters, v1",,Fandom: Console Commands (Skyrim)/Books,Deep linked-page seed pass: Books
Books,CharwichKoniingeLettersV3,0001B23A,"Charwich-Koniinge Letters, v3",,Fandom: Console Commands (Skyrim)/Books,Deep linked-page seed pass: Books
Books,CharwichKoniingeLettersV4,0001B23B,"Charwich-Koniinge Letters, v4",,Fandom: Console Commands (Skyrim)/Books,Deep linked-page seed pass: Books
Books,CharwichKoniingeV2,0001B239,"Charwich-Koniinge, v2",,Fandom: Console Commands (Skyrim)/Books,Deep linked-page seed pass: Books
Books,ChaurusPieARecipe,000ED032,Chaurus Pie: A Recipe,,Fandom: Console Commands (Skyrim)/Books,Deep linked-page seed pass: Books
Books,CherimSHeart,0001AFD1,Cherim's Heart,,Fandom: Console Commands (Skyrim)/Books,Deep linked-page seed pass: Books
Books,ChildrenOfTheSky,0001AD03,Children of the Sky,,Fandom: Console Commands (Skyrim)/Books,Deep linked-page seed pass: Books
Books,Chimarvamidium,0001B22E,Chimarvamidium,,Fandom: Console Commands (Skyrim)/Books,Deep linked-page seed pass: Books
Books,Chimarvamidium,0001AFF8,Chimarvamidium,,Fandom: Console Commands (Skyrim)/Books,Deep linked-page seed pass: Books
Books,ChroniclesOfNchuleft,0001B23C,Chronicles of Nchuleft,,Fandom: Console Commands (Skyrim)/Books,Deep linked-page seed pass: Books
Books,CiceroSJournalFinalVolume,00019514,Cicero's Journal - Final Volume,,Fandom: Console Commands (Skyrim)/Books,Deep linked-page seed pass: Books
Books,CiceroSJournalVolume1,0009DABE,Cicero's Journal - Volume 1,,Fandom: Console Commands (Skyrim)/Books,Deep linked-page seed pass: Books
Books,CiceroSJournalVolume2,0009DAC1,Cicero's Journal - Volume 2,,Fandom: Console Commands (Skyrim)/Books,Deep linked-page seed pass: Books
Books,CiceroSJournalVolume3,0009DAC4,Cicero's Journal - Volume 3,,Fandom: Console Commands (Skyrim)/Books,Deep linked-page seed pass: Books
Books,CiceroSJournalVolume4,0009DAC5,Cicero's Journal - Volume 4,,Fandom: Console Commands (Skyrim)/Books,Deep linked-page seed pass: Books
Books,CleansingOfTheFane,0001AD04,Cleansing of the Fane,,Fandom: Console Commands (Skyrim)/Books,Deep linked-page seed pass: Books
Books,CommanderSNote,00083B05,Commander's Note,,Fandom: Console Commands (Skyrim)/Books,Deep linked-page seed pass: Books
Books,ComplaintLetter,0008AA46,Complaint Letter,,Fandom: Console Commands (Skyrim)/Books,Deep linked-page seed pass: Books
Books,Contract,0004EF00,Contract,,Fandom: Console Commands (Skyrim)/Books,Deep linked-page seed pass: Books
Books,Contract,00035B65,Contract,,Fandom: Console Commands (Skyrim)/Books,Deep linked-page seed pass: Books
Books,CookSJournal,000951AE,Cook's Journal,,Fandom: Console Commands (Skyrim)/Books,Deep linked-page seed pass: Books
Books,CorpseNote,000BA300,Corpse Note,,Fandom: Console Commands (Skyrim)/Books,Deep linked-page seed pass: Books
Books,CourierSLetter,001065F5,Courier's Letter,,Fandom: Console Commands (Skyrim)/Books,Deep linked-page seed pass: Books
Books,CureDiseasePotionRecipe,000F5CB9,Cure Disease Potion Recipe,,Fandom: Console Commands (Skyrim)/Books,Deep linked-page seed pass: Books
Books,CureDiseasePotionRecipe,000F5CB8,Cure Disease Potion Recipe,,Fandom: Console Commands (Skyrim)/Books,Deep linked-page seed pass: Books
Books,DamageHealthPoisonRecipe,000F5CB6,Damage Health Poison Recipe,,Fandom: Console Commands (Skyrim)/Books,Deep linked-page seed pass: Books
Books,DamageHealthPoisonRecipe,000F5CB7,Damage Health Poison Recipe,,Fandom: Console Commands (Skyrim)/Books,Deep linked-page seed pass: Books
Books,DamageHealthPoisonRecipe,000F5CB5,Damage Health Poison Recipe,,Fandom: Console Commands (Skyrim)/Books,Deep linked-page seed pass: Books
Books,DarkBrotherhoodAssassinSNote,0010596A,Dark Brotherhood Assassin's Note,,Fandom: Console Commands (Skyrim)/Books,Deep linked-page seed pass: Books
Books,DarkestDarkness,0001ACC9,Darkest Darkness,,Fandom: Console Commands (Skyrim)/Books,Deep linked-page seed pass: Books
Books,DaughterOfTheNiben,0001AFC9,Daughter of the Niben,,Fandom: Console Commands (Skyrim)/Books,Deep linked-page seed pass: Books
Books,DaynasValenSJournal,00085FE2,Daynas Valen's Journal,,Fandom: Console Commands (Skyrim)/Books,Deep linked-page seed pass: Books
Books,DaynasValenSNotes,00085FE3,Daynas Valen's Notes,,Fandom: Console Commands (Skyrim)/Books,Deep linked-page seed pass: Books
Books,DeRerumDirennis,0001AFC7,De Rerum Dirennis,,Fandom: Console Commands (Skyrim)/Books,Deep linked-page seed pass: Books
Books,DeathBlowOfAbernanit,0001AFDD,Death Blow of Abernanit,,Fandom: Console Commands (Skyrim)/Books,Deep linked-page seed pass: Books
Books,DeathOfAWanderer,000ED040,Death of a Wanderer,,Fandom: Console Commands (Skyrim)/Books,Deep linked-page seed pass: Books
Books,DecreeOfMonument,000D55D9,Decree of Monument,,Fandom: Console Commands (Skyrim)/Books,Deep linked-page seed pass: Books
Books,DragonInvestigationCurrentStatus,00039F2A,Dragon Investigation: Current Status,,Fandom: Console Commands (Skyrim)/Books,Deep linked-page seed pass: Books
Books,DragonLanguageMythNoMore,000EF2C0,Dragon Language: Myth no More,,Fandom: Console Commands (Skyrim)/Books,Deep linked-page seed pass: Books
Books,DrystonSNote,000D672A,Dryston's Note,,Fandom: Console Commands (Skyrim)/Books,Deep linked-page seed pass: Books
Books,DunmerOfSkyrim,000E2FC5,Dunmer of Skyrim,,Fandom: Console Commands (Skyrim)/Books,Deep linked-page seed pass: Books
Books,DwarvesV1,00083168,"Dwarves, v1",,Fandom: Console Commands (Skyrim)/Books,Deep linked-page seed pass: Books
Books,DwarvesV2,00083169,"Dwarves, v2",,Fandom: Console Commands (Skyrim)/Books,Deep linked-page seed pass: Books
Books,DwarvesV3,0008316A,"Dwarves, v3",,Fandom: Console Commands (Skyrim)/Books,Deep linked-page seed pass: Books
Books,DwemerHistoryAndCulture,0001ACEA,Dwemer History and Culture,,Fandom: Console Commands (Skyrim)/Books,Deep linked-page seed pass: Books
Books,DwemerInquiriesVolI,000E7F31,Dwemer Inquiries Vol I,,Fandom: Console Commands (Skyrim)/Books,Deep linked-page seed pass: Books
Books,DwemerInquiriesVolIi,000E7F33,Dwemer Inquiries Vol II,,Fandom: Console Commands (Skyrim)/Books,Deep linked-page seed pass: Books
Books,DwemerInquiriesVolIii,000E7F34,Dwemer Inquiries Vol III,,Fandom: Console Commands (Skyrim)/Books,Deep linked-page seed pass: Books
Books,EastEmpireConnection,000F6932,East Empire Connection,,Fandom: Console Commands (Skyrim)/Books,Deep linked-page seed pass: Books
Books,EffectsOfTheElderScrolls,0003010B,Effects of the Elder Scrolls,,Fandom: Console Commands (Skyrim)/Books,Deep linked-page seed pass: Books
Books,EisaSJournal,000D0BF6,Eisa's Journal,,Fandom: Console Commands (Skyrim)/Books,Deep linked-page seed pass: Books
Books,ElderScroll,00048782,Elder Scroll,,Fandom: Console Commands (Skyrim)/Books,Deep linked-page seed pass: Books
Books,ElderScroll,0002D513,Elder Scroll,,Fandom: Console Commands (Skyrim)/Books,Deep linked-page seed pass: Books
Books,EltrysNote,000D1955,Eltrys' Note,,Fandom: Console Commands (Skyrim)/Books,Deep linked-page seed pass: Books
Books,EnchanterSPrimer,0002F837,Enchanter's Primer,,Fandom: Console Commands (Skyrim)/Books,Deep linked-page seed pass: Books
Books,EndrastSJournal,0008ACD0,Endrast's Journal,,Fandom: Console Commands (Skyrim)/Books,Deep linked-page seed pass: Books
Books,ErjSNotes,000C084B,Erj's Notes,,Fandom: Console Commands (Skyrim)/Books,Deep linked-page seed pass: Books
Books,ExpeditionManifest,0008ACD1,Expedition Manifest,,Fandom: Console Commands (Skyrim)/Books,Deep linked-page seed pass: Books
Books,EyesOpen,000F692F,Eyes Open,,Fandom: Console Commands (Skyrim)/Books,Deep linked-page seed pass: Books
Books,FadedDiary,000F0422,Faded Diary,,Fandom: Console Commands (Skyrim)/Books,Deep linked-page seed pass: Books
Books,FaendalSFakeLetterFromSven,0005C846,Faendal's Fake Letter from Sven,,Fandom: Console Commands (Skyrim)/Books,Deep linked-page seed pass: Books
Books,FaleenSLetterToCalcelmo,00026EFE,Faleen's Letter to Calcelmo,,Fandom: Console Commands (Skyrim)/Books,Deep linked-page seed pass: Books
Books,FallFromGlory,000ED033,Fall from Glory,,Fandom: Console Commands (Skyrim)/Books,Deep linked-page seed pass: Books
Books,FallOfTheSnowPrince,0001ACF7,Fall of the Snow Prince,,Fandom: Console Commands (Skyrim)/Books,Deep linked-page seed pass: Books
Books,FaraldaSNotes,0005D2EA,Faralda's Notes,,Fandom: Console Commands (Skyrim)/Books,Deep linked-page seed pass: Books
Books,FatherOfTheNiben,0001B008,Father Of The Niben,,Fandom: Console Commands (Skyrim)/Books,Deep linked-page seed pass: Books
Books,FatherSMissive,00037F89,Father's Missive,,Fandom: Console Commands (Skyrim)/Books,Deep linked-page seed pass: Books
Books,FearPoisonRecipe,000F5CC2,Fear Poison Recipe,,Fandom: Console Commands (Skyrim)/Books,Deep linked-page seed pass: Books
Books,FearPoisonRecipe,000F5CC1,Fear Poison Recipe,,Fandom: Console Commands (Skyrim)/Books,Deep linked-page seed pass: Books
Books,FeyfolkenI,0001ACEB,Feyfolken I,,Fandom: Console Commands (Skyrim)/Books,Deep linked-page seed pass: Books
Books,FeyfolkenIi,0001ACEC,Feyfolken II,,Fandom: Console Commands (Skyrim)/Books,Deep linked-page seed pass: Books
Books,FeyfolkenIii,0001ACED,Feyfolken III,,Fandom: Console Commands (Skyrim)/Books,Deep linked-page seed pass: Books
Books,FinalLesson,0001B267,Final Lesson,,Fandom: Console Commands (Skyrim)/Books,Deep linked-page seed pass: Books
Books,FireAndDarkness,0001AFDA,Fire and Darkness,,Fandom: Console Commands (Skyrim)/Books,Deep linked-page seed pass: Books
Books,FirstLetterFromLinwe,000D7773,First Letter from Linwe,,Fandom: Console Commands (Skyrim)/Books,Deep linked-page seed pass: Books
Books,FishermanSJournal,0007F667,Fisherman's Journal,,Fandom: Console Commands (Skyrim)/Books,Deep linked-page seed pass: Books
Books,FishermanSJournal,00088FE2,Fisherman's Journal,,Fandom: Console Commands (Skyrim)/Books,Deep linked-page seed pass: Books
Books,FiveSongsOfKingWulfharth,0001AD05,Five Songs of King Wulfharth,,Fandom: Console Commands (Skyrim)/Books,Deep linked-page seed pass: Books
Books,FlightFromTheThalmor,000ED04E,Flight from the Thalmor,,Fandom: Console Commands (Skyrim)/Books,Deep linked-page seed pass: Books
Books,ForShelly,000BB3D3,For Shelly,,Fandom: Console Commands (Skyrim)/Books,Deep linked-page seed pass: Books
Books,ForgeHammerAndAnvil,000E3E69,"Forge, Hammer and Anvil",,Fandom: Console Commands (Skyrim)/Books,Deep linked-page seed pass: Books
Books,ForswornMissive,000A4CE2,Forsworn Missive,,Fandom: Console Commands (Skyrim)/Books,Deep linked-page seed pass: Books
Books,ForswornNote,00083B0B,Forsworn Note,,Fandom: Console Commands (Skyrim)/Books,Deep linked-page seed pass: Books
Books,ForswornNote,00083AE3,Forsworn Note,,Fandom: Console Commands (Skyrim)/Books,Deep linked-page seed pass: Books
Books,FortNeugradTreasureMap,000F33D2,Fort Neugrad Treasure Map,,Fandom: Console Commands (Skyrim)/Books,Deep linked-page seed pass: Books
Books,FortifyCarryWeightPotionRecipe,000F5CC7,Fortify Carry Weight Potion Recipe,,Fandom: Console Commands (Skyrim)/Books,Deep linked-page seed pass: Books
Books,FortifyCarryWeightPotionRecipe,000F5CC6,Fortify Carry Weight Potion Recipe,,Fandom: Console Commands (Skyrim)/Books,Deep linked-page seed pass: Books
Books,FragmentOnArtaeum,00072841,Fragment: On Artaeum,,Fandom: Console Commands (Skyrim)/Books,Deep linked-page seed pass: Books
Books,FragmentOnArtaeum,0001AD06,Fragment: On Artaeum,,Fandom: Console Commands (Skyrim)/Books,Deep linked-page seed pass: Books
Books,FrontierConquest,0001ACCB,"Frontier, Conquest",,Fandom: Console Commands (Skyrim)/Books,Deep linked-page seed pass: Books
Books,FrostSIdentityPapers,000E8BDB,Frost's Identity Papers,,Fandom: Console Commands (Skyrim)/Books,Deep linked-page seed pass: Books
Books,GaiusMaroSSchedule,00015475,Gaius Maro's Schedule,,Fandom: Console Commands (Skyrim)/Books,Deep linked-page seed pass: Books
Books,GalerionTheMystic,0001ACCD,Galerion The Mystic,,Fandom: Console Commands (Skyrim)/Books,Deep linked-page seed pass: Books
Books,GallusSEncodedJournal,000CEDA6,Gallus's Encoded Journal,,Fandom: Console Commands (Skyrim)/Books,Deep linked-page seed pass: Books
Books,GallusSJournal,0001BB6D,Gallus's Journal,,Fandom: Console Commands (Skyrim)/Books,Deep linked-page seed pass: Books
Books,GeirmundSEpitaph,000E7A33,Geirmund's Epitaph,,Fandom: Console Commands (Skyrim)/Books,Deep linked-page seed pass: Books
Books,GhostsInTheStorm,000ED031,Ghosts in the Storm,,Fandom: Console Commands (Skyrim)/Books,Deep linked-page seed pass: Books
Books,GissurSNote,0006DEB6,Gissur's Note,,Fandom: Console Commands (Skyrim)/Books,Deep linked-page seed pass: Books
Books,GiveMeAChance,000F692A,Give Me A Chance,,Fandom: Console Commands (Skyrim)/Books,Deep linked-page seed pass: Books
Books,GloriesAndLaments,0001AD07,Glories and Laments,,Fandom: Console Commands (Skyrim)/Books,Deep linked-page seed pass: Books
Books,GodsAndWorship,0001ACD5,Gods and Worship,,Fandom: Console Commands (Skyrim)/Books,Deep linked-page seed pass: Books
Books,Goldenglow,000F692E,Goldenglow,,Fandom: Console Commands (Skyrim)/Books,Deep linked-page seed pass: Books
Books,GoldenglowBillOfSale,0007A508,Goldenglow Bill of Sale,,Fandom: Console Commands (Skyrim)/Books,Deep linked-page seed pass: Books
Books,GoldenglowBillOfSale,0004C6C8,Goldenglow Bill of Sale,,Fandom: Console Commands (Skyrim)/Books,Deep linked-page seed pass: Books
Books,GormSLetter,000AD8DE,Gorm's Letter,,Fandom: Console Commands (Skyrim)/Books,Deep linked-page seed pass: Books
Books,GourmetSWritOfPassage,0003BEB6,Gourmet's Writ of Passage,,Fandom: Console Commands (Skyrim)/Books,Deep linked-page seed pass: Books
Books,GreatHarbingers,000ED047,Great Harbingers,,Fandom: Console Commands (Skyrim)/Books,Deep linked-page seed pass: Books
Books,GuardSOrders,000E94DF,Guard's Orders,,Fandom: Console Commands (Skyrim)/Books,Deep linked-page seed pass: Books
Books,GuideToBetterThieving,0002F836,Guide to Better Thieving,,Fandom: Console Commands (Skyrim)/Books,Deep linked-page seed pass: Books
Books,GulumEiSConfession,000EF579,Gulum-Ei's Confession,,Fandom: Console Commands (Skyrim)/Books,Deep linked-page seed pass: Books
Books,HabdSDeathLetter,0004811F,Habd's Death Letter,,Fandom: Console Commands (Skyrim)/Books,Deep linked-page seed pass: Books
Books,HabdSJournal,00048160,Habd's Journal,,Fandom: Console Commands (Skyrim)/Books,Deep linked-page seed pass: Books
Books,HajvarrSJournal,000E1647,Hajvarr's Journal,,Fandom: Console Commands (Skyrim)/Books,Deep linked-page seed pass: Books
Books,HallgerdSTale,0001AFF6,Hallgerd's Tale,,Fandom: Console Commands (Skyrim)/Books,Deep linked-page seed pass: Books
Books,HamelynSJournal,0010B2CD,Hamelyn's Journal,,Fandom: Console Commands (Skyrim)/Books,Deep linked-page seed pass: Books
Books,HangingGardens,0001AD08,Hanging Gardens,,Fandom: Console Commands (Skyrim)/Books,Deep linked-page seed pass: Books
Books,HargarSJournal,000BABB4,Hargar's Journal,,Fandom: Console Commands (Skyrim)/Books,Deep linked-page seed pass: Books
Books,HarvestingFrostbiteSpiderVenom,000ED603,Harvesting Frostbite Spider Venom,,Fandom: Console Commands (Skyrim)/Books,Deep linked-page seed pass: Books
Books,HastilyScribbledNote,000F23BA,Hastily Scribbled Note,,Fandom: Console Commands (Skyrim)/Books,Deep linked-page seed pass: Books
Books,HaveNeedOfCynric,000F6933,Have Need of Cynric,,Fandom: Console Commands (Skyrim)/Books,Deep linked-page seed pass: Books
Books,HaveNeedOfCynric,000F6931,Have Need of Cynric,,Fandom: Console Commands (Skyrim)/Books,Deep linked-page seed pass: Books
Books,HeavyArmorForging,0001AFD2,Heavy Armor Forging,,Fandom: Console Commands (Skyrim)/Books,Deep linked-page seed pass: Books
Books,HeddicSVolunruudNotes,0008AD99,Heddic's Volunruud Notes,,Fandom: Console Commands (Skyrim)/Books,Deep linked-page seed pass: Books
Books,HerbalistSGuideToSkyrim,0001AFC8,Herbalist's Guide to Skyrim,,Fandom: Console Commands (Skyrim)/Books,Deep linked-page seed pass: Books
Books,HerbaneSBestiaryAutomatons,000ED60C,Herbane's Bestiary: Automatons,,Fandom: Console Commands (Skyrim)/Books,Deep linked-page seed pass: Books
Books,HerbaneSBestiaryHagravens,000ED60B,Herbane's Bestiary: Hagravens,,Fandom: Console Commands (Skyrim)/Books,Deep linked-page seed pass: Books
Books,HerbaneSBestiaryIceWraiths,000D6F0B,Herbane's Bestiary: Ice Wraiths,,Fandom: Console Commands (Skyrim)/Books,Deep linked-page seed pass: Books
Books,HiredThugSMissive,000F98B4,Hired Thug's Missive,,Fandom: Console Commands (Skyrim)/Books,Deep linked-page seed pass: Books
Books,HoldingsOfJarlGjalund,000FBA57,Holdings of Jarl Gjalund,,Fandom: Console Commands (Skyrim)/Books,Deep linked-page seed pass: Books
Books,HorkerAttacks,000ED604,Horker Attacks,,Fandom: Console Commands (Skyrim)/Books,Deep linked-page seed pass: Books
Books,HorrorOfCastleXyr,0001AFEC,Horror of Castle Xyr,,Fandom: Console Commands (Skyrim)/Books,Deep linked-page seed pass: Books
Books,HunterSJournal,000993FC,Hunter's Journal,,Fandom: Console Commands (Skyrim)/Books,Deep linked-page seed pass: Books
Books,HunterSJournal,000F54D4,Hunter's Journal,,Fandom: Console Commands (Skyrim)/Books,Deep linked-page seed pass: Books
Books,IceAndChitin,0001B001,Ice and Chitin,,Fandom: Console Commands (Skyrim)/Books,Deep linked-page seed pass: Books
Books,IdgrodSNote,000940DD,Idgrod's Note,,Fandom: Console Commands (Skyrim)/Books,Deep linked-page seed pass: Books
Books,ImmortalBlood,0001AFF1,Immortal Blood,,Fandom: Console Commands (Skyrim)/Books,Deep linked-page seed pass: Books
Books,ImperialCondolences,0009020C,Imperial Condolences,,Fandom: Console Commands (Skyrim)/Books,Deep linked-page seed pass: Books
Books,ImperialLetter,00083AED,Imperial Letter,,Fandom: Console Commands (Skyrim)/Books,Deep linked-page seed pass: Books
Books,ImperialMissive,00083AFD,Imperial Missive,,Fandom: Console Commands (Skyrim)/Books,Deep linked-page seed pass: Books
Books,ImperialMissive,00039C8E,Imperial Missive,,Fandom: Console Commands (Skyrim)/Books,Deep linked-page seed pass: Books
Books,ImperialOrder,000524DA,Imperial Order,,Fandom: Console Commands (Skyrim)/Books,Deep linked-page seed pass: Books
Books,ImperialReportOnSaarthal,000EDA90,Imperial Report on Saarthal,,Fandom: Console Commands (Skyrim)/Books,Deep linked-page seed pass: Books
Books,IncidentAtNecrom,0001B00F,Incident at Necrom,,Fandom: Console Commands (Skyrim)/Books,Deep linked-page seed pass: Books
Books,IncriminatingLetter,000749B5,Incriminating Letter,,Fandom: Console Commands (Skyrim)/Books,Deep linked-page seed pass: Books
Books,IncriminatingLetter,000E0BA1,Incriminating Letter,,Fandom: Console Commands (Skyrim)/Books,Deep linked-page seed pass: Books
Books,IncriminatingLetter,00050502,Incriminating Letter,,Fandom: Console Commands (Skyrim)/Books,Deep linked-page seed pass: Books
Books,InvisibilityPotionRecipe,000F5CB3,Invisibility Potion Recipe,,Fandom: Console Commands (Skyrim)/Books,Deep linked-page seed pass: Books
Books,InvisibilityPotionRecipe,000F5CB4,Invisibility Potion Recipe,,Fandom: Console Commands (Skyrim)/Books,Deep linked-page seed pass: Books
Books,InvitationToElenwenSReception,00042396,Invitation to Elenwen's Reception,,Fandom: Console Commands (Skyrim)/Books,Deep linked-page seed pass: Books
Books,InvocationOfAzura,0001B245,Invocation of Azura,,Fandom: Console Commands (Skyrim)/Books,Deep linked-page seed pass: Books
Books,IsabelleSLetter,00064EB2,Isabelle's Letter,,Fandom: Console Commands (Skyrim)/Books,Deep linked-page seed pass: Books
Books,JDatharrSNote,0005437D,J'datharr's Note,,Fandom: Console Commands (Skyrim)/Books,Deep linked-page seed pass: Books
Books,JZharSJournal,000F03E5,J'zhar's Journal,,Fandom: Console Commands (Skyrim)/Books,Deep linked-page seed pass: Books
Books,JaphetSJournal,000F6844,Japhet's Journal,,Fandom: Console Commands (Skyrim)/Books,Deep linked-page seed pass: Books
Books,JornibretSLastDance,0001B002,Jornibret's Last Dance,,Fandom: Console Commands (Skyrim)/Books,Deep linked-page seed pass: Books
Books,Journal,00077536,Journal,,Fandom: Console Commands (Skyrim)/Books,Deep linked-page seed pass: Books
Books,Journal,000DC198,Journal,,Fandom: Console Commands (Skyrim)/Books,Deep linked-page seed pass: Books
Books,Journal,0008E5DF,Journal,,Fandom: Console Commands (Skyrim)/Books,Deep linked-page seed pass: Books
Books,JournalOfDrokt,00026D85,Journal of Drokt,,Fandom: Console Commands (Skyrim)/Books,Deep linked-page seed pass: Books
Books,JusticiarExecutionOrder,000BA0BE,Justiciar Execution Order,,Fandom: Console Commands (Skyrim)/Books,Deep linked-page seed pass: Books
Books,KaranSJournal,0003A06F,Karan's Journal,,Fandom: Console Commands (Skyrim)/Books,Deep linked-page seed pass: Books
Books,KillingBeforeYouReKilled,000EDD35,Killing - Before You're Killed,,Fandom: Console Commands (Skyrim)/Books,Deep linked-page seed pass: Books
Books,King,0001AFE5,King,,Fandom: Console Commands (Skyrim)/Books,Deep linked-page seed pass: Books
Books,KingOlafSVerse,000AE324,King Olaf's Verse,,Fandom: Console Commands (Skyrim)/Books,Deep linked-page seed pass: Books
Books,KodlakSJournal,000F6841,Kodlak's Journal,,Fandom: Console Commands (Skyrim)/Books,Deep linked-page seed pass: Books
Books,KolbTheDragon,000EF53E,Kolb & the Dragon,,Fandom: Console Commands (Skyrim)/Books,Deep linked-page seed pass: Books
Books,KragSJournal,000C36EF,Krag's Journal,,Fandom: Console Commands (Skyrim)/Books,Deep linked-page seed pass: Books
Books,KyrSBounty,000D07B2,Kyr's Bounty,,Fandom: Console Commands (Skyrim)/Books,Deep linked-page seed pass: Books
Books,KyrSLog,000D0E4E,Kyr's Log,,Fandom: Console Commands (Skyrim)/Books,Deep linked-page seed pass: Books
Books,LastKingOfTheAyleids,0001AD09,Last King of the Ayleids,,Fandom: Console Commands (Skyrim)/Books,Deep linked-page seed pass: Books
Books,LastScabbardOfAkrash,0001AFCF,Last Scabbard of Akrash,,Fandom: Console Commands (Skyrim)/Books,Deep linked-page seed pass: Books
Books,LegendOfKratelyHouse,0001B021,Legend of Krately House,,Fandom: Console Commands (Skyrim)/Books,Deep linked-page seed pass: Books
Books,LifeOfUrielSeptimVii,0001ACDC,Life of Uriel Septim VII,,Fandom: Console Commands (Skyrim)/Books,Deep linked-page seed pass: Books
Books,LightArmorForging,0001AFD0,Light Armor Forging,,Fandom: Console Commands (Skyrim)/Books,Deep linked-page seed pass: Books
Books,LiminalBridges,0001AFE8,Liminal Bridges,,Fandom: Console Commands (Skyrim)/Books,Deep linked-page seed pass: Books
Books,LorcalinSOrders,000DD99C,Lorcalin's Orders,,Fandom: Console Commands (Skyrim)/Books,Deep linked-page seed pass: Books
Books,LostLegends,000ED608,Lost Legends,,Fandom: Console Commands (Skyrim)/Books,Deep linked-page seed pass: Books
Books,LovePoem,000211D7,Love Poem,,Fandom: Console Commands (Skyrim)/Books,Deep linked-page seed pass: Books
Books,LuAhSJournal,00090213,Lu'ah's Journal,,Fandom: Console Commands (Skyrim)/Books,Deep linked-page seed pass: Books
Books,LycanthropicLegendsOfSkyrim,000ED042,Lycanthropic Legends of Skyrim,,Fandom: Console Commands (Skyrim)/Books,Deep linked-page seed pass: Books
Books,LymdrennTenvanniSJournal,000E82BE,Lymdrenn Tenvanni's Journal,,Fandom: Console Commands (Skyrim)/Books,Deep linked-page seed pass: Books
Books,MaceEtiquette,0001AFE6,Mace Etiquette,,Fandom: Console Commands (Skyrim)/Books,Deep linked-page seed pass: Books
Books,MadanachSNote,000E2513,Madanach's Note,,Fandom: Console Commands (Skyrim)/Books,Deep linked-page seed pass: Books
Books,MagicFromTheSky,0001ACF1,Magic from the Sky,,Fandom: Console Commands (Skyrim)/Books,Deep linked-page seed pass: Books
Books,MalurilSJournal,0006BE25,Maluril's Journal,,Fandom: Console Commands (Skyrim)/Books,Deep linked-page seed pass: Books
Books,MalynVarenSGrimoire,00028ADC,Malyn Varen's Grimoire,,Fandom: Console Commands (Skyrim)/Books,Deep linked-page seed pass: Books
Books,ManiSLetter,000D0968,Mani's Letter,,Fandom: Console Commands (Skyrim)/Books,Deep linked-page seed pass: Books
Books,MannimarcoKingOfWorms,0001AFC5,"Mannimarco, King of Worms",,Fandom: Console Commands (Skyrim)/Books,Deep linked-page seed pass: Books
Books,ManyThanks,000F689B,Many Thanks,,Fandom: Console Commands (Skyrim)/Books,Deep linked-page seed pass: Books
Books,MaraSmilesUponYou,000F68A7,Mara Smiles Upon You!,,Fandom: Console Commands (Skyrim)/Books,Deep linked-page seed pass: Books
Books,MargretSJournal,000D3E6B,Margret's Journal,,Fandom: Console Commands (Skyrim)/Books,Deep linked-page seed pass: Books
Books,MarkarthHomeDecoratingGuide,000F1445,Markarth Home Decorating Guide,,Fandom: Console Commands (Skyrim)/Books,Deep linked-page seed pass: Books
Books,MasterIllusionText,000B3236,Master Illusion Text,,Fandom: Console Commands (Skyrim)/Books,Deep linked-page seed pass: Books
Books,MasterIllusionText,000B3237,Master Illusion Text,,Fandom: Console Commands (Skyrim)/Books,Deep linked-page seed pass: Books
Books,MasterIllusionText,000B3238,Master Illusion Text,,Fandom: Console Commands (Skyrim)/Books,Deep linked-page seed pass: Books
Books,MasterIllusionText,000B3239,Master Illusion Text,,Fandom: Console Commands (Skyrim)/Books,Deep linked-page seed pass: Books
Books,MedresiSNotes,000B716A,Medresi's Notes,,Fandom: Console Commands (Skyrim)/Books,Deep linked-page seed pass: Books
Books,MerchantSJournal,000DD125,Merchant's Journal,,Fandom: Console Commands (Skyrim)/Books,Deep linked-page seed pass: Books
Books,MiddenIncidentReport,000D30C8,Midden Incident Report,,Fandom: Console Commands (Skyrim)/Books,Deep linked-page seed pass: Books
Books,MinerSJournal,00055549,Miner's Journal,,Fandom: Console Commands (Skyrim)/Books,Deep linked-page seed pass: Books
Books,MixedUnitTactics,0001ACD1,Mixed Unit Tactics,,Fandom: Console Commands (Skyrim)/Books,Deep linked-page seed pass: Books
Books,MuseumPamphlet,00094D8B,Museum Pamphlet,,Fandom: Console Commands (Skyrim)/Books,Deep linked-page seed pass: Books
Books,MysteriousAkavir,0001ACD4,Mysterious Akavir,,Fandom: Console Commands (Skyrim)/Books,Deep linked-page seed pass: Books
Books,MysteriousNote,0003031F,Mysterious Note,,Fandom: Console Commands (Skyrim)/Books,Deep linked-page seed pass: Books
Books,MysteriousNote,0005224A,Mysterious Note,,Fandom: Console Commands (Skyrim)/Books,Deep linked-page seed pass: Books
Books,MysteryOfTalaraPart4,0001B013,"Mystery of Talara, Part 4",,Fandom: Console Commands (Skyrim)/Books,Deep linked-page seed pass: Books
Books,MysteryOfTalaraV1,0001AFC3,"Mystery of Talara, v 1",,Fandom: Console Commands (Skyrim)/Books,Deep linked-page seed pass: Books
Books,MysteryOfTalaraV2,0001B018,"Mystery of Talara, v 2",,Fandom: Console Commands (Skyrim)/Books,Deep linked-page seed pass: Books
Books,MysteryOfTalaraV3,0001AFF0,"Mystery of Talara, v3",,Fandom: Console Commands (Skyrim)/Books,Deep linked-page seed pass: Books
Books,MysteryOfTalaraV5,0001ACF5,"Mystery of Talara, v5",,Fandom: Console Commands (Skyrim)/Books,Deep linked-page seed pass: Books
Books,MythicDawnCommentaries1,00086EF8,Mythic Dawn Commentaries 1,,Fandom: Console Commands (Skyrim)/Books,Deep linked-page seed pass: Books
Books,MythicDawnCommentaries2,00086EF9,Mythic Dawn Commentaries 2,,Fandom: Console Commands (Skyrim)/Books,Deep linked-page seed pass: Books
Books,MythicDawnCommentaries3,00086EFA,Mythic Dawn Commentaries 3,,Fandom: Console Commands (Skyrim)/Books,Deep linked-page seed pass: Books
Books,MythicDawnCommentaries4,00086EFB,Mythic Dawn Commentaries 4,,Fandom: Console Commands (Skyrim)/Books,Deep linked-page seed pass: Books
Books,MythsOfSheogorath,0001ACB8,Myths of Sheogorath,,Fandom: Console Commands (Skyrim)/Books,Deep linked-page seed pass: Books
Books,MzinchaleftGuardSNote,000DB0D7,Mzinchaleft Guard's Note,,Fandom: Console Commands (Skyrim)/Books,Deep linked-page seed pass: Books
Books,MzinchaleftWorkOrder,00088FE8,Mzinchaleft Work Order,,Fandom: Console Commands (Skyrim)/Books,Deep linked-page seed pass: Books
Books,NGastaKvataKvakis,0001AD0E,N'Gasta! Kvata! Kvakis!,,Fandom: Console Commands (Skyrim)/Books,Deep linked-page seed pass: Books
Books,NecromancerSLetter,00083B08,Necromancer's Letter,,Fandom: Console Commands (Skyrim)/Books,Deep linked-page seed pass: Books
Books,NeposSJournal,000D672B,Nepos's Journal,,Fandom: Console Commands (Skyrim)/Books,Deep linked-page seed pass: Books
Books,NerevarMoonAndStar,0001AD0D,Nerevar Moon and Star,,Fandom: Console Commands (Skyrim)/Books,Deep linked-page seed pass: Books
Books,NightFallsOnSentinel,0001AFE4,Night Falls on Sentinel,,Fandom: Console Commands (Skyrim)/Books,Deep linked-page seed pass: Books
Books,NightOfTears,0004D249,Night of Tears,,Fandom: Console Commands (Skyrim)/Books,Deep linked-page seed pass: Books
Books,NightingalesFactOrFiction,000ED039,Nightingales: Fact or Fiction?,,Fandom: Console Commands (Skyrim)/Books,Deep linked-page seed pass: Books
Books,NoWordYet,000F692C,No Word Yet,,Fandom: Console Commands (Skyrim)/Books,Deep linked-page seed pass: Books
Books,NordsArise,000ED161,Nords Arise!,,Fandom: Console Commands (Skyrim)/Books,Deep linked-page seed pass: Books
Books,NordsOfSkyrim,000E0D66,Nords of Skyrim,,Fandom: Console Commands (Skyrim)/Books,Deep linked-page seed pass: Books
Books,NoteForelhost1,0006F63C,Note (Forelhost 1),,Fandom: Console Commands (Skyrim)/Books,Deep linked-page seed pass: Books
Books,NoteForelhost2,0006DFAF,Note (Forelhost 2),,Fandom: Console Commands (Skyrim)/Books,Deep linked-page seed pass: Books
Books,NoteMistwatch,000C0136,Note (Mistwatch),,Fandom: Console Commands (Skyrim)/Books,Deep linked-page seed pass: Books
Books,NoteStormcloak,000D120C,Note (Stormcloak),,Fandom: Console Commands (Skyrim)/Books,Deep linked-page seed pass: Books
Books,NoteTreasure,000D1246,Note (Treasure),,Fandom: Console Commands (Skyrim)/Books,Deep linked-page seed pass: Books
Books,NoteBlackHand,000C2BE4,Note (Black Hand),,Fandom: Console Commands (Skyrim)/Books,Deep linked-page seed pass: Books
Books,NoteGreenwall,0008B471,Note (Greenwall),,Fandom: Console Commands (Skyrim)/Books,Deep linked-page seed pass: Books
Books,NoteFromJareeRa,000F23E0,Note From Jaree-Ra,,Fandom: Console Commands (Skyrim)/Books,Deep linked-page seed pass: Books
Books,NoteFromMaven,000F68A3,Note from Maven,,Fandom: Console Commands (Skyrim)/Books,Deep linked-page seed pass: Books
Books,NoteFromAgna,000BC6FD,Note from Agna,,Fandom: Console Commands (Skyrim)/Books,Deep linked-page seed pass: Books
Books,NoteToRhorlak,00078621,Note to Rhorlak,,Fandom: Console Commands (Skyrim)/Books,Deep linked-page seed pass: Books
Books,NoteToRodulf,000E163F,Note to Rodulf,,Fandom: Console Commands (Skyrim)/Books,Deep linked-page seed pass: Books
Books,NoteToThomas,000C3B1A,Note to Thomas,,Fandom: Console Commands (Skyrim)/Books,Deep linked-page seed pass: Books
Books,NoteToTheAuthorities,0009793A,Note to the Authorities,,Fandom: Console Commands (Skyrim)/Books,Deep linked-page seed pass: Books
Books,NotesOnTheLunarForge,00063A0F,Notes On The Lunar Forge,,Fandom: Console Commands (Skyrim)/Books,Deep linked-page seed pass: Books
Books,NotesOnYngolBarrow,000B6426,Notes on Yngol Barrow,,Fandom: Console Commands (Skyrim)/Books,Deep linked-page seed pass: Books
Books,Notice,0008ACCC,Notice,,Fandom: Console Commands (Skyrim)/Books,Deep linked-page seed pass: Books
Books,NoticeOfCostIncrease,000F68A6,Notice of Cost Increase,,Fandom: Console Commands (Skyrim)/Books,Deep linked-page seed pass: Books
Books,NystromSJournal,000FF207,Nystrom's Journal,,Fandom: Console Commands (Skyrim)/Books,Deep linked-page seed pass: Books
Books,OdeToTheTundrastriders,000ED607,Ode To The Tundrastriders,,Fandom: Console Commands (Skyrim)/Books,Deep linked-page seed pass: Books
Books,OfCrossedDaggers,000ED035,Of Crossed Daggers,,Fandom: Console Commands (Skyrim)/Books,Deep linked-page seed pass: Books
Books,OfFjoriAndHolgeir,000B64B1,Of Fjori and Holgeir,,Fandom: Console Commands (Skyrim)/Books,Deep linked-page seed pass: Books
Books,OfficialWarning,00068253,Official warning,,Fandom: Console Commands (Skyrim)/Books,Deep linked-page seed pass: Books
Books,OghmaInfinium,0001A332,Oghma Infinium,,Fandom: Console Commands (Skyrim)/Books,Deep linked-page seed pass: Books
Books,OlafAndTheDragon,000EB090,Olaf and the Dragon,,Fandom: Console Commands (Skyrim)/Books,Deep linked-page seed pass: Books
Books,OldTome,0008F741,Old Tome,,Fandom: Console Commands (Skyrim)/Books,Deep linked-page seed pass: Books
Books,OnOblivion,0001ACF3,On Oblivion,,Fandom: Console Commands (Skyrim)/Books,Deep linked-page seed pass: Books
Books,OnSteppingLightly,000ED037,On Stepping Lightly,,Fandom: Console Commands (Skyrim)/Books,Deep linked-page seed pass: Books
Books,OnTheGreatCollapse,000EDA8E,On the Great Collapse,,Fandom: Console Commands (Skyrim)/Books,Deep linked-page seed pass: Books
Books,OpusculusLamaeBal,0001AF40,Opusculus Lamae Bal,,Fandom: Console Commands (Skyrim)/Books,Deep linked-page seed pass: Books
Books,Orders,0006DFAC,Orders,,Fandom: Console Commands (Skyrim)/Books,Deep linked-page seed pass: Books
Books,OrsiniumAndTheOrcs,0001AFF9,Orsinium and the Orcs,,Fandom: Console Commands (Skyrim)/Books,Deep linked-page seed pass: Books
Books,PallaVolume1,0001AFFE,"Palla, volume 1",,Fandom: Console Commands (Skyrim)/Books,Deep linked-page seed pass: Books
Books,PallaVolume2,0001ACF4,"Palla, volume 2",,Fandom: Console Commands (Skyrim)/Books,Deep linked-page seed pass: Books
Books,ParalysisPoisonRecipe,000F5CB2,Paralysis Poison Recipe,,Fandom: Console Commands (Skyrim)/Books,Deep linked-page seed pass: Books
Books,ParalysisPoisonRecipe,000F5CB1,Paralysis Poison Recipe,,Fandom: Console Commands (Skyrim)/Books,Deep linked-page seed pass: Books
Books,PensionOfTheAncestorMoth,0003010A,Pension of the Ancestor Moth,,Fandom: Console Commands (Skyrim)/Books,Deep linked-page seed pass: Books
Books,PerYourRequests,000F68AA,Per Your Requests,,Fandom: Console Commands (Skyrim)/Books,Deep linked-page seed pass: Books
Books,PhysicalitiesOfWerewolves,000ED041,Physicalities of Werewolves,,Fandom: Console Commands (Skyrim)/Books,Deep linked-page seed pass: Books
Books,PirateKingOfTheAbecean,000E7EF0,Pirate King of the Abecean,,Fandom: Console Commands (Skyrim)/Books,Deep linked-page seed pass: Books
Books,PossibleRivals,000F692D,Possible Rivals,,Fandom: Console Commands (Skyrim)/Books,Deep linked-page seed pass: Books
Books,PowerOfTheElements,0009C8C6,Power of the Elements,,Fandom: Console Commands (Skyrim)/Books,Deep linked-page seed pass: Books
Books,PowerOfTheElements,0009C8C1,Power of the Elements,,Fandom: Console Commands (Skyrim)/Books,Deep linked-page seed pass: Books
Books,PowerOfTheElements,0009C8C2,Power of the Elements,,Fandom: Console Commands (Skyrim)/Books,Deep linked-page seed pass: Books
Books,PowerOfTheElements,000F37D0,Power of the Elements,,Fandom: Console Commands (Skyrim)/Books,Deep linked-page seed pass: Books
Books,PowerOfTheElements,0009C8C0,Power of the Elements,,Fandom: Console Commands (Skyrim)/Books,Deep linked-page seed pass: Books
Books,PrisonerSPlan,000E94F1,Prisoner's Plan,,Fandom: Console Commands (Skyrim)/Books,Deep linked-page seed pass: Books
Books,PrivateLetter,000D9399,Private Letter,,Fandom: Console Commands (Skyrim)/Books,Deep linked-page seed pass: Books
Books,PromissoryNote,000813B6,Promissory Note,,Fandom: Console Commands (Skyrim)/Books,Deep linked-page seed pass: Books
Books,ProperLockDesign,0001B01B,Proper Lock Design,,Fandom: Console Commands (Skyrim)/Books,Deep linked-page seed pass: Books
Books,PurchaseAgreement,000557EC,Purchase Agreement,,Fandom: Console Commands (Skyrim)/Books,Deep linked-page seed pass: Books
Books,PurchaseAgreement,00085D4E,Purchase Agreement,,Fandom: Console Commands (Skyrim)/Books,Deep linked-page seed pass: Books
Books,PurloinedShadows,0001B022,Purloined Shadows,,Fandom: Console Commands (Skyrim)/Books,Deep linked-page seed pass: Books
Books,QuitePleased,000F689E,Quite Pleased,,Fandom: Console Commands (Skyrim)/Books,Deep linked-page seed pass: Books
Books,RaJirrSNote,000D0032,Ra'jirr's Note,,Fandom: Console Commands (Skyrim)/Books,Deep linked-page seed pass: Books
Books,RacialPhylogeny,0001B015,Racial Phylogeny,,Fandom: Console Commands (Skyrim)/Books,Deep linked-page seed pass: Books
Books,RahgotSReply,0006DF94,Rahgot's Reply,,Fandom: Console Commands (Skyrim)/Books,Deep linked-page seed pass: Books
Books,RamatiSJournal,000D3973,Ramati's Journal,,Fandom: Console Commands (Skyrim)/Books,Deep linked-page seed pass: Books
Books,RealityOtherFalsehoods,0001AFCC,Reality & Other Falsehoods,,Fandom: Console Commands (Skyrim)/Books,Deep linked-page seed pass: Books
Books,RedEagleSRite,000C2987,Red Eagle's Rite,,Fandom: Console Commands (Skyrim)/Books,Deep linked-page seed pass: Books
Books,RegardingYourLoss,000F6897,Regarding Your Loss,,Fandom: Console Commands (Skyrim)/Books,Deep linked-page seed pass: Books
Books,Remanada,0001AD14,Remanada,,Fandom: Console Commands (Skyrim)/Books,Deep linked-page seed pass: Books
Books,RepairSupplies,000F798C,Repair Supplies,,Fandom: Console Commands (Skyrim)/Books,Deep linked-page seed pass: Books
Books,ReportDisasterAtIonith,0001ACC6,Report: Disaster at Ionith,,Fandom: Console Commands (Skyrim)/Books,Deep linked-page seed pass: Books
Books,ReportsOfADisturbance,000F68A9,Reports of a Disturbance,,Fandom: Console Commands (Skyrim)/Books,Deep linked-page seed pass: Books
Books,RequestForHelp,000F689C,Request for Help!,,Fandom: Console Commands (Skyrim)/Books,Deep linked-page seed pass: Books
Books,RequestFrom,00039FC3,Request from,,Fandom: Console Commands (Skyrim)/Books,Deep linked-page seed pass: Books
Books,RequestedReport,000F6898,Requested Report,,Fandom: Console Commands (Skyrim)/Books,Deep linked-page seed pass: Books
Books,ResearchLog,00034CBC,Research Log,,Fandom: Console Commands (Skyrim)/Books,Deep linked-page seed pass: Books
Books,ResearchNotes,0006A80D,Research Notes,,Fandom: Console Commands (Skyrim)/Books,Deep linked-page seed pass: Books
Books,ResistFirePotionRecipe,000F5CC0,Resist Fire Potion Recipe,,Fandom: Console Commands (Skyrim)/Books,Deep linked-page seed pass: Books
Books,ResistFirePotionRecipe,000F5CBD,Resist Fire Potion Recipe,,Fandom: Console Commands (Skyrim)/Books,Deep linked-page seed pass: Books
Books,ResistFrostPotionRecipe,000F5CBE,Resist Frost Potion Recipe,,Fandom: Console Commands (Skyrim)/Books,Deep linked-page seed pass: Books
Books,ResistFrostPotionRecipe,000F5CBF,Resist Frost Potion Recipe,,Fandom: Console Commands (Skyrim)/Books,Deep linked-page seed pass: Books
Books,ResistPoisonPotionRecipe,000F5CC5,Resist Poison Potion Recipe,,Fandom: Console Commands (Skyrim)/Books,Deep linked-page seed pass: Books
Books,ResistShockPotionRecipe,000F5CC4,Resist Shock Potion Recipe,,Fandom: Console Commands (Skyrim)/Books,Deep linked-page seed pass: Books
Books,ResistShockPotionRecipe,000F5CC3,Resist Shock Potion Recipe,,Fandom: Console Commands (Skyrim)/Books,Deep linked-page seed pass: Books
Books,ResponseToBeroSSpeech,0001AFED,Response to Bero's Speech,,Fandom: Console Commands (Skyrim)/Books,Deep linked-page seed pass: Books
Books,RestoreHealthPotionRecipe,000F5CAF,Restore Health Potion Recipe,,Fandom: Console Commands (Skyrim)/Books,Deep linked-page seed pass: Books
Books,RestoreHealthPotionRecipe,000F5CAC,Restore Health Potion Recipe,,Fandom: Console Commands (Skyrim)/Books,Deep linked-page seed pass: Books
Books,RestoreHealthPotionRecipe,000F5CAE,Restore Health Potion Recipe,,Fandom: Console Commands (Skyrim)/Books,Deep linked-page seed pass: Books
Books,RestoreHealthPotionRecipe,000F5CAD,Restore Health Potion Recipe,,Fandom: Console Commands (Skyrim)/Books,Deep linked-page seed pass: Books
Books,RestoreMagickaPotionRecipe,000F5CBA,Restore Magicka Potion Recipe,,Fandom: Console Commands (Skyrim)/Books,Deep linked-page seed pass: Books
Books,RestoreMagickaPotionRecipe,000F5CBB,Restore Magicka Potion Recipe,,Fandom: Console Commands (Skyrim)/Books,Deep linked-page seed pass: Books
Books,RestoreMagickaPotionRecipe,000F5CBC,Restore Magicka Potion Recipe,,Fandom: Console Commands (Skyrim)/Books,Deep linked-page seed pass: Books
Books,RiftenHomeDecoratingGuide,000F11B7,Riften Home Decorating Guide,,Fandom: Console Commands (Skyrim)/Books,Deep linked-page seed pass: Books
Books,RigelSLetter,00037F87,Rigel's Letter,,Fandom: Console Commands (Skyrim)/Books,Deep linked-page seed pass: Books
Books,RisingThreatVolI,000ED5F4,"Rising Threat, Vol. I",,Fandom: Console Commands (Skyrim)/Books,Deep linked-page seed pass: Books
Books,RisingThreatVolIi,000ED5F5,"Rising Threat, Vol. II",,Fandom: Console Commands (Skyrim)/Books,Deep linked-page seed pass: Books
Books,RisingThreatVolIii,000ED5F6,"Rising Threat, Vol. III",,Fandom: Console Commands (Skyrim)/Books,Deep linked-page seed pass: Books
Books,RisingThreatVolIv,000ED5F7,"Rising Threat, Vol. IV",,Fandom: Console Commands (Skyrim)/Books,Deep linked-page seed pass: Books
Books,RislavTheRighteous,0001B004,Rislav The Righteous,,Fandom: Console Commands (Skyrim)/Books,Deep linked-page seed pass: Books
Books,RogatusSLetter,000931C2,Rogatus's Letter,,Fandom: Console Commands (Skyrim)/Books,Deep linked-page seed pass: Books
Books,RorasSLetter,00037F8A,Roras's Letter,,Fandom: Console Commands (Skyrim)/Books,Deep linked-page seed pass: Books
Books,RuinedTrailbook,000F0424,Ruined Trailbook,,Fandom: Console Commands (Skyrim)/Books,Deep linked-page seed pass: Books
Books,RuinsOfKemelZe,0001ACDB,Ruins of Kemel-Ze,,Fandom: Console Commands (Skyrim)/Books,Deep linked-page seed pass: Books
Books,RuminationsOnTheElderScrolls,00032785,Ruminations on the Elder Scrolls,,Fandom: Console Commands (Skyrim)/Books,Deep linked-page seed pass: Books
Books,RunilSJournal,000705C3,Runil's Journal,,Fandom: Console Commands (Skyrim)/Books,Deep linked-page seed pass: Books
Books,SacredWitness,0001B020,Sacred Witness,,Fandom: Console Commands (Skyrim)/Books,Deep linked-page seed pass: Books
Books,ScourgeOfTheGrayQuarter,000ED03B,Scourge of the Gray Quarter,,Fandom: Console Commands (Skyrim)/Books,Deep linked-page seed pass: Books
Books,ScrawledPage,000D3979,Scrawled page,,Fandom: Console Commands (Skyrim)/Books,Deep linked-page seed pass: Books
Books,ScribbledNote,0005B9C9,Scribbled Note,,Fandom: Console Commands (Skyrim)/Books,Deep linked-page seed pass: Books
Books,SecondLetterFromLinwe,0007D67D,Second Letter from Linwe,,Fandom: Console Commands (Skyrim)/Books,Deep linked-page seed pass: Books
Books,SergiusSNote,0003DD30,Sergius's Note,,Fandom: Console Commands (Skyrim)/Books,Deep linked-page seed pass: Books
Books,Shadowmarks,000F84A1,Shadowmarks,,Fandom: Console Commands (Skyrim)/Books,Deep linked-page seed pass: Books
Books,ShalidorSInsights,000F6278,Shalidor's Insights,,Fandom: Console Commands (Skyrim)/Books,Deep linked-page seed pass: Books
Books,ShalidorSInsights,000F6277,Shalidor's Insights,,Fandom: Console Commands (Skyrim)/Books,Deep linked-page seed pass: Books
Books,ShalidorSInsights,000F6275,Shalidor's Insights,,Fandom: Console Commands (Skyrim)/Books,Deep linked-page seed pass: Books
Books,ShalidorSInsights,000F6276,Shalidor's Insights,,Fandom: Console Commands (Skyrim)/Books,Deep linked-page seed pass: Books
Books,ShalidorSInsights,000C1E77,Shalidor's Insights,,Fandom: Console Commands (Skyrim)/Books,Deep linked-page seed pass: Books
Books,ShalidorSInsights,000C1E79,Shalidor's Insights,,Fandom: Console Commands (Skyrim)/Books,Deep linked-page seed pass: Books
Books,ShalidorSInsights,000C1E78,Shalidor's Insights,,Fandom: Console Commands (Skyrim)/Books,Deep linked-page seed pass: Books
Books,ShalidorSInsights,000C1E7A,Shalidor's Insights,,Fandom: Console Commands (Skyrim)/Books,Deep linked-page seed pass: Books
Books,ShavariSNote,0006DEB5,Shavari's Note,,Fandom: Console Commands (Skyrim)/Books,Deep linked-page seed pass: Books
Books,ShezarrAndTheDivines,0001AF93,Shezarr and the Divines,,Fandom: Console Commands (Skyrim)/Books,Deep linked-page seed pass: Books
Books,ShipmentSArrived,000F692B,Shipment's Arrived,,Fandom: Console Commands (Skyrim)/Books,Deep linked-page seed pass: Books
Books,ShipmentSReady,00065BDA,Shipment's Ready,,Fandom: Console Commands (Skyrim)/Books,Deep linked-page seed pass: Books
Books,ShoppingList,000F689A,Shopping List,,Fandom: Console Commands (Skyrim)/Books,Deep linked-page seed pass: Books
Books,ShortHistoryOfMorrowind,0001B22B,Short History of Morrowind,,Fandom: Console Commands (Skyrim)/Books,Deep linked-page seed pass: Books
Books,SibbiBlackBriar,000F68AB,Sibbi Black-Briar,,Fandom: Console Commands (Skyrim)/Books,Deep linked-page seed pass: Books
Books,SildSJournal,000AD430,Sild's Journal,,Fandom: Console Commands (Skyrim)/Books,Deep linked-page seed pass: Books
Books,SinderionSFieldJournal,000E4D6F,Sinderion's Field Journal,,Fandom: Console Commands (Skyrim)/Books,Deep linked-page seed pass: Books
Books,Sithis,0001AFCB,Sithis,,Fandom: Console Commands (Skyrim)/Books,Deep linked-page seed pass: Books
Books,SkormSnowStriderSJournal,0007E5B8,Skorm Snow-Strider's Journal,,Fandom: Console Commands (Skyrim)/Books,Deep linked-page seed pass: Books
Books,SkyrimSRule,000ED04C,Skyrim's Rule,,Fandom: Console Commands (Skyrim)/Books,Deep linked-page seed pass: Books
Books,SmallNote,000F5BC0,Small Note,,Fandom: Console Commands (Skyrim)/Books,Deep linked-page seed pass: Books
Books,SmugglerSJournal,000DC3AF,Smuggler's Journal,,Fandom: Console Commands (Skyrim)/Books,Deep linked-page seed pass: Books
Books,SmugglersNote,000DD998,Smugglers' Note,,Fandom: Console Commands (Skyrim)/Books,Deep linked-page seed pass: Books
Books,SoldierSRequest,0008AA45,Soldier's Request,,Fandom: Console Commands (Skyrim)/Books,Deep linked-page seed pass: Books
Books,SolitudeHomeDecoratingGuide,000F1447,Solitude Home Decorating Guide,,Fandom: Console Commands (Skyrim)/Books,Deep linked-page seed pass: Books
Books,SondasSNote,00069007,Sondas's Note,,Fandom: Console Commands (Skyrim)/Books,Deep linked-page seed pass: Books
Books,SongOfHrormir,0001AFDB,Song Of Hrormir,,Fandom: Console Commands (Skyrim)/Books,Deep linked-page seed pass: Books
Books,SongOfTheAlchemists,0001AFC6,Song of the Alchemists,,Fandom: Console Commands (Skyrim)/Books,Deep linked-page seed pass: Books
Books,SongOfTheAskeldeMen,000E7F37,Song of the Askelde Men,,Fandom: Console Commands (Skyrim)/Books,Deep linked-page seed pass: Books
Books,SongsOfSkyrim,000ED062,Songs of Skyrim,,Fandom: Console Commands (Skyrim)/Books,Deep linked-page seed pass: Books
Books,SongsOfSkyrimRevised,000F11D5,Songs of Skyrim: Revised,,Fandom: Console Commands (Skyrim)/Books,Deep linked-page seed pass: Books
Books,SongsOfTheReturnVol19,000ED03D,"Songs of the Return, Vol 19",,Fandom: Console Commands (Skyrim)/Books,Deep linked-page seed pass: Books
Books,SongsOfTheReturnVol2,000ED046,"Songs of the Return, Vol 2",,Fandom: Console Commands (Skyrim)/Books,Deep linked-page seed pass: Books
Books,SongsOfTheReturnVol56,000ED044,"Songs of the Return, Vol 56",,Fandom: Console Commands (Skyrim)/Books,Deep linked-page seed pass: Books
Books,SongsOfTheReturnVol7,000ED045,"Songs of the Return, Vol 7",,Fandom: Console Commands (Skyrim)/Books,Deep linked-page seed pass: Books
Books,SongsOfTheReturnVol24,000ED048,"Songs of the Return, vol 24",,Fandom: Console Commands (Skyrim)/Books,Deep linked-page seed pass: Books
Books,SoulsBlackAndWhite,0001AD0C,"Souls, Black and White",,Fandom: Console Commands (Skyrim)/Books,Deep linked-page seed pass: Books
Books,SovngardeAReexamination,000E2FC6,Sovngarde: A Reexamination,,Fandom: Console Commands (Skyrim)/Books,Deep linked-page seed pass: Books
Books,SpiritOfNirn,0001B25A,Spirit of Nirn,,Fandom: Console Commands (Skyrim)/Books,Deep linked-page seed pass: Books
Books,SpiritOfTheDaedra,0001AD15,Spirit of the Daedra,,Fandom: Console Commands (Skyrim)/Books,Deep linked-page seed pass: Books
Books,StaubinSDiary,0008E8FC,Staubin's Diary,,Fandom: Console Commands (Skyrim)/Books,Deep linked-page seed pass: Books
Books,StormcloakMissive,00083AFF,Stormcloak Missive,,Fandom: Console Commands (Skyrim)/Books,Deep linked-page seed pass: Books
Books,StormcloakMissive,00083B04,Stormcloak Missive,,Fandom: Console Commands (Skyrim)/Books,Deep linked-page seed pass: Books
Books,StrommSDiary,00093846,Stromm's Diary,,Fandom: Console Commands (Skyrim)/Books,Deep linked-page seed pass: Books
Books,SudiSJournal,000D0969,Sudi's Journal,,Fandom: Console Commands (Skyrim)/Books,Deep linked-page seed pass: Books
Books,SullaSJournal,0008ACD2,Sulla's Journal,,Fandom: Console Commands (Skyrim)/Books,Deep linked-page seed pass: Books
Books,SurfeitOfThieves,0001B01D,Surfeit of Thieves,,Fandom: Console Commands (Skyrim)/Books,Deep linked-page seed pass: Books
Books,SuvarisAtheronSLogbook,0001DBFE,Suvaris Atheron's Logbook,,Fandom: Console Commands (Skyrim)/Books,Deep linked-page seed pass: Books
Books,SvenSFakeLetterFromFaendal,0005C847,Sven's Fake Letter from Faendal,,Fandom: Console Commands (Skyrim)/Books,Deep linked-page seed pass: Books
Books,TatteredJournal,000B6D60,Tattered Journal,,Fandom: Console Commands (Skyrim)/Books,Deep linked-page seed pass: Books
Books,TatteredJournal,000F0423,Tattered Journal,,Fandom: Console Commands (Skyrim)/Books,Deep linked-page seed pass: Books
Books,TatteredNote,00108160,Tattered Note,,Fandom: Console Commands (Skyrim)/Books,Deep linked-page seed pass: Books
Books,ThalmorDossierDelphine,000F6845,Thalmor Dossier: Delphine,,Fandom: Console Commands (Skyrim)/Books,Deep linked-page seed pass: Books
Books,ThalmorDossierEsbern,0003AF29,Thalmor Dossier: Esbern,,Fandom: Console Commands (Skyrim)/Books,Deep linked-page seed pass: Books
Books,ThalmorDossierUlfricStormcloak,000F6846,Thalmor Dossier: Ulfric Stormcloak,,Fandom: Console Commands (Skyrim)/Books,Deep linked-page seed pass: Books
Books,ThalmorOrders,00097803,Thalmor Orders,,Fandom: Console Commands (Skyrim)/Books,Deep linked-page seed pass: Books
Books,TheAdabalA,0001AF94,The Adabal-a,,Fandom: Console Commands (Skyrim)/Books,Deep linked-page seed pass: Books
Books,TheAlduinAkatoshDichotomy,000ED04B,The Alduin/Akatosh Dichotomy,,Fandom: Console Commands (Skyrim)/Books,Deep linked-page seed pass: Books
Books,TheAmuletOfKings,0001ACE1,The Amulet of Kings,,Fandom: Console Commands (Skyrim)/Books,Deep linked-page seed pass: Books
Books,TheApprenticeSAssistant,000EDA8F,The Apprentice's Assistant,,Fandom: Console Commands (Skyrim)/Books,Deep linked-page seed pass: Books
Books,TheArcturianHeresy,0001B25E,The Arcturian Heresy,,Fandom: Console Commands (Skyrim)/Books,Deep linked-page seed pass: Books
Books,TheArmorerSChallenge,0001AFCE,The Armorer's Challenge,,Fandom: Console Commands (Skyrim)/Books,Deep linked-page seed pass: Books
Books,TheArtOfWarMagic,0001AFEF,The Art of War Magic,,Fandom: Console Commands (Skyrim)/Books,Deep linked-page seed pass: Books
Books,TheBearOfMarkarth,0007EB9E,The Bear of Markarth,,Fandom: Console Commands (Skyrim)/Books,Deep linked-page seed pass: Books
Books,TheBlackArrowV1,0001AFC2,"The Black Arrow, v1",,Fandom: Console Commands (Skyrim)/Books,Deep linked-page seed pass: Books
Books,TheBlackArrowV2,0001B009,"The Black Arrow, v2",,Fandom: Console Commands (Skyrim)/Books,Deep linked-page seed pass: Books
Books,TheBlackArtsOnTrial,0001B011,The Black Arts On Trial,,Fandom: Console Commands (Skyrim)/Books,Deep linked-page seed pass: Books
Books,TheBookOfDaedra,0001ACC8,The Book of Daedra,,Fandom: Console Commands (Skyrim)/Books,Deep linked-page seed pass: Books
Books,TheBookOfFate,00105A52,The Book of Fate,,Fandom: Console Commands (Skyrim)/Books,Deep linked-page seed pass: Books
Books,TheBookOfTheDragonborn,000F86FE,The Book of the Dragonborn,,Fandom: Console Commands (Skyrim)/Books,Deep linked-page seed pass: Books
Books,TheBuyingGame,0001B00A,The Buying Game,,Fandom: Console Commands (Skyrim)/Books,Deep linked-page seed pass: Books
Books,TheCabinInTheWoods,000EF638,The Cabin in the Woods,,Fandom: Console Commands (Skyrim)/Books,Deep linked-page seed pass: Books
Books,TheCakeAndTheDiamond,0001B262,The Cake and The Diamond,,Fandom: Console Commands (Skyrim)/Books,Deep linked-page seed pass: Books
Books,TheCityOfStone,0007EBC2,The City of Stone,,Fandom: Console Commands (Skyrim)/Books,Deep linked-page seed pass: Books
Books,TheCodeOfMalacath,0007EBC9,The Code of Malacath,,Fandom: Console Commands (Skyrim)/Books,Deep linked-page seed pass: Books
Books,TheDoorsOfOblivion,0001AFE7,The Doors of Oblivion,,Fandom: Console Commands (Skyrim)/Books,Deep linked-page seed pass: Books
Books,TheDowry,0001ACF2,The Dowry,,Fandom: Console Commands (Skyrim)/Books,Deep linked-page seed pass: Books
Books,TheDragonBreak,0001AFCA,The Dragon Break,,Fandom: Console Commands (Skyrim)/Books,Deep linked-page seed pass: Books
Books,TheDragonWar,000EDDD5,The Dragon War,,Fandom: Console Commands (Skyrim)/Books,Deep linked-page seed pass: Books
Books,TheDreamstride,0009DE3D,The Dreamstride,,Fandom: Console Commands (Skyrim)/Books,Deep linked-page seed pass: Books
Books,TheExodus,0001B016,The Exodus,,Fandom: Console Commands (Skyrim)/Books,Deep linked-page seed pass: Books
Books,TheFalmerAStudy,000E0D68,The Falmer: A Study,,Fandom: Console Commands (Skyrim)/Books,Deep linked-page seed pass: Books
Books,TheFirmament,0001ACD2,The Firmament,,Fandom: Console Commands (Skyrim)/Books,Deep linked-page seed pass: Books
Books,TheFirstholdRevolt,0001ACD3,The Firsthold Revolt,,Fandom: Console Commands (Skyrim)/Books,Deep linked-page seed pass: Books
Books,TheFourTotemsOfVolskygge,00068B5A,The Four Totems of Volskygge,,Fandom: Console Commands (Skyrim)/Books,Deep linked-page seed pass: Books
Books,TheGoldRibbonOfMerit,0001B005,The Gold Ribbon of Merit,,Fandom: Console Commands (Skyrim)/Books,Deep linked-page seed pass: Books
Books,TheGreatWar,000F456D,The Great War,,Fandom: Console Commands (Skyrim)/Books,Deep linked-page seed pass: Books
Books,TheHoldsOfSkyrim,000ED030,The Holds of Skyrim,,Fandom: Console Commands (Skyrim)/Books,Deep linked-page seed pass: Books
Books,TheHopeOfTheRedoran,0001B26A,The Hope of the Redoran,,Fandom: Console Commands (Skyrim)/Books,Deep linked-page seed pass: Books
Books,TheImportanceOfWhere,0001AFE3,The Importance of Where,,Fandom: Console Commands (Skyrim)/Books,Deep linked-page seed pass: Books
Books,TheKeepersOfTheRazor,000973AC,The Keepers of the Razor,,Fandom: Console Commands (Skyrim)/Books,Deep linked-page seed pass: Books
Books,TheKnightsOfTheNine,0001AFFA,The Knights of the Nine,,Fandom: Console Commands (Skyrim)/Books,Deep linked-page seed pass: Books
Books,TheLastKingOfTheAyleids,00072840,The Last King of the Ayleids,,Fandom: Console Commands (Skyrim)/Books,Deep linked-page seed pass: Books
Books,TheLegendOfRedEagle,000C1771,The Legend of Red Eagle,,Fandom: Console Commands (Skyrim)/Books,Deep linked-page seed pass: Books
Books,TheLegendarySancreTor,0001AFE2,The Legendary Sancre Tor,,Fandom: Console Commands (Skyrim)/Books,Deep linked-page seed pass: Books
Books,TheLegendaryScourge,0001AD0A,The Legendary Scourge,,Fandom: Console Commands (Skyrim)/Books,Deep linked-page seed pass: Books
Books,TheLockedRoom,0001B019,The Locked Room,,Fandom: Console Commands (Skyrim)/Books,Deep linked-page seed pass: Books
Books,TheLunarLorkhan,0001AFCD,The Lunar Lorkhan,,Fandom: Console Commands (Skyrim)/Books,Deep linked-page seed pass: Books
Books,TheLustyArgonianMaidV1,0001ACEF,"The Lusty Argonian Maid, v1",,Fandom: Console Commands (Skyrim)/Books,Deep linked-page seed pass: Books
Books,TheLustyArgonianMaidV2,000F699D,"The Lusty Argonian Maid, v2",,Fandom: Console Commands (Skyrim)/Books,Deep linked-page seed pass: Books
Books,TheMadmenOfTheReach,0007EB03,The Madmen of the Reach,,Fandom: Console Commands (Skyrim)/Books,Deep linked-page seed pass: Books
Books,TheMadnessOfPelagius,0001ACF0,The Madness of Pelagius,,Fandom: Console Commands (Skyrim)/Books,Deep linked-page seed pass: Books
Books,TheMarksmanshipLesson,0001B26D,The Marksmanship Lesson,,Fandom: Console Commands (Skyrim)/Books,Deep linked-page seed pass: Books
Books,TheMirror,0001AFDE,The Mirror,,Fandom: Console Commands (Skyrim)/Books,Deep linked-page seed pass: Books
Books,TheMonomyth,0001B26E,The Monomyth,,Fandom: Console Commands (Skyrim)/Books,Deep linked-page seed pass: Books
Books,TheNightMotherSTruth,000E0D67,The Night Mother's Truth,,Fandom: Console Commands (Skyrim)/Books,Deep linked-page seed pass: Books
Books,TheNightingalesVol1,000F68AC,The Nightingales Vol. 1,,Fandom: Console Commands (Skyrim)/Books,Deep linked-page seed pass: Books
Books,TheNightingalesVol2,000F68AD,The Nightingales Vol. 2,,Fandom: Console Commands (Skyrim)/Books,Deep linked-page seed pass: Books
Books,TheNirnootMissive,0010BEDF,The Nirnoot Missive,,Fandom: Console Commands (Skyrim)/Books,Deep linked-page seed pass: Books
Books,TheOblivionCrisis,00037DEA,The Oblivion Crisis,,Fandom: Console Commands (Skyrim)/Books,Deep linked-page seed pass: Books
Books,TheOldWays,0001AD0F,The Old Ways,,Fandom: Console Commands (Skyrim)/Books,Deep linked-page seed pass: Books
Books,ThePigChildren,0001AD11,The Pig Children,,Fandom: Console Commands (Skyrim)/Books,Deep linked-page seed pass: Books
Books,ThePostingOfTheHunt,0001AD12,The Posting of the Hunt,,Fandom: Console Commands (Skyrim)/Books,Deep linked-page seed pass: Books
Books,TheRansomOfZarek,0001AFD3,The Ransom of Zarek,,Fandom: Console Commands (Skyrim)/Books,Deep linked-page seed pass: Books
Books,TheRealBarenziahV1,0001ACD6,"The Real Barenziah, v1",,Fandom: Console Commands (Skyrim)/Books,Deep linked-page seed pass: Books
Books,TheRealBarenziahV2,0001ACD7,"The Real Barenziah, v2",,Fandom: Console Commands (Skyrim)/Books,Deep linked-page seed pass: Books
Books,TheRealBarenziahV3,0001ACD8,"The Real Barenziah, v3",,Fandom: Console Commands (Skyrim)/Books,Deep linked-page seed pass: Books
Books,TheRealBarenziahV4,0001ACD9,"The Real Barenziah, v4",,Fandom: Console Commands (Skyrim)/Books,Deep linked-page seed pass: Books
Books,TheRealBarenziahV5,0001ACDA,"The Real Barenziah, v5",,Fandom: Console Commands (Skyrim)/Books,Deep linked-page seed pass: Books
Books,TheRearGuard,0001B000,The Rear Guard,,Fandom: Console Commands (Skyrim)/Books,Deep linked-page seed pass: Books
Books,TheRedBookOfRiddles,0001AD13,The Red Book of Riddles,,Fandom: Console Commands (Skyrim)/Books,Deep linked-page seed pass: Books
Books,TheRedKitchenReader,0001AFD5,The Red Kitchen Reader,,Fandom: Console Commands (Skyrim)/Books,Deep linked-page seed pass: Books
Books,TheRefugees,0001B003,The Refugees,,Fandom: Console Commands (Skyrim)/Books,Deep linked-page seed pass: Books
Books,TheRiseAndFallOfTheBlades,000F4530,The Rise and Fall of the Blades,,Fandom: Console Commands (Skyrim)/Books,Deep linked-page seed pass: Books
Books,TheSecretsOfRagnvald,000DB0C7,The Secrets of Ragnvald,,Fandom: Console Commands (Skyrim)/Books,Deep linked-page seed pass: Books
Books,TheSeed,0001ACFA,The Seed,,Fandom: Console Commands (Skyrim)/Books,Deep linked-page seed pass: Books
Books,TheSongOfPelinalV1,0001AF8A,"The Song of Pelinal, v1",,Fandom: Console Commands (Skyrim)/Books,Deep linked-page seed pass: Books
Books,TheSongOfPelinalV2,0001AF8B,"The Song of Pelinal, v2",,Fandom: Console Commands (Skyrim)/Books,Deep linked-page seed pass: Books
Books,TheSongOfPelinalV3,0001AF8C,"The Song of Pelinal, v3",,Fandom: Console Commands (Skyrim)/Books,Deep linked-page seed pass: Books
Books,TheSongOfPelinalV4,0001AF8D,"The Song of Pelinal, v4",,Fandom: Console Commands (Skyrim)/Books,Deep linked-page seed pass: Books
Books,TheSongOfPelinalV5,0001AF8E,"The Song of Pelinal, v5",,Fandom: Console Commands (Skyrim)/Books,Deep linked-page seed pass: Books
Books,TheSongOfPelinalV6,0001AF8F,"The Song of Pelinal, v6",,Fandom: Console Commands (Skyrim)/Books,Deep linked-page seed pass: Books
Books,TheSongOfPelinalV7,0001AF90,"The Song of Pelinal, v7",,Fandom: Console Commands (Skyrim)/Books,Deep linked-page seed pass: Books
Books,TheSongOfPelinalV8,0001AF91,"The Song of Pelinal, v8",,Fandom: Console Commands (Skyrim)/Books,Deep linked-page seed pass: Books
Books,TheTaleOfDroZira,000F03E3,The Tale of Dro'Zira,,Fandom: Console Commands (Skyrim)/Books,Deep linked-page seed pass: Books
Books,TheTalosMistake,000ED04D,The Talos Mistake,,Fandom: Console Commands (Skyrim)/Books,Deep linked-page seed pass: Books
Books,TheThirdDoor,0001ACFB,The Third Door,,Fandom: Console Commands (Skyrim)/Books,Deep linked-page seed pass: Books
Books,TheThirdEraTimeline,000ED04F,The Third Era Timeline,,Fandom: Console Commands (Skyrim)/Books,Deep linked-page seed pass: Books
Books,TheTotemsOfHircine,000F683F,The Totems of Hircine,,Fandom: Console Commands (Skyrim)/Books,Deep linked-page seed pass: Books
Books,TheTotemsOfHircine,000F6840,The Totems of Hircine,,Fandom: Console Commands (Skyrim)/Books,Deep linked-page seed pass: Books
Books,TheTrueNatureOfOrcs,0001AD16,The True Nature of Orcs,,Fandom: Console Commands (Skyrim)/Books,Deep linked-page seed pass: Books
Books,TheWarmthOfMara,00053347,The Warmth of Mara,,Fandom: Console Commands (Skyrim)/Books,Deep linked-page seed pass: Books
Books,TheWarriorSCharge,0001AFEB,The Warrior's Charge,,Fandom: Console Commands (Skyrim)/Books,Deep linked-page seed pass: Books
Books,TheWatersOfOblivion,0001AD17,The Waters of Oblivion,,Fandom: Console Commands (Skyrim)/Books,Deep linked-page seed pass: Books
Books,TheWildElves,0001AD18,The Wild Elves,,Fandom: Console Commands (Skyrim)/Books,Deep linked-page seed pass: Books
Books,TheWindhelmLetters,000ED03C,The Windhelm Letters,,Fandom: Console Commands (Skyrim)/Books,Deep linked-page seed pass: Books
Books,TheWispmother,00083B3B,The Wispmother,,Fandom: Console Commands (Skyrim)/Books,Deep linked-page seed pass: Books
Books,TheWolfQueenV1,0001B01A,"The Wolf Queen, v1",,Fandom: Console Commands (Skyrim)/Books,Deep linked-page seed pass: Books
Books,TheWolfQueenV2,0001AFF2,"The Wolf Queen, v2",,Fandom: Console Commands (Skyrim)/Books,Deep linked-page seed pass: Books
Books,TheWolfQueenV3,0001AFFB,"The Wolf Queen, v3",,Fandom: Console Commands (Skyrim)/Books,Deep linked-page seed pass: Books
Books,TheWolfQueenV4,0001B00B,"The Wolf Queen, v4",,Fandom: Console Commands (Skyrim)/Books,Deep linked-page seed pass: Books
Books,TheWolfQueenV5,0001B024,"The Wolf Queen, v5",,Fandom: Console Commands (Skyrim)/Books,Deep linked-page seed pass: Books
Books,TheWolfQueenV6,0001B01E,"The Wolf Queen, v6",,Fandom: Console Commands (Skyrim)/Books,Deep linked-page seed pass: Books
Books,TheWolfQueenV7,0001B026,"The Wolf Queen, v7",,Fandom: Console Commands (Skyrim)/Books,Deep linked-page seed pass: Books
Books,TheWolfQueenV8,0001ACFD,"The Wolf Queen, v8",,Fandom: Console Commands (Skyrim)/Books,Deep linked-page seed pass: Books
Books,TheWoodcutterSWife,000ED601,The Woodcutter's Wife,,Fandom: Console Commands (Skyrim)/Books,Deep linked-page seed pass: Books
Books,ThereBeDragons,000ED5F8,There Be Dragons,,Fandom: Console Commands (Skyrim)/Books,Deep linked-page seed pass: Books
Books,Thief,0001AFBF,Thief,,Fandom: Console Commands (Skyrim)/Books,Deep linked-page seed pass: Books
Books,ThiefOfVirtue,0001ACDD,Thief of Virtue,,Fandom: Console Commands (Skyrim)/Books,Deep linked-page seed pass: Books
Books,ThiefSLastWords,000F0425,Thief's Last Words,,Fandom: Console Commands (Skyrim)/Books,Deep linked-page seed pass: Books
Books,ThingsToDo,000F689F,Things to Do,,Fandom: Console Commands (Skyrim)/Books,Deep linked-page seed pass: Books
Books,ThonarSJournal,000D674A,Thonar's Journal,,Fandom: Console Commands (Skyrim)/Books,Deep linked-page seed pass: Books
Books,ThreeThieves,0001B276,Three Thieves,,Fandom: Console Commands (Skyrim)/Books,Deep linked-page seed pass: Books
Books,TimelyOffer,000F6929,Timely Offer,,Fandom: Console Commands (Skyrim)/Books,Deep linked-page seed pass: Books
Books,ToAConcernedCitizen,000F68A5,To A Concerned Citizen,,Fandom: Console Commands (Skyrim)/Books,Deep linked-page seed pass: Books
Books,ToBeReadImmedately,000F68A1,To Be Read Immedately!,,Fandom: Console Commands (Skyrim)/Books,Deep linked-page seed pass: Books
Books,ToTheOwner,000F6899,To The Owner,,Fandom: Console Commands (Skyrim)/Books,Deep linked-page seed pass: Books
Books,ToTheBrotherhood,000F6896,To the Brotherhood,,Fandom: Console Commands (Skyrim)/Books,Deep linked-page seed pass: Books
Books,TolfdirSBook,00026700,Tolfdir's Book,,Fandom: Console Commands (Skyrim)/Books,Deep linked-page seed pass: Books
Books,TornNote,00074ADF,Torn Note,,Fandom: Console Commands (Skyrim)/Books,Deep linked-page seed pass: Books
Books,TovaSFarewell,000D2B09,Tova's Farewell,,Fandom: Console Commands (Skyrim)/Books,Deep linked-page seed pass: Books
Books,TrainingChests,000F6930,Training Chests,,Fandom: Console Commands (Skyrim)/Books,Deep linked-page seed pass: Books
Books,TreasureHunterSNote,000A17B0,Treasure Hunter's Note,,Fandom: Console Commands (Skyrim)/Books,Deep linked-page seed pass: Books
Books,TreasureMapI,000EF07A,Treasure Map I,,Fandom: Console Commands (Skyrim)/Books,Deep linked-page seed pass: Books
Books,TreasureMapIi,000F33CE,Treasure Map II,,Fandom: Console Commands (Skyrim)/Books,Deep linked-page seed pass: Books
Books,TreasureMapIii,000F33CF,Treasure Map III,,Fandom: Console Commands (Skyrim)/Books,Deep linked-page seed pass: Books
Books,TreasureMapIv,000F33D1,Treasure Map IV,,Fandom: Console Commands (Skyrim)/Books,Deep linked-page seed pass: Books
Books,TreasureMapIx,000F33CD,Treasure Map IX,,Fandom: Console Commands (Skyrim)/Books,Deep linked-page seed pass: Books
Books,TreasureMapV,000F33D4,Treasure Map V,,Fandom: Console Commands (Skyrim)/Books,Deep linked-page seed pass: Books
Books,TreasureMapVi,000F33D0,Treasure Map VI,,Fandom: Console Commands (Skyrim)/Books,Deep linked-page seed pass: Books
Books,TreasureMapVii,000F33D5,Treasure Map VII,,Fandom: Console Commands (Skyrim)/Books,Deep linked-page seed pass: Books
Books,TreasureMapViii,000F33D3,Treasure Map VIII,,Fandom: Console Commands (Skyrim)/Books,Deep linked-page seed pass: Books
Books,TreasureMapX,000F33E0,Treasure Map X,,Fandom: Console Commands (Skyrim)/Books,Deep linked-page seed pass: Books
Books,TreatiseOnAyleidicCities,0001ADB4,Treatise on Ayleidic Cities,,Fandom: Console Commands (Skyrim)/Books,Deep linked-page seed pass: Books
Books,TrialsOfStAlessia,0001ACE2,Trials of St. Alessia,,Fandom: Console Commands (Skyrim)/Books,Deep linked-page seed pass: Books
Books,TrollSlaying,000ED606,Troll Slaying,,Fandom: Console Commands (Skyrim)/Books,Deep linked-page seed pass: Books
Books,TwinSecrets,0002F839,Twin Secrets,,Fandom: Console Commands (Skyrim)/Books,Deep linked-page seed pass: Books
Books,UlfrSBook,000E1640,Ulfr's Book,,Fandom: Console Commands (Skyrim)/Books,Deep linked-page seed pass: Books
Books,UmanaSJournal,000F0417,Umana's Journal,,Fandom: Console Commands (Skyrim)/Books,Deep linked-page seed pass: Books
Books,UncommonTaste,0009F267,Uncommon Taste,,Fandom: Console Commands (Skyrim)/Books,Deep linked-page seed pass: Books
Books,UncommonTasteSigned,0006851B,Uncommon Taste - Signed,,Fandom: Console Commands (Skyrim)/Books,Deep linked-page seed pass: Books
Books,UnsentAfflictedLetter,000E7F39,Unsent Afflicted Letter,,Fandom: Console Commands (Skyrim)/Books,Deep linked-page seed pass: Books
Books,UntilNextTime,000F689D,Until Next Time,,Fandom: Console Commands (Skyrim)/Books,Deep linked-page seed pass: Books
Books,UragSNote,0003D29D,Urag's Note,,Fandom: Console Commands (Skyrim)/Books,Deep linked-page seed pass: Books
Books,ValdSDebt,00072B13,Vald's Debt,,Fandom: Console Commands (Skyrim)/Books,Deep linked-page seed pass: Books
Books,ValmirSOrders,00093CF6,Valmir's Orders,,Fandom: Console Commands (Skyrim)/Books,Deep linked-page seed pass: Books
Books,VarietiesOfDaedra,0001ACFC,Varieties of Daedra,,Fandom: Console Commands (Skyrim)/Books,Deep linked-page seed pass: Books
Books,VelehkSainSTreasureMap,000DDEFB,Velehk Sain's Treasure Map,,Fandom: Console Commands (Skyrim)/Books,Deep linked-page seed pass: Books
Books,VernaccusAndBourlor,0001B27A,Vernaccus and Bourlor,,Fandom: Console Commands (Skyrim)/Books,Deep linked-page seed pass: Books
Books,VernaccusAndBourlor,0001B007,Vernaccus and Bourlor,,Fandom: Console Commands (Skyrim)/Books,Deep linked-page seed pass: Books
Books,Wabbajack,0001AFBA,Wabbajack,,Fandom: Console Commands (Skyrim)/Books,Deep linked-page seed pass: Books
Books,WalkingTheWorldVolXi,000ED061,"Walking the World, Vol XI",,Fandom: Console Commands (Skyrim)/Books,Deep linked-page seed pass: Books
Books,WarOfTheFirstCouncil,0001B272,War of the First Council,,Fandom: Console Commands (Skyrim)/Books,Deep linked-page seed pass: Books
Books,Warning,00078561,Warning,,Fandom: Console Commands (Skyrim)/Books,Deep linked-page seed pass: Books
Books,Warrior,0001AFE0,Warrior,,Fandom: Console Commands (Skyrim)/Books,Deep linked-page seed pass: Books
Books,WatcherOfStones,000ED63F,Watcher of Stones,,Fandom: Console Commands (Skyrim)/Books,Deep linked-page seed pass: Books
Books,WatchtowerGuardSLetter,00083AEF,Watchtower Guard's Letter,,Fandom: Console Commands (Skyrim)/Books,Deep linked-page seed pass: Books
Books,WeylinSNote,000D670F,Weylin's Note,,Fandom: Console Commands (Skyrim)/Books,Deep linked-page seed pass: Books
Books,WhiterunHomeDecoratingGuide,000F11B6,Whiterun Home Decorating Guide,,Fandom: Console Commands (Skyrim)/Books,Deep linked-page seed pass: Books
Books,WindhelmHomeDecoratingGuide,000F1446,Windhelm Home Decorating Guide,,Fandom: Console Commands (Skyrim)/Books,Deep linked-page seed pass: Books
Books,Withershins,0001B014,Withershins,,Fandom: Console Commands (Skyrim)/Books,Deep linked-page seed pass: Books
Books,WordsAndPhilosophy,0001AFD8,Words and Philosophy,,Fandom: Console Commands (Skyrim)/Books,Deep linked-page seed pass: Books
Books,WordsOfClanMotherAhnissi,0001B27D,Words of Clan Mother Ahnissi,,Fandom: Console Commands (Skyrim)/Books,Deep linked-page seed pass: Books
Books,WraithSWeddingDowry,0001B273,Wraith's Wedding Dowry,,Fandom: Console Commands (Skyrim)/Books,Deep linked-page seed pass: Books
Books,WritOfSealing,000F1C17,Writ of Sealing,,Fandom: Console Commands (Skyrim)/Books,Deep linked-page seed pass: Books
Books,WritOfSealing,000F1C18,Writ of Sealing,,Fandom: Console Commands (Skyrim)/Books,Deep linked-page seed pass: Books
Books,WritOfSealing,000F1C19,Writ of Sealing,,Fandom: Console Commands (Skyrim)/Books,Deep linked-page seed pass: Books
Books,WyndeliusSJournal,000D9B6B,Wyndelius's Journal,,Fandom: Console Commands (Skyrim)/Books,Deep linked-page seed pass: Books
Books,YellowBookOfRiddles,0001B274,Yellow Book of Riddles,,Fandom: Console Commands (Skyrim)/Books,Deep linked-page seed pass: Books
Books,YngolAndTheSeaGhosts,0002A563,Yngol and the Sea-Ghosts,,Fandom: Console Commands (Skyrim)/Books,Deep linked-page seed pass: Books
Books,YsoldaSMessage,000E1A9F,Ysolda's Message,,Fandom: Console Commands (Skyrim)/Books,Deep linked-page seed pass: Books
Keys,AbandonedPrisonKey,000E94D4,Abandoned Prison Key,,Fandom: Console Commands (Skyrim)/Keys,Deep linked-page seed pass: Keys
Keys,AbandonedShackKey,0002E3F8,Abandoned Shack Key,,Fandom: Console Commands (Skyrim)/Keys,Deep linked-page seed pass: Keys
Keys,AerinSHouseKey,000FDEB5,Aerin's House Key,,Fandom: Console Commands (Skyrim)/Keys,Deep linked-page seed pass: Keys
Keys,AlorHouseKey,XX018453,Alor House Key,,Fandom: Console Commands (Skyrim)/Keys,Deep linked-page seed pass: Keys
Keys,AngarvundeKey,0008715F,Angarvunde Key,,Fandom: Console Commands (Skyrim)/Keys,Deep linked-page seed pass: Keys
Keys,AnsilvundKey,00093BF4,Ansilvund Key,,Fandom: Console Commands (Skyrim)/Keys,Deep linked-page seed pass: Keys
Keys,ArchMageSQuartersKey,000C5140,Arch-Mage's Quarters Key,,Fandom: Console Commands (Skyrim)/Keys,Deep linked-page seed pass: Keys
Keys,AretinoResidenceKey,0009C795,Aretino Residence Key,,Fandom: Console Commands (Skyrim)/Keys,Deep linked-page seed pass: Keys
Keys,ArgonianAssemblageKey,0009C79B,Argonian Assemblage Key,,Fandom: Console Commands (Skyrim)/Keys,Deep linked-page seed pass: Keys
Keys,ArondilSKey,000835CA,Arondil's Key,,Fandom: Console Commands (Skyrim)/Keys,Deep linked-page seed pass: Keys
Keys,AtheronResidenceKey,0009C7DA,Atheron Residence Key,,Fandom: Console Commands (Skyrim)/Keys,Deep linked-page seed pass: Keys
Keys,AvanchnzelKey,0006D0AD,Avanchnzel Key,,Fandom: Console Commands (Skyrim)/Keys,Deep linked-page seed pass: Keys
Keys,BaldorSHouseKey,XX018FB7,Baldor's House Key,,Fandom: Console Commands (Skyrim)/Keys,Deep linked-page seed pass: Keys
Keys,BeeAndBarbKey,000FDEB2,Bee and Barb Key,,Fandom: Console Commands (Skyrim)/Keys,Deep linked-page seed pass: Keys
Keys,BelethorSGeneralGoodsKey,00093B07,Belethor's General Goods Key,,Fandom: Console Commands (Skyrim)/Keys,Deep linked-page seed pass: Keys
Keys,BelynHlaaluSHouseKey,0009C864,Belyn Hlaalu's House Key,,Fandom: Console Commands (Skyrim)/Keys,Deep linked-page seed pass: Keys
Keys,BenkongerikeKey,XX01A971,Benkongerike Key,,Fandom: Console Commands (Skyrim)/Keys,Deep linked-page seed pass: Keys
Keys,BilegulchMineKey,000EF02F,Bilegulch Mine Key,,Fandom: Console Commands (Skyrim)/Keys,Deep linked-page seed pass: Keys
Keys,BlackBriarLodgeKey,0002C474,Black-Briar Lodge Key,,Fandom: Console Commands (Skyrim)/Keys,Deep linked-page seed pass: Keys
Keys,BlackBriarManorKey,000FDEB7,Black-Briar Manor Key,,Fandom: Console Commands (Skyrim)/Keys,Deep linked-page seed pass: Keys
Keys,BlackBriarMeaderyKey,000FDEB9,Black-Briar Meadery Key,,Fandom: Console Commands (Skyrim)/Keys,Deep linked-page seed pass: Keys
Keys,BloodletCageKey,0005E4A8,Bloodlet Cage Key,,Fandom: Console Commands (Skyrim)/Keys,Deep linked-page seed pass: Keys
Keys,BluePalaceServantsKey,000B48FE,Blue Palace Servants Key,,Fandom: Console Commands (Skyrim)/Keys,Deep linked-page seed pass: Keys
Keys,BolliSHouseKey,000FDEB6,Bolli's House Key,,Fandom: Console Commands (Skyrim)/Keys,Deep linked-page seed pass: Keys
Keys,BoneyardKey,XX004BD5,Boneyard Key,,Fandom: Console Commands (Skyrim)/Keys,Deep linked-page seed pass: Keys
Keys,BorkulSKey,0001AB5D,Borkul's Key,,Fandom: Console Commands (Skyrim)/Keys,Deep linked-page seed pass: Keys
Keys,BrandSheiSStrongboxKey,000E82C3,Brand-Shei's Strongbox Key,,Fandom: Console Commands (Skyrim)/Keys,Deep linked-page seed pass: Keys
Keys,BrandSheiSStrongboxKey,XX024FA7,Brand-Shei's Strongbox Key,,Fandom: Console Commands (Skyrim)/Keys,Deep linked-page seed pass: Keys
Keys,BrandyMugFarmhouseKey,0009C876,Brandy-Mug Farmhouse Key,,Fandom: Console Commands (Skyrim)/Keys,Deep linked-page seed pass: Keys
Keys,BrinewaterGrottoKey,00050341,Brinewater Grotto Key,,Fandom: Console Commands (Skyrim)/Keys,Deep linked-page seed pass: Keys
Keys,BrokenTowerPrisonKey,0008683B,Broken Tower Prison Key,,Fandom: Console Commands (Skyrim)/Keys,Deep linked-page seed pass: Keys
Keys,BrunwulfSHouseKey,000DD744,Brunwulf's House Key,,Fandom: Console Commands (Skyrim)/Keys,Deep linked-page seed pass: Keys
Keys,CaerelliusHouseKey,XX018455,Caerellius House Key,,Fandom: Console Commands (Skyrim)/Keys,Deep linked-page seed pass: Keys
Keys,CageKey,0001C250,Cage Key,,Fandom: Console Commands (Skyrim)/Keys,Deep linked-page seed pass: Keys
Keys,CageKey,000506D2,Cage Key,,Fandom: Console Commands (Skyrim)/Keys,Deep linked-page seed pass: Keys
Keys,CalcelmoSLaboratoryKey,00055901,Calcelmo's Laboratory Key,,Fandom: Console Commands (Skyrim)/Keys,Deep linked-page seed pass: Keys
Keys,CalixtoSKey,000E6C64,Calixto's Key,,Fandom: Console Commands (Skyrim)/Keys,Deep linked-page seed pass: Keys
Keys,CaptiveShackleKey,0002E3F9,Captive Shackle Key,,Fandom: Console Commands (Skyrim)/Keys,Deep linked-page seed pass: Keys
Keys,CastleDourDungeonKey,0007E019,Castle Dour Dungeon Key,,Fandom: Console Commands (Skyrim)/Keys,Deep linked-page seed pass: Keys
Keys,CastleKarstaagKey,XX02481A,Castle Karstaag Key,,Fandom: Console Commands (Skyrim)/Keys,Deep linked-page seed pass: Keys
Keys,CellarKey,0002BAE2,Cellar Key,,Fandom: Console Commands (Skyrim)/Keys,Deep linked-page seed pass: Keys
Keys,ChillrendCaseKey,000F84A5,Chillrend Case Key,,Fandom: Console Commands (Skyrim)/Keys,Deep linked-page seed pass: Keys
Keys,ClanCruelSeaHouseKey,0009C86A,Clan Cruel-Sea House Key,,Fandom: Console Commands (Skyrim)/Keys,Deep linked-page seed pass: Keys
Keys,ClanShatterShieldHouseKey,0009C86C,Clan Shatter-Shield House Key,,Fandom: Console Commands (Skyrim)/Keys,Deep linked-page seed pass: Keys
Keys,ClanShatterShieldOfficeKey,0009C867,Clan Shatter-Shield Office Key,,Fandom: Console Commands (Skyrim)/Keys,Deep linked-page seed pass: Keys
Keys,ConfiscatedGoodsKey,0010E7E6,Confiscated Goods Key,,Fandom: Console Commands (Skyrim)/Keys,Deep linked-page seed pass: Keys
Keys,CowflopFarmKey,0009E134,Cowflop Farm Key,,Fandom: Console Commands (Skyrim)/Keys,Deep linked-page seed pass: Keys
Keys,CrackedTuskVaultKey,00066485,Cracked Tusk Vault Key,,Fandom: Console Commands (Skyrim)/Keys,Deep linked-page seed pass: Keys
Keys,CraglaneChestKey,000D81F9,Craglane Chest Key,,Fandom: Console Commands (Skyrim)/Keys,Deep linked-page seed pass: Keys
Keys,CraglaneDogCageKey,000D509B,Craglane Dog Cage Key,,Fandom: Console Commands (Skyrim)/Keys,Deep linked-page seed pass: Keys
Keys,CrossinghouseKey,0009C6D7,Crossinghouse Key,,Fandom: Console Commands (Skyrim)/Keys,Deep linked-page seed pass: Keys
Keys,DaintySloadFootlockerKey,0005B614,Dainty Sload Footlocker Key,,Fandom: Console Commands (Skyrim)/Keys,Deep linked-page seed pass: Keys
Keys,DarklightTowerClosetKey,0002E104,Darklight Tower Closet Key,,Fandom: Console Commands (Skyrim)/Keys,Deep linked-page seed pass: Keys
Keys,DarklightTowerKey,00041965,Darklight Tower Key,,Fandom: Console Commands (Skyrim)/Keys,Deep linked-page seed pass: Keys
Keys,DarkwaterPitKey,000D7772,Darkwater Pit Key,,Fandom: Console Commands (Skyrim)/Keys,Deep linked-page seed pass: Keys
Keys,DarkwaterPitKey,0003BB13,Darkwater Pit Key,,Fandom: Console Commands (Skyrim)/Keys,Deep linked-page seed pass: Keys
Keys,DawnguardCacheKey,XX0034FB,Dawnguard Cache Key,,Fandom: Console Commands (Skyrim)/Keys,Deep linked-page seed pass: Keys
Keys,DeadCroneRockKey,000A0D46,Dead Crone Rock Key,,Fandom: Console Commands (Skyrim)/Keys,Deep linked-page seed pass: Keys
Keys,DeepwoodRedoubtKey,00028440,Deepwood Redoubt Key,,Fandom: Console Commands (Skyrim)/Keys,Deep linked-page seed pass: Keys
Keys,DelphineSSecretDoorKey,000990DF,Delphine's Secret Door Key,,Fandom: Console Commands (Skyrim)/Keys,Deep linked-page seed pass: Keys
Keys,DeorSHouseKey,XX018FA4,Deor's House Key,,Fandom: Console Commands (Skyrim)/Keys,Deep linked-page seed pass: Keys
Keys,DoesnTExist,000C62A1,Doesn't Exist,,Fandom: Console Commands (Skyrim)/Keys,Deep linked-page seed pass: Keys
Keys,DragonBridgeChestKey,000F4A1A,Dragon Bridge Chest Key,,Fandom: Console Commands (Skyrim)/Keys,Deep linked-page seed pass: Keys
Keys,DustmanSCairnKey,0009AEFF,Dustman's Cairn Key,,Fandom: Console Commands (Skyrim)/Keys,Deep linked-page seed pass: Keys
Keys,DwemerMuseumKey,00094392,Dwemer Museum Key,,Fandom: Console Commands (Skyrim)/Keys,Deep linked-page seed pass: Keys
Keys,EastEmpireOfficeKey,00056AF7,East Empire Office Key,,Fandom: Console Commands (Skyrim)/Keys,Deep linked-page seed pass: Keys
Keys,EastEmpireWarehouseKey,0010080E,East Empire Warehouse Key,,Fandom: Console Commands (Skyrim)/Keys,Deep linked-page seed pass: Keys
Keys,EdlaSHouseKey,XX018FBB,Edla's House Key,,Fandom: Console Commands (Skyrim)/Keys,Deep linked-page seed pass: Keys
Keys,ElgrimSElixirsKey,000FDEBA,Elgrim's Elixirs Key,,Fandom: Console Commands (Skyrim)/Keys,Deep linked-page seed pass: Keys
Keys,EmbershardMineKey,000B6FE5,Embershard Mine Key,,Fandom: Console Commands (Skyrim)/Keys,Deep linked-page seed pass: Keys
Keys,FaldarSCageKey,000C007B,Faldar's Cage Key,,Fandom: Console Commands (Skyrim)/Keys,Deep linked-page seed pass: Keys
Keys,FaldarSToothKey,00043A71,Faldar's Tooth Key,,Fandom: Console Commands (Skyrim)/Keys,Deep linked-page seed pass: Keys
Keys,FalkreathJailKey,000FB90C,Falkreath Jail Key,,Fandom: Console Commands (Skyrim)/Keys,Deep linked-page seed pass: Keys
Keys,FellglowKeepKey,00071C07,Fellglow Keep Key,,Fandom: Console Commands (Skyrim)/Keys,Deep linked-page seed pass: Keys
Keys,FellglowRitualChamberKey,00071C08,Fellglow Ritual Chamber Key,,Fandom: Console Commands (Skyrim)/Keys,Deep linked-page seed pass: Keys
Keys,FellhammerMineKey,000446D8,Fellhammer Mine Key,,Fandom: Console Commands (Skyrim)/Keys,Deep linked-page seed pass: Keys
Keys,FellstarFarmKey,00106E23,Fellstar Farm Key,,Fandom: Console Commands (Skyrim)/Keys,Deep linked-page seed pass: Keys
Keys,FolgunthurCatacombKey,000AB6FE,Folgunthur Catacomb Key,,Fandom: Console Commands (Skyrim)/Keys,Deep linked-page seed pass: Keys
Keys,ForelhostBalconyKey,0003A691,Forelhost Balcony Key,,Fandom: Console Commands (Skyrim)/Keys,Deep linked-page seed pass: Keys
Keys,ForelhostEntranceKey,0003A694,Forelhost Entrance Key,,Fandom: Console Commands (Skyrim)/Keys,Deep linked-page seed pass: Keys
Keys,ForelhostWellKey,000241B4,Forelhost Well Key,,Fandom: Console Commands (Skyrim)/Keys,Deep linked-page seed pass: Keys
Keys,FortBlackmoorPrisonKey,00016FF1,Fort Blackmoor Prison Key,,Fandom: Console Commands (Skyrim)/Keys,Deep linked-page seed pass: Keys
Keys,FortFrostmothKey,XX01F4B4,Fort Frostmoth Key,,Fandom: Console Commands (Skyrim)/Keys,Deep linked-page seed pass: Keys
Keys,FortKastavPrisonKey,000BED2D,Fort Kastav Prison Key,,Fandom: Console Commands (Skyrim)/Keys,Deep linked-page seed pass: Keys
Keys,FortNeugradLibraryKey,000CC59C,Fort Neugrad Library Key,,Fandom: Console Commands (Skyrim)/Keys,Deep linked-page seed pass: Keys
Keys,FortNeugradPrisonKey,0008B232,Fort Neugrad Prison Key,,Fandom: Console Commands (Skyrim)/Keys,Deep linked-page seed pass: Keys
Keys,FortSnowhawkPrisonKey,00091F0E,Fort Snowhawk Prison Key,,Fandom: Console Commands (Skyrim)/Keys,Deep linked-page seed pass: Keys
Keys,FortSnowhawkQuartersKey,000D8996,Fort Snowhawk Quarters Key,,Fandom: Console Commands (Skyrim)/Keys,Deep linked-page seed pass: Keys
Keys,FortSungardJailKey,000798C1,Fort Sungard Jail Key,,Fandom: Console Commands (Skyrim)/Keys,Deep linked-page seed pass: Keys
Keys,GloverMallorySHouseKey,XX018454,Glover Mallory's House Key,,Fandom: Console Commands (Skyrim)/Keys,Deep linked-page seed pass: Keys
Keys,GloverSGuildKey,XX02AD3D,Glover's Guild Key,,Fandom: Console Commands (Skyrim)/Keys,Deep linked-page seed pass: Keys
Keys,GoldenglowCellarKey,00061AED,Goldenglow Cellar Key,,Fandom: Console Commands (Skyrim)/Keys,Deep linked-page seed pass: Keys
Keys,GoldenglowGateKey,000B6439,Goldenglow Gate Key,,Fandom: Console Commands (Skyrim)/Keys,Deep linked-page seed pass: Keys
Keys,GoldenglowSafeKey,000E6DFE,Goldenglow Safe Key,,Fandom: Console Commands (Skyrim)/Keys,Deep linked-page seed pass: Keys
Keys,GrelkaSMarketKey,000B8F35,Grelka's Market Key,,Fandom: Console Commands (Skyrim)/Keys,Deep linked-page seed pass: Keys
Keys,GyldenhulBarrowKey,XX018D1C,Gyldenhul Barrow Key,,Fandom: Console Commands (Skyrim)/Keys,Deep linked-page seed pass: Keys
Keys,HabdSLighthouseKey,00048141,Habd's Lighthouse Key,,Fandom: Console Commands (Skyrim)/Keys,Deep linked-page seed pass: Keys
Keys,HaelgaSBunkhouseKey,000FDEB4,Haelga's Bunkhouse Key,,Fandom: Console Commands (Skyrim)/Keys,Deep linked-page seed pass: Keys
Keys,HagRockRuinJailKey,000E9918,Hag Rock Ruin Jail Key,,Fandom: Console Commands (Skyrim)/Keys,Deep linked-page seed pass: Keys
Keys,HagSEndKey,0009D392,Hag's End Key,,Fandom: Console Commands (Skyrim)/Keys,Deep linked-page seed pass: Keys
Keys,HargarSChestKey,00038CE2,Hargar's Chest Key,,Fandom: Console Commands (Skyrim)/Keys,Deep linked-page seed pass: Keys
Keys,HelgenKeepKey,000B5178,Helgen Keep Key,,Fandom: Console Commands (Skyrim)/Keys,Deep linked-page seed pass: Keys
Keys,HillgrundSChestKey,000BC6FE,Hillgrund's Chest Key,,Fandom: Console Commands (Skyrim)/Keys,Deep linked-page seed pass: Keys
Keys,HillgrundSTombCryptKey,000A9F21,Hillgrund's Tomb Crypt Key,,Fandom: Console Commands (Skyrim)/Keys,Deep linked-page seed pass: Keys
Keys,HillgrundSTombKey,00019CFF,Hillgrund's Tomb Key,,Fandom: Console Commands (Skyrim)/Keys,Deep linked-page seed pass: Keys
Keys,HlaaluFarmhouseKey,0009C875,Hlaalu Farmhouse Key,,Fandom: Console Commands (Skyrim)/Keys,Deep linked-page seed pass: Keys
Keys,HollyfrostFarmhouseKey,0009C874,Hollyfrost Farmhouse Key,,Fandom: Console Commands (Skyrim)/Keys,Deep linked-page seed pass: Keys
Keys,HonningbrewBrewhouseKey,0005CDBC,Honningbrew Brewhouse Key,,Fandom: Console Commands (Skyrim)/Keys,Deep linked-page seed pass: Keys
Keys,HonningbrewMeaderyKey,0002BAA7,Honningbrew Meadery Key,,Fandom: Console Commands (Skyrim)/Keys,Deep linked-page seed pass: Keys
Keys,HorgeirSHouseKey,000B8761,Horgeir's House Key,,Fandom: Console Commands (Skyrim)/Keys,Deep linked-page seed pass: Keys
Keys,IenthFarmhouseKey,XX018457,Ienth Farmhouse Key,,Fandom: Console Commands (Skyrim)/Keys,Deep linked-page seed pass: Keys
Keys,IngunSSupplyChestKey,0003C590,Ingun's Supply Chest Key,,Fandom: Console Commands (Skyrim)/Keys,Deep linked-page seed pass: Keys
Keys,InterrogationChamberKey,00039F29,Interrogation Chamber Key,,Fandom: Console Commands (Skyrim)/Keys,Deep linked-page seed pass: Keys
Keys,InvestigatorSKey,000F9924,Investigator's Key,,Fandom: Console Commands (Skyrim)/Keys,Deep linked-page seed pass: Keys
Keys,IrkngthandArcanexKey,000B7CBC,Irkngthand Arcanex Key,,Fandom: Console Commands (Skyrim)/Keys,Deep linked-page seed pass: Keys
Keys,IrkngthandConsortiumKey,000B7C00,Irkngthand Consortium Key,,Fandom: Console Commands (Skyrim)/Keys,Deep linked-page seed pass: Keys
Keys,IronKey,0004EC50,Iron Key,,Fandom: Console Commands (Skyrim)/Keys,Deep linked-page seed pass: Keys
Keys,IrontreeMillHouseKey,00098B7A,Irontree Mill House Key,,Fandom: Console Commands (Skyrim)/Keys,Deep linked-page seed pass: Keys
Keys,JaphetSFollyKey,0002E5FB,Japhet's Folly Key,,Fandom: Console Commands (Skyrim)/Keys,Deep linked-page seed pass: Keys
Keys,JareeSKey,00023A70,Jaree's Key,,Fandom: Console Commands (Skyrim)/Keys,Deep linked-page seed pass: Keys
Keys,JorrvaskrBackRoomKey,000734C5,Jorrvaskr Back Room Key,,Fandom: Console Commands (Skyrim)/Keys,Deep linked-page seed pass: Keys
Keys,KatariahMasterKey,000BBB7F,Katariah Master Key,,Fandom: Console Commands (Skyrim)/Keys,Deep linked-page seed pass: Keys
Keys,KeeravaSKey,0004E0B7,Keerava's Key,,Fandom: Console Commands (Skyrim)/Keys,Deep linked-page seed pass: Keys
Keys,KerahSKey,0004700D,Kerah's Key,,Fandom: Console Commands (Skyrim)/Keys,Deep linked-page seed pass: Keys
Keys,KeyToAbandonedLodge,XX027E00,Key to Abandoned Lodge,,Fandom: Console Commands (Skyrim)/Keys,Deep linked-page seed pass: Keys
Keys,KeyToAddvarSHouse,000C13C3,Key to Addvar's House,,Fandom: Console Commands (Skyrim)/Keys,Deep linked-page seed pass: Keys
Keys,KeyToAeriSHouse,0006564E,Key to Aeri's House,,Fandom: Console Commands (Skyrim)/Keys,Deep linked-page seed pass: Keys
Keys,KeyToAleucSHouse,0009E2A5,Key to Aleuc's House,,Fandom: Console Commands (Skyrim)/Keys,Deep linked-page seed pass: Keys
Keys,KeyToAlftandLift,000D1843,Key to Alftand Lift,,Fandom: Console Commands (Skyrim)/Keys,Deep linked-page seed pass: Keys
Keys,KeyToAlvaSHouse,00070E80,Key to Alva's House,,Fandom: Console Commands (Skyrim)/Keys,Deep linked-page seed pass: Keys
Keys,KeyToAlvorSHouse,00036A3D,Key to Alvor's House,,Fandom: Console Commands (Skyrim)/Keys,Deep linked-page seed pass: Keys
Keys,KeyToAmrenSHouse,00093B06,Key to Amren's House,,Fandom: Console Commands (Skyrim)/Keys,Deep linked-page seed pass: Keys
Keys,KeyToAngaSMillCommonHouse,00065650,Key to Anga's Mill Common House,,Fandom: Console Commands (Skyrim)/Keys,Deep linked-page seed pass: Keys
Keys,KeyToAngelineSAromatics,000C13C6,Key to Angeline's Aromatics,,Fandom: Console Commands (Skyrim)/Keys,Deep linked-page seed pass: Keys
Keys,KeyToArcadiaSCauldron,00093B05,Key to Arcadia's Cauldron,,Fandom: Console Commands (Skyrim)/Keys,Deep linked-page seed pass: Keys
Keys,KeyToArgiSHut,0009E2A6,Key to Argi's Hut,,Fandom: Console Commands (Skyrim)/Keys,Deep linked-page seed pass: Keys
Keys,KeyToArnleifAndSonsTradingCompany,0006566E,Key to Arnleif and Sons Trading Company,,Fandom: Console Commands (Skyrim)/Keys,Deep linked-page seed pass: Keys
Keys,KeyToBardsCollege,000C13C9,Key to Bards College,,Fandom: Console Commands (Skyrim)/Keys,Deep linked-page seed pass: Keys
Keys,KeyToBattleBornFarmhouse,000FE2B1,Key to Battle-Born Farmhouse,,Fandom: Console Commands (Skyrim)/Keys,Deep linked-page seed pass: Keys
Keys,KeyToBeitildSHouse,0009DA2D,Key to Beitild's House,,Fandom: Console Commands (Skyrim)/Keys,Deep linked-page seed pass: Keys
Keys,KeyToBelethorSGeneralGoods,00093B07,Key to Belethor's General Goods,,Fandom: Console Commands (Skyrim)/Keys,Deep linked-page seed pass: Keys
Keys,KeyToBitsAndPieces,000C13CC,Key to Bits and Pieces,,Fandom: Console Commands (Skyrim)/Keys,Deep linked-page seed pass: Keys
Keys,KeyToBluePalace,000C13D2,Key to Blue Palace,,Fandom: Console Commands (Skyrim)/Keys,Deep linked-page seed pass: Keys
Keys,KeyToBreezehome,00093B08,Key to Breezehome,,Fandom: Console Commands (Skyrim)/Keys,Deep linked-page seed pass: Keys
Keys,KeyToBrinaSHouse,0009DA32,Key to Brina's House,,Fandom: Console Commands (Skyrim)/Keys,Deep linked-page seed pass: Keys
Keys,KeyToBrylingSHouse,000C13D5,Key to Bryling's House,,Fandom: Console Commands (Skyrim)/Keys,Deep linked-page seed pass: Keys
Keys,KeyToBthardamzElevator,0003E141,Key to Bthardamz Elevator,,Fandom: Console Commands (Skyrim)/Keys,Deep linked-page seed pass: Keys
Keys,KeyToBurgukSLonghouse,0006566A,Key to Burguk's Longhouse,,Fandom: Console Commands (Skyrim)/Keys,Deep linked-page seed pass: Keys
Keys,KeyToCarlottaValentiaSHouse,00093B09,Key to Carlotta Valentia's House,,Fandom: Console Commands (Skyrim)/Keys,Deep linked-page seed pass: Keys
Keys,KeyToCastleDour,000C13D8,Key to Castle Dour,,Fandom: Console Commands (Skyrim)/Keys,Deep linked-page seed pass: Keys
Keys,KeyToCastleDourTower,000C13DB,Key to Castle Dour Tower,,Fandom: Console Commands (Skyrim)/Keys,Deep linked-page seed pass: Keys
Keys,KeyToChillfurrowFarmhouse,000FE2B2,Key to Chillfurrow Farmhouse,,Fandom: Console Commands (Skyrim)/Keys,Deep linked-page seed pass: Keys
Keys,KeyToCidhnaMine,00100FA6,Key to Cidhna Mine,,Fandom: Console Commands (Skyrim)/Keys,Deep linked-page seed pass: Keys
Keys,KeyToCorpselightFarm,000C1395,Key to Corpselight Farm,,Fandom: Console Commands (Skyrim)/Keys,Deep linked-page seed pass: Keys
Keys,KeyToCosnachSRoom,000656E5,Key to Cosnach's Room,,Fandom: Console Commands (Skyrim)/Keys,Deep linked-page seed pass: Keys
Keys,KeyToDaighreSHouse,00065667,Key to Daighre's House,,Fandom: Console Commands (Skyrim)/Keys,Deep linked-page seed pass: Keys
Keys,KeyToDawnstarJail,0009DA41,Key to Dawnstar Jail,,Fandom: Console Commands (Skyrim)/Keys,Deep linked-page seed pass: Keys
Keys,KeyToDegaineSRoom,000BEC39,Key to Degaine's Room,,Fandom: Console Commands (Skyrim)/Keys,Deep linked-page seed pass: Keys
Keys,KeyToDengeirSHall,000C13A5,Key to Dengeir's Hall,,Fandom: Console Commands (Skyrim)/Keys,Deep linked-page seed pass: Keys
Keys,KeyToEltrysSRoom,000656E3,Key to Eltrys's Room,,Fandom: Console Commands (Skyrim)/Keys,Deep linked-page seed pass: Keys
Keys,KeyToEndonSHouse,00065672,Key to Endon's House,,Fandom: Console Commands (Skyrim)/Keys,Deep linked-page seed pass: Keys
Keys,KeyToEnmonSHouse,0006565E,Key to Enmon's House,,Fandom: Console Commands (Skyrim)/Keys,Deep linked-page seed pass: Keys
Keys,KeyToErikurSHouse,000C13E1,Key to Erikur's House,,Fandom: Console Commands (Skyrim)/Keys,Deep linked-page seed pass: Keys
Keys,KeyToEvetteSanSHouse,000C13E4,Key to Evette San's House,,Fandom: Console Commands (Skyrim)/Keys,Deep linked-page seed pass: Keys
Keys,KeyToFaendalSHouse,00036A42,Key to Faendal's House,,Fandom: Console Commands (Skyrim)/Keys,Deep linked-page seed pass: Keys
Keys,KeyToFalionSHouse,00108BA4,Key to Falion's House,,Fandom: Console Commands (Skyrim)/Keys,Deep linked-page seed pass: Keys
Keys,KeyToFalionSHouse,0009E298,Key to Falion's House,,Fandom: Console Commands (Skyrim)/Keys,Deep linked-page seed pass: Keys
Keys,KeyToFathendasHouse,00065653,Key to Fathendas House,,Fandom: Console Commands (Skyrim)/Keys,Deep linked-page seed pass: Keys
Keys,KeyToFilnjarSHouse,00106E21,Key to Filnjar's House,,Fandom: Console Commands (Skyrim)/Keys,Deep linked-page seed pass: Keys
Keys,KeyToFrukiSHouse,0009DA42,Key to Fruki's House,,Fandom: Console Commands (Skyrim)/Keys,Deep linked-page seed pass: Keys
Keys,KeyToGarveySRoom,00065780,Key to Garvey's Room,,Fandom: Console Commands (Skyrim)/Keys,Deep linked-page seed pass: Keys
Keys,KeyToGerdurSHouse,00036A40,Key to Gerdur's House,,Fandom: Console Commands (Skyrim)/Keys,Deep linked-page seed pass: Keys
Keys,KeyToGesturSHouse,0009E2A3,Key to Gestur's House,,Fandom: Console Commands (Skyrim)/Keys,Deep linked-page seed pass: Keys
Keys,KeyToGilfreSHouse,000F18EC,Key to Gilfre's House,,Fandom: Console Commands (Skyrim)/Keys,Deep linked-page seed pass: Keys
Keys,KeyToGraveConcoctions,000C13A6,Key to Grave Concoctions,,Fandom: Console Commands (Skyrim)/Keys,Deep linked-page seed pass: Keys
Keys,KeyToGrayPineGoods,000C13A7,Key to Gray Pine Goods,,Fandom: Console Commands (Skyrim)/Keys,Deep linked-page seed pass: Keys
Keys,KeyToGularzKhazgurKeep,0006649A,Key to Gularz Khazgur Keep,,Fandom: Console Commands (Skyrim)/Keys,Deep linked-page seed pass: Keys
Keys,KeyToHalfMoonMill,000C13C0,Key to Half Moon Mill,,Fandom: Console Commands (Skyrim)/Keys,Deep linked-page seed pass: Keys
Keys,KeyToHalldirSCrypt,0003AD48,Key to Halldir's Crypt,,Fandom: Console Commands (Skyrim)/Keys,Deep linked-page seed pass: Keys
Keys,KeyToHaltedStreamMine,000D2947,Key to Halted Stream Mine,,Fandom: Console Commands (Skyrim)/Keys,Deep linked-page seed pass: Keys
Keys,KeyToHeigenSFarmhouse,00065655,Key to Heigen's Farmhouse,,Fandom: Console Commands (Skyrim)/Keys,Deep linked-page seed pass: Keys
Keys,KeyToHeimskrSHouse,00093B0A,Key to Heimskr's House,,Fandom: Console Commands (Skyrim)/Keys,Deep linked-page seed pass: Keys
Keys,KeyToHjerim,00021679,Key to Hjerim,,Fandom: Console Commands (Skyrim)/Keys,Deep linked-page seed pass: Keys
Keys,KeyToHjorunnSRoom,00098B7C,Key to Hjorunn's Room,,Fandom: Console Commands (Skyrim)/Keys,Deep linked-page seed pass: Keys
Keys,KeyToHoneyside,000A7B36,Key to Honeyside,,Fandom: Console Commands (Skyrim)/Keys,Deep linked-page seed pass: Keys
Keys,KeyToHouseBattleBorn,00093B0C,Key to House Battle-Born,,Fandom: Console Commands (Skyrim)/Keys,Deep linked-page seed pass: Keys
Keys,KeyToHouseGrayMane,00093B0B,Key to House Gray-Mane,,Fandom: Console Commands (Skyrim)/Keys,Deep linked-page seed pass: Keys
Keys,KeyToHouseOfArkay,000C13A8,Key to House of Arkay,,Fandom: Console Commands (Skyrim)/Keys,Deep linked-page seed pass: Keys
Keys,KeyToIrgnirSHouse,0009DA37,Key to Irgnir's House,,Fandom: Console Commands (Skyrim)/Keys,Deep linked-page seed pass: Keys
Keys,KeyToJalaSHouse,000C13EA,Key to Jala's House,,Fandom: Console Commands (Skyrim)/Keys,Deep linked-page seed pass: Keys
Keys,KeyToJensFarmhouse,00065656,Key to Jens' Farmhouse,,Fandom: Console Commands (Skyrim)/Keys,Deep linked-page seed pass: Keys
Keys,KeyToJorgenAndLamiSHouse,000B858A,Key to Jorgen and Lami's House,,Fandom: Console Commands (Skyrim)/Keys,Deep linked-page seed pass: Keys
Keys,KeyToJorgenSChest,00026BC8,Key to Jorgen's Chest,,Fandom: Console Commands (Skyrim)/Keys,Deep linked-page seed pass: Keys
Keys,KeyToJusticiarSHeadquarter,000C13ED,Key to Justiciar's Headquarter,,Fandom: Console Commands (Skyrim)/Keys,Deep linked-page seed pass: Keys
Keys,KeyToKarthwastenHall,0006565C,Key to Karthwasten Hall,,Fandom: Console Commands (Skyrim)/Keys,Deep linked-page seed pass: Keys
Keys,KeyToKarthwastenMinersBarracks,00065660,Key to Karthwasten Miners' Barracks,,Fandom: Console Commands (Skyrim)/Keys,Deep linked-page seed pass: Keys
Keys,KeyToKatlaSFarm,00098B7D,Key to Katla's Farm,,Fandom: Console Commands (Skyrim)/Keys,Deep linked-page seed pass: Keys
Keys,KeyToKharagSRoom,00098B7B,Key to Kharag's Room,,Fandom: Console Commands (Skyrim)/Keys,Deep linked-page seed pass: Keys
Keys,KeyToKlimmekSHouse,00106E24,Key to Klimmek's House,,Fandom: Console Commands (Skyrim)/Keys,Deep linked-page seed pass: Keys
Keys,KeyToKraldarSHouse,0009E28E,Key to Kraldar's House,,Fandom: Console Commands (Skyrim)/Keys,Deep linked-page seed pass: Keys
Keys,KeyToLamiSHut,0009E29A,Key to Lami's Hut,,Fandom: Console Commands (Skyrim)/Keys,Deep linked-page seed pass: Keys
Keys,KeyToLarakSLonghouse,00065669,Key to Larak's Longhouse,,Fandom: Console Commands (Skyrim)/Keys,Deep linked-page seed pass: Keys
Keys,KeyToLeftHandMinerSBarracks,00065665,Key to Left Hand Miner's Barracks,,Fandom: Console Commands (Skyrim)/Keys,Deep linked-page seed pass: Keys
Keys,KeyToLeigelfSHouse,0009DA38,Key to Leigelf's House,,Fandom: Console Commands (Skyrim)/Keys,Deep linked-page seed pass: Keys
Keys,KeyToLodSHouse,000C13AA,Key to Lod's House,,Fandom: Console Commands (Skyrim)/Keys,Deep linked-page seed pass: Keys
Keys,KeyToLonghouse,0009E2A4,Key to Longhouse,,Fandom: Console Commands (Skyrim)/Keys,Deep linked-page seed pass: Keys
Keys,KeyToLoreiusFamhouse,00065651,Key to Loreius Famhouse,,Fandom: Console Commands (Skyrim)/Keys,Deep linked-page seed pass: Keys
Keys,KeyToMaidenLoomManor,00093B0D,Key to Maiden-Loom Manor,,Fandom: Console Commands (Skyrim)/Keys,Deep linked-page seed pass: Keys
Keys,KeyToMargretSRoom,000D3E6A,Key to Margret's Room,,Fandom: Console Commands (Skyrim)/Keys,Deep linked-page seed pass: Keys
Keys,KeyToMarkarthKeep,000656EC,Key to Markarth Keep,,Fandom: Console Commands (Skyrim)/Keys,Deep linked-page seed pass: Keys
Keys,KeyToMarkarthStables,000BEB82,Key to Markarth Stables,,Fandom: Console Commands (Skyrim)/Keys,Deep linked-page seed pass: Keys
Keys,KeyToMarkarthTreasuryHouse,0006566C,Key to Markarth Treasury House,,Fandom: Console Commands (Skyrim)/Keys,Deep linked-page seed pass: Keys
Keys,KeyToMehrunesShrine,00107D97,Key to Mehrunes' Shrine,,Fandom: Console Commands (Skyrim)/Keys,Deep linked-page seed pass: Keys
Keys,KeyToMorthalGuardhouse,00108BA5,Key to Morthal Guardhouse,,Fandom: Console Commands (Skyrim)/Keys,Deep linked-page seed pass: Keys
Keys,KeyToMorthalJail,0010480C,Key to Morthal Jail,,Fandom: Console Commands (Skyrim)/Keys,Deep linked-page seed pass: Keys
Keys,KeyToNchuandZel,000537F8,Key to Nchuand-Zel,,Fandom: Console Commands (Skyrim)/Keys,Deep linked-page seed pass: Keys
Keys,KeyToNeposSHouse,00065676,Key to Nepos's House,,Fandom: Console Commands (Skyrim)/Keys,Deep linked-page seed pass: Keys
Keys,KeyToOdfelSHouse,00106E22,Key to Odfel's House,,Fandom: Console Commands (Skyrim)/Keys,Deep linked-page seed pass: Keys
Keys,KeyToOgmundSHouse,00065674,Key to Ogmund's House,,Fandom: Console Commands (Skyrim)/Keys,Deep linked-page seed pass: Keys
Keys,KeyToOlavaTheFeebleSHouse,00093B0E,Key to Olava the Feeble's House,,Fandom: Console Commands (Skyrim)/Keys,Deep linked-page seed pass: Keys
Keys,KeyToOldHroldanInn,000695C7,Key to Old Hroldan Inn,,Fandom: Console Commands (Skyrim)/Keys,Deep linked-page seed pass: Keys
Keys,KeyToOmluagSRoom,000656E1,Key to Omluag's Room,,Fandom: Console Commands (Skyrim)/Keys,Deep linked-page seed pass: Keys
Keys,KeyToOverseerSHouse,000656E8,Key to Overseer's House,,Fandom: Console Commands (Skyrim)/Keys,Deep linked-page seed pass: Keys
Keys,KeyToPavoSHouse,0006565B,Key to Pavo's House,,Fandom: Console Commands (Skyrim)/Keys,Deep linked-page seed pass: Keys
Keys,KeyToPavoSHouse,000BECD8,Key to Pavo's House,,Fandom: Console Commands (Skyrim)/Keys,Deep linked-page seed pass: Keys
Keys,KeyToSolitudeCemetery,000C13DE,Key to Solitude Cemetery,,Fandom: Console Commands (Skyrim)/Keys,Deep linked-page seed pass: Keys
Keys,KeyToSolitudeFletcher,000C13E7,Key to Solitude Fletcher,,Fandom: Console Commands (Skyrim)/Keys,Deep linked-page seed pass: Keys
Keys,KeyToSolitudeLighthouse,000C13F0,Key to Solitude Lighthouse,,Fandom: Console Commands (Skyrim)/Keys,Deep linked-page seed pass: Keys
Keys,KeyToSolitudeSawmill,000C13F6,Key to Solitude Sawmill,,Fandom: Console Commands (Skyrim)/Keys,Deep linked-page seed pass: Keys
Keys,KeyToSolitudeStables,000C13F9,Key to Solitude Stables,,Fandom: Console Commands (Skyrim)/Keys,Deep linked-page seed pass: Keys
Keys,KeyToSoljundSMinerSHouse,0006565A,Key to Soljund's Miner's House,,Fandom: Console Commands (Skyrim)/Keys,Deep linked-page seed pass: Keys
Keys,KeyToSorliSHouse,0009E2A2,Key to Sorli's House,,Fandom: Console Commands (Skyrim)/Keys,Deep linked-page seed pass: Keys
Keys,KeyToStyrrSHouse,000C13FC,Key to Styrr's House,,Fandom: Console Commands (Skyrim)/Keys,Deep linked-page seed pass: Keys
Keys,KeyToSvenSHouse,00036A41,Key to Sven's House,,Fandom: Console Commands (Skyrim)/Keys,Deep linked-page seed pass: Keys
Keys,KeyToSylgjaSHouse,000F18F9,Key to Sylgja's House,,Fandom: Console Commands (Skyrim)/Keys,Deep linked-page seed pass: Keys
Keys,KeyToTheDeadManSDrink,000C139E,Key to The Dead Man's Drink,,Fandom: Console Commands (Skyrim)/Keys,Deep linked-page seed pass: Keys
Keys,KeyToTheMortarAndPestle,0009DA31,Key to The Mortar and Pestle,,Fandom: Console Commands (Skyrim)/Keys,Deep linked-page seed pass: Keys
Keys,KeyToThonnirSHouse,0009E299,Key to Thonnir's House,,Fandom: Console Commands (Skyrim)/Keys,Deep linked-page seed pass: Keys
Keys,KeyToTraillusSHouse,00065659,Key to Traillus's House,,Fandom: Console Commands (Skyrim)/Keys,Deep linked-page seed pass: Keys
Keys,KeyToUlfberthSHouse,00093B10,Key to Ulfberth's House,,Fandom: Console Commands (Skyrim)/Keys,Deep linked-page seed pass: Keys
Keys,KeyToUthgerdTheUnbrokenSHouse,00093B11,Key to Uthgerd the Unbroken's House,,Fandom: Console Commands (Skyrim)/Keys,Deep linked-page seed pass: Keys
Keys,KeyToVittoriaViciSHouse,000C1402,Key to Vittoria Vici's House,,Fandom: Console Commands (Skyrim)/Keys,Deep linked-page seed pass: Keys
Keys,KeyToVlindrelHall,00094391,Key to Vlindrel Hall,,Fandom: Console Commands (Skyrim)/Keys,Deep linked-page seed pass: Keys
Keys,KeyToWarmaidenS,00093B12,Key to Warmaiden's,,Fandom: Console Commands (Skyrim)/Keys,Deep linked-page seed pass: Keys
Keys,KeyToWeylinSRoom,000D66F9,Key to Weylin's Room,,Fandom: Console Commands (Skyrim)/Keys,Deep linked-page seed pass: Keys
Keys,KeyToWhiterunStables,00093B0F,Key to Whiterun Stables,,Fandom: Console Commands (Skyrim)/Keys,Deep linked-page seed pass: Keys
Keys,KeyToWinkingSkeever,000C1405,Key to Winking Skeever,,Fandom: Console Commands (Skyrim)/Keys,Deep linked-page seed pass: Keys
Keys,KeyToWintersandManor,00093B14,Key to Wintersand Manor,,Fandom: Console Commands (Skyrim)/Keys,Deep linked-page seed pass: Keys
Keys,KeyToYsoldaSHouse,00093B13,Key to Ysolda's House,,Fandom: Console Commands (Skyrim)/Keys,Deep linked-page seed pass: Keys
Keys,KeyToTheAbandonedHouse,00065673,Key to the Abandoned House,,Fandom: Console Commands (Skyrim)/Keys,Deep linked-page seed pass: Keys
Keys,KeyToTheDibellaInnerSanctum,000656EE,Key to the Dibella Inner Sanctum,,Fandom: Console Commands (Skyrim)/Keys,Deep linked-page seed pass: Keys
Keys,KeyToTheHagSCure,00065678,Key to the Hag's Cure,,Fandom: Console Commands (Skyrim)/Keys,Deep linked-page seed pass: Keys
Keys,KeyToTheJarlSLonghouse,000C13A9,Key to the Jarl's Longhouse,,Fandom: Console Commands (Skyrim)/Keys,Deep linked-page seed pass: Keys
Keys,KeyToTheNightgateInn,00065658,Key to the Nightgate Inn,,Fandom: Console Commands (Skyrim)/Keys,Deep linked-page seed pass: Keys
Keys,KeyToTheSilverBloodInn,00065670,Key to the Silver-Blood Inn,,Fandom: Console Commands (Skyrim)/Keys,Deep linked-page seed pass: Keys
Keys,KeyToTheTempleOfDibella,000BD79C,Key to the Temple of Dibella,,Fandom: Console Commands (Skyrim)/Keys,Deep linked-page seed pass: Keys
Keys,KeyToTheTempleOfTheDivines,000C13FF,Key to the Temple of the Divines,,Fandom: Console Commands (Skyrim)/Keys,Deep linked-page seed pass: Keys
Keys,KeyToTheWindpeakInn,000BECDE,Key to the Windpeak Inn,,Fandom: Console Commands (Skyrim)/Keys,Deep linked-page seed pass: Keys
Keys,KingOlafSTreasuryKey,00062893,King Olaf's Treasury Key,,Fandom: Console Commands (Skyrim)/Keys,Deep linked-page seed pass: Keys
Keys,KornalusFreySKey,0008E5D1,Kornalus Frey's Key,,Fandom: Console Commands (Skyrim)/Keys,Deep linked-page seed pass: Keys
Keys,LabyrinthianCryptKey,00022896,Labyrinthian Crypt Key,,Fandom: Console Commands (Skyrim)/Keys,Deep linked-page seed pass: Keys
Keys,LemkilSHouseKey,0009E133,Lemkil's House Key,,Fandom: Console Commands (Skyrim)/Keys,Deep linked-page seed pass: Keys
Keys,LiarSRetreatCageKey,0001E30D,Liar's Retreat Cage Key,,Fandom: Console Commands (Skyrim)/Keys,Deep linked-page seed pass: Keys
Keys,LordGeirmundSKey,0003E694,Lord Geirmund's Key,,Fandom: Console Commands (Skyrim)/Keys,Deep linked-page seed pass: Keys
Keys,LostKnifeCageKey,00034C91,Lost Knife Cage Key,,Fandom: Console Commands (Skyrim)/Keys,Deep linked-page seed pass: Keys
Keys,LuAhSKey,0003E4F2,Lu'ah's Key,,Fandom: Console Commands (Skyrim)/Keys,Deep linked-page seed pass: Keys
Keys,LumberCampKey,000F49BE,Lumber Camp Key,,Fandom: Console Commands (Skyrim)/Keys,Deep linked-page seed pass: Keys
Keys,LylvieveHouseKey,000B8764,Lylvieve House Key,,Fandom: Console Commands (Skyrim)/Keys,Deep linked-page seed pass: Keys
Keys,MadanachSKey,000E17A8,Madanach's Key,,Fandom: Console Commands (Skyrim)/Keys,Deep linked-page seed pass: Keys
Keys,MadesiSMarketKey,000B8F42,Madesi's Market Key,,Fandom: Console Commands (Skyrim)/Keys,Deep linked-page seed pass: Keys
Keys,MadesiSMarketKey,000B8F43,Madesi's Market Key,,Fandom: Console Commands (Skyrim)/Keys,Deep linked-page seed pass: Keys
Keys,MalurilSRoomKey,0010BEFF,Maluril's Room Key,,Fandom: Console Commands (Skyrim)/Keys,Deep linked-page seed pass: Keys
Keys,ManiSCellarKey,0004811D,Mani's Cellar Key,,Fandom: Console Commands (Skyrim)/Keys,Deep linked-page seed pass: Keys
Keys,MariseSHouseKey,000FDEBD,Marise's House Key,,Fandom: Console Commands (Skyrim)/Keys,Deep linked-page seed pass: Keys
Keys,MarkarthHallOfTheDeadKey,0007D94C,Markarth Hall of the Dead Key,,Fandom: Console Commands (Skyrim)/Keys,Deep linked-page seed pass: Keys
Keys,MavenSPersonalKey,000FDEB8,Maven's Personal Key,,Fandom: Console Commands (Skyrim)/Keys,Deep linked-page seed pass: Keys
Keys,MercerSHouseKey,00072B05,Mercer's House Key,,Fandom: Console Commands (Skyrim)/Keys,Deep linked-page seed pass: Keys
Keys,MerilarCageDoorKey,XX0297DA,Merilar Cage Door Key,,Fandom: Console Commands (Skyrim)/Keys,Deep linked-page seed pass: Keys
Keys,MistwatchJailKey,00030B37,Mistwatch Jail Key,,Fandom: Console Commands (Skyrim)/Keys,Deep linked-page seed pass: Keys
Keys,MistwatchKey,000918C6,Mistwatch Key,,Fandom: Console Commands (Skyrim)/Keys,Deep linked-page seed pass: Keys
Keys,MithorpaSHouseKey,000A035E,Mithorpa's House Key,,Fandom: Console Commands (Skyrim)/Keys,Deep linked-page seed pass: Keys
Keys,MorvaynManorKey,XX018450,Morvayn Manor Key,,Fandom: Console Commands (Skyrim)/Keys,Deep linked-page seed pass: Keys
Keys,MorwenSHouseKey,XX018FAD,Morwen's House Key,,Fandom: Console Commands (Skyrim)/Keys,Deep linked-page seed pass: Keys
Keys,MzulftKey,0005DCB9,Mzulft Key,,Fandom: Console Commands (Skyrim)/Keys,Deep linked-page seed pass: Keys
Keys,MzulftObservatoryKey,00057B66,Mzulft Observatory Key,,Fandom: Console Commands (Skyrim)/Keys,Deep linked-page seed pass: Keys
Keys,MzulftRoomKey,000401F4,Mzulft Room Key,,Fandom: Console Commands (Skyrim)/Keys,Deep linked-page seed pass: Keys
Keys,NightcallerTempleKey,000C6321,Nightcaller Temple Key,,Fandom: Console Commands (Skyrim)/Keys,Deep linked-page seed pass: Keys
Keys,NightgateInnCellarKey,000ED02D,Nightgate Inn Cellar Key,,Fandom: Console Commands (Skyrim)/Keys,Deep linked-page seed pass: Keys
Keys,NiranyeSHouseKey,0009C86E,Niranye's House Key,,Fandom: Console Commands (Skyrim)/Keys,Deep linked-page seed pass: Keys
Keys,NorthwatchCaptainSKey,000CA5EB,Northwatch Captain's Key,,Fandom: Console Commands (Skyrim)/Keys,Deep linked-page seed pass: Keys
Keys,NorthwatchKeepKey,00027F7A,Northwatch Keep Key,,Fandom: Console Commands (Skyrim)/Keys,Deep linked-page seed pass: Keys
Keys,OldSolitudeCryptsKey,000648B6,Old Solitude Crypts Key,,Fandom: Console Commands (Skyrim)/Keys,Deep linked-page seed pass: Keys
Keys,OslafSHouseKey,XX018F9F,Oslaf's House Key,,Fandom: Console Commands (Skyrim)/Keys,Deep linked-page seed pass: Keys
Keys,PawnedPrawnKey,000FDEB3,Pawned Prawn Key,,Fandom: Console Commands (Skyrim)/Keys,Deep linked-page seed pass: Keys
Keys,PelagiusWingKey,0002AC70,Pelagius Wing Key,,Fandom: Console Commands (Skyrim)/Keys,Deep linked-page seed pass: Keys
Keys,PinewatchKey,00044E78,Pinewatch Key,,Fandom: Console Commands (Skyrim)/Keys,Deep linked-page seed pass: Keys
Keys,PinewatchTreasureRoomKey,000786BA,Pinewatch Treasure Room Key,,Fandom: Console Commands (Skyrim)/Keys,Deep linked-page seed pass: Keys
Keys,PotemaSCatacombsKey,0006B705,Potema's Catacombs Key,,Fandom: Console Commands (Skyrim)/Keys,Deep linked-page seed pass: Keys
Keys,PotemaSSanctumKey,0001F147,Potema's Sanctum Key,,Fandom: Console Commands (Skyrim)/Keys,Deep linked-page seed pass: Keys
Keys,PrisonCellKey,000B965D,Prison Cell Key,,Fandom: Console Commands (Skyrim)/Keys,Deep linked-page seed pass: Keys
Keys,RaldbtharKey,000F232E,Raldbthar Key,,Fandom: Console Commands (Skyrim)/Keys,Deep linked-page seed pass: Keys
Keys,RannveigsFastKey,00051988,Rannveigs Fast Key,,Fandom: Console Commands (Skyrim)/Keys,Deep linked-page seed pass: Keys
Keys,RavenRockJailKey,XX034F97,Raven Rock Jail Key,,Fandom: Console Commands (Skyrim)/Keys,Deep linked-page seed pass: Keys
Keys,RavenRockMineKey,XX020A43,Raven Rock Mine Key,,Fandom: Console Commands (Skyrim)/Keys,Deep linked-page seed pass: Keys
Keys,RavenRockTempleKey,XX018451,Raven Rock Temple Key,,Fandom: Console Commands (Skyrim)/Keys,Deep linked-page seed pass: Keys
Keys,RavenRockTombKey,XX024E02,Raven Rock Tomb Key,,Fandom: Console Commands (Skyrim)/Keys,Deep linked-page seed pass: Keys
Keys,RavenscarHallowCageKey,0003D26B,Ravenscar Hallow Cage Key,,Fandom: Console Commands (Skyrim)/Keys,Deep linked-page seed pass: Keys
Keys,RedEagleTowerKey,0009FD51,Red Eagle Tower Key,,Fandom: Console Commands (Skyrim)/Keys,Deep linked-page seed pass: Keys
Keys,RedWaveSafeKey,00102EBA,Red Wave Safe Key,,Fandom: Console Commands (Skyrim)/Keys,Deep linked-page seed pass: Keys
Keys,RedwaterDenBackroomsKey,XX008E1F,Redwater Den Backrooms Key,,Fandom: Console Commands (Skyrim)/Keys,Deep linked-page seed pass: Keys
Keys,RedwaterWellspringKey,XX008E20,Redwater Wellspring Key,,Fandom: Console Commands (Skyrim)/Keys,Deep linked-page seed pass: Keys
Keys,RetchingNetchKey,XX018452,Retching Netch Key,,Fandom: Console Commands (Skyrim)/Keys,Deep linked-page seed pass: Keys
Keys,RiftenFisheryKey,000FDEBF,Riften Fishery Key,,Fandom: Console Commands (Skyrim)/Keys,Deep linked-page seed pass: Keys
Keys,RiftenJailKey,000FF787,Riften Jail Key,,Fandom: Console Commands (Skyrim)/Keys,Deep linked-page seed pass: Keys
Keys,RiftenJailKey,000612B8,Riften Jail Key,,Fandom: Console Commands (Skyrim)/Keys,Deep linked-page seed pass: Keys
Keys,RiftenNorthGateKey,000E6705,Riften North Gate Key,,Fandom: Console Commands (Skyrim)/Keys,Deep linked-page seed pass: Keys
Keys,RiftenStablesKey,000FDEC1,Riften Stables Key,,Fandom: Console Commands (Skyrim)/Keys,Deep linked-page seed pass: Keys
Keys,RiftenWarehouseKey,00085D45,Riften Warehouse Key,,Fandom: Console Commands (Skyrim)/Keys,Deep linked-page seed pass: Keys
Keys,RomlynSHouseKey,000FDEBC,Romlyn's House Key,,Fandom: Console Commands (Skyrim)/Keys,Deep linked-page seed pass: Keys
Keys,RorikSManorKey,0009E131,Rorik's Manor Key,,Fandom: Console Commands (Skyrim)/Keys,Deep linked-page seed pass: Keys
Keys,RuunvaldKey,XX013833,Ruunvald Key,,Fandom: Console Commands (Skyrim)/Keys,Deep linked-page seed pass: Keys
Keys,SabineSFootlockerKey,000DC175,Sabine's Footlocker Key,,Fandom: Console Commands (Skyrim)/Keys,Deep linked-page seed pass: Keys
Keys,SabjornSDresserKey,0005CDC6,Sabjorn's Dresser Key,,Fandom: Console Commands (Skyrim)/Keys,Deep linked-page seed pass: Keys
Keys,SadriSUsedWaresKey,0009C86F,Sadri's Used Wares Key,,Fandom: Console Commands (Skyrim)/Keys,Deep linked-page seed pass: Keys
Keys,SarthisSKey,00085D57,Sarthis's Key,,Fandom: Console Commands (Skyrim)/Keys,Deep linked-page seed pass: Keys
Keys,SeverinManorKey,XX018456,Severin Manor Key,,Fandom: Console Commands (Skyrim)/Keys,Deep linked-page seed pass: Keys
Keys,SeverinManorKey,XX03BD09,Severin Manor Key,,Fandom: Console Commands (Skyrim)/Keys,Deep linked-page seed pass: Keys
Keys,SeverinSafeKey,XX01F31E,Severin Safe Key,,Fandom: Console Commands (Skyrim)/Keys,Deep linked-page seed pass: Keys
Keys,ShamanSKey,0003718E,Shaman's key,,Fandom: Console Commands (Skyrim)/Keys,Deep linked-page seed pass: Keys
Keys,ShroudHearthBarrowsKey,0006F88C,Shroud Hearth Barrows Key,,Fandom: Console Commands (Skyrim)/Keys,Deep linked-page seed pass: Keys
Keys,SibbiSChestKey,0003C514,Sibbi's Chest Key,,Fandom: Console Commands (Skyrim)/Keys,Deep linked-page seed pass: Keys
Keys,SibbiSStashKey,000B862F,Sibbi's Stash Key,,Fandom: Console Commands (Skyrim)/Keys,Deep linked-page seed pass: Keys
Keys,SilusSMuseumKey,000960F0,Silus's Museum Key,,Fandom: Console Commands (Skyrim)/Keys,Deep linked-page seed pass: Keys
Keys,SkaalGreathallKey,XX018FC7,Skaal Greathall Key,,Fandom: Console Commands (Skyrim)/Keys,Deep linked-page seed pass: Keys
Keys,SluiceGateKey,00063B5D,Sluice Gate Key,,Fandom: Console Commands (Skyrim)/Keys,Deep linked-page seed pass: Keys
Keys,SnowShodHouseKey,000FDEC0,Snow-Shod House Key,,Fandom: Console Commands (Skyrim)/Keys,Deep linked-page seed pass: Keys
Keys,StaffEnchanterKey,XX03D23F,Staff Enchanter Key,,Fandom: Console Commands (Skyrim)/Keys,Deep linked-page seed pass: Keys
Keys,SyncopeSanctuaryKey,0004C475,Syncope Sanctuary Key,,Fandom: Console Commands (Skyrim)/Keys,Deep linked-page seed pass: Keys
Keys,TelMithrynApothecaryKey,XX01BD05,Tel Mithryn Apothecary Key,,Fandom: Console Commands (Skyrim)/Keys,Deep linked-page seed pass: Keys
Keys,TelMithrynApothecaryKey,XX03369E,Tel Mithryn Apothecary Key,,Fandom: Console Commands (Skyrim)/Keys,Deep linked-page seed pass: Keys
Keys,TelMithrynKitchenKey,XX01BD06,Tel Mithryn Kitchen Key,,Fandom: Console Commands (Skyrim)/Keys,Deep linked-page seed pass: Keys
Keys,TelMithrynKitchenKey,XX03369F,Tel Mithryn Kitchen Key,,Fandom: Console Commands (Skyrim)/Keys,Deep linked-page seed pass: Keys
Keys,TelMithrynStewardSKey,XX0336A0,Tel Mithryn Steward's Key,,Fandom: Console Commands (Skyrim)/Keys,Deep linked-page seed pass: Keys
Keys,TempleOfMiraakKey,XX028930,Temple of Miraak Key,,Fandom: Console Commands (Skyrim)/Keys,Deep linked-page seed pass: Keys
Keys,TheScorchedHammerKey,000FDEBE,The Scorched Hammer Key,,Fandom: Console Commands (Skyrim)/Keys,Deep linked-page seed pass: Keys
Keys,TrapDoorKey,000E3F98,Trap Door Key,,Fandom: Console Commands (Skyrim)/Keys,Deep linked-page seed pass: Keys
Keys,TreasureRoomKey,XX027663,Treasure Room Key,,Fandom: Console Commands (Skyrim)/Keys,Deep linked-page seed pass: Keys
Keys,TrevaSWatchPrisonKey,000F669B,Treva's Watch Prison Key,,Fandom: Console Commands (Skyrim)/Keys,Deep linked-page seed pass: Keys
Keys,TributeChestKey,000F84CB,Tribute Chest Key,,Fandom: Console Commands (Skyrim)/Keys,Deep linked-page seed pass: Keys
Keys,ValindorSHouseKey,000FDEBB,Valindor's House Key,,Fandom: Console Commands (Skyrim)/Keys,Deep linked-page seed pass: Keys
Keys,ValthumeCellarKey,0004B6D2,Valthume Cellar Key,,Fandom: Console Commands (Skyrim)/Keys,Deep linked-page seed pass: Keys
Keys,ValthumeChamberKey,0004D6E2,Valthume Chamber Key,,Fandom: Console Commands (Skyrim)/Keys,Deep linked-page seed pass: Keys
Keys,VendilUlenSChestKey,XX0292A8,Vendil Ulen's Chest Key,,Fandom: Console Commands (Skyrim)/Keys,Deep linked-page seed pass: Keys
Keys,VernerAndAnnekeSHouseKey,0009C6FD,Verner and Anneke's House Key,,Fandom: Console Commands (Skyrim)/Keys,Deep linked-page seed pass: Keys
Keys,ViolaGiordanoSHouseKey,00056B90,Viola Giordano's House Key,,Fandom: Console Commands (Skyrim)/Keys,Deep linked-page seed pass: Keys
Keys,WerewolfCageKey,000DB0E2,Werewolf Cage Key,,Fandom: Console Commands (Skyrim)/Keys,Deep linked-page seed pass: Keys
Keys,WhisperingDoorKey,00028D8B,Whispering Door Key,,Fandom: Console Commands (Skyrim)/Keys,Deep linked-page seed pass: Keys
Keys,WhitePhialKey,0009C872,White Phial Key,,Fandom: Console Commands (Skyrim)/Keys,Deep linked-page seed pass: Keys
Keys,WhiterunGateKey,000D8F0C,Whiterun Gate Key,,Fandom: Console Commands (Skyrim)/Keys,Deep linked-page seed pass: Keys
Keys,WhiterunJailKey,0005AEC4,Whiterun Jail Key,,Fandom: Console Commands (Skyrim)/Keys,Deep linked-page seed pass: Keys
Keys,WhiterunJailKey,XX027664,Whiterun Jail Key,,Fandom: Console Commands (Skyrim)/Keys,Deep linked-page seed pass: Keys
Keys,WindhelmBlacksmithQuartersKey,0009C865,Windhelm Blacksmith Quarters Key,,Fandom: Console Commands (Skyrim)/Keys,Deep linked-page seed pass: Keys
Keys,WindhelmJailKey,000FB90D,Windhelm Jail Key,,Fandom: Console Commands (Skyrim)/Keys,Deep linked-page seed pass: Keys
Keys,WindhelmStablesKey,0009C870,Windhelm Stables Key,,Fandom: Console Commands (Skyrim)/Keys,Deep linked-page seed pass: Keys
Keys,WulfSHouseKey,XX018FB0,Wulf's House Key,,Fandom: Console Commands (Skyrim)/Keys,Deep linked-page seed pass: Keys
Crafting,WolfPelt,0003AD74,Wolf Pelt,,Fandom: Console Commands (Skyrim)/Miscellaneous_Items,Deep linked-page seed pass: Miscellaneous Items
Crafting,BearPelt,0003AD52,Bear Pelt,,Fandom: Console Commands (Skyrim)/Miscellaneous_Items,Deep linked-page seed pass: Miscellaneous Items
Misc,Hammer,0005CAE1,Hammer,,Fandom: Console Commands (Skyrim)/Miscellaneous_Items,Deep linked-page seed pass: Miscellaneous Items
Gems,FlawlessEmerald,00068520,Flawless Emerald,,Fandom: Console Commands (Skyrim)/Miscellaneous_Items,Deep linked-page seed pass: Miscellaneous Items
Gems,FlawlessRuby,00068522,Flawless Ruby,,Fandom: Console Commands (Skyrim)/Miscellaneous_Items,Deep linked-page seed pass: Miscellaneous Items
Misc,Quill,0004C3C8,Quill,,Fandom: Console Commands (Skyrim)/Miscellaneous_Items,Deep linked-page seed pass: Miscellaneous Items
Misc,Inkwell,0004C3C6,Inkwell,,Fandom: Console Commands (Skyrim)/Miscellaneous_Items,Deep linked-page seed pass: Miscellaneous Items
Misc,DibellaStatue,0008F997,Dibella Statue,,Fandom: Console Commands (Skyrim)/Miscellaneous_Items,Deep linked-page seed pass: Miscellaneous Items
Misc,DibellaStatue,0006C9EF,Dibella Statue,,Fandom: Console Commands (Skyrim)/Miscellaneous_Items,Deep linked-page seed pass: Miscellaneous Items
Gems,Emerald,00063B43,Emerald,,Fandom: Console Commands (Skyrim)/Miscellaneous_Items,Deep linked-page seed pass: Miscellaneous Items
Gems,Diamond,00063B47,Diamond,,Fandom: Console Commands (Skyrim)/Miscellaneous_Items,Deep linked-page seed pass: Miscellaneous Items
Misc,Firewood,0006F993,Firewood,,Fandom: Console Commands (Skyrim)/Miscellaneous_Items,Deep linked-page seed pass: Miscellaneous Items
Misc,DwemerScrapMetal,000C886A,Dwemer Scrap Metal,,Fandom: Console Commands (Skyrim)/Miscellaneous_Items,Deep linked-page seed pass: Miscellaneous Items
Crafting,DwarvenMetalIngot,000DB8A2,Dwarven Metal Ingot,,Fandom: Console Commands (Skyrim)/Miscellaneous_Items,Deep linked-page seed pass: Miscellaneous Items
Misc,SolidDwemerMetal,000C8874,Solid Dwemer Metal,,Fandom: Console Commands (Skyrim)/Miscellaneous_Items,Deep linked-page seed pass: Miscellaneous Items
Misc,StonesOfBarenziah,0009DFBB,Stones of Barenziah,,Fandom: Console Commands (Skyrim)/Miscellaneous_Items,Deep linked-page seed pass: Miscellaneous Items
Misc,Lute,000DABAB,Lute,,Fandom: Console Commands (Skyrim)/Miscellaneous_Items,Deep linked-page seed pass: Miscellaneous Items
Misc,HabdSRemains,00075868,Habd's Remains,,Fandom: Console Commands (Skyrim)/Miscellaneous_Items,Deep linked-page seed pass: Miscellaneous Items
Misc,ShardsOfMehrunesRazor,000240D5,Shards of Mehrunes' Razor,,Fandom: Console Commands (Skyrim)/Miscellaneous_Items,Deep linked-page seed pass: Miscellaneous Items
Gems,QuillOfGemination,000C04BB,Quill of Gemination,,Fandom: Console Commands (Skyrim)/Miscellaneous_Items,Deep linked-page seed pass: Miscellaneous Items
Crafting,GoldIngot,0005AD9E,Gold Ingot,,Fandom: Console Commands (Skyrim)/Miscellaneous_Items,Deep linked-page seed pass: Miscellaneous Items
Crafting,MoonstoneOre,0005ACE0,Moonstone Ore,,Fandom: Console Commands (Skyrim)/Miscellaneous_Items,Deep linked-page seed pass: Miscellaneous Items
Crafting,QuicksilverOre,0005ACE2,Quicksilver Ore,,Fandom: Console Commands (Skyrim)/Miscellaneous_Items,Deep linked-page seed pass: Miscellaneous Items
Crafting,CorundumIngot,0005AD93,Corundum Ingot,,Fandom: Console Commands (Skyrim)/Miscellaneous_Items,Deep linked-page seed pass: Miscellaneous Items
Crafting,RefinedMalachite,0005ADA1,Refined Malachite,,Fandom: Console Commands (Skyrim)/Miscellaneous_Items,Deep linked-page seed pass: Miscellaneous Items
Crafting,EbonyIngot,0005AD9D,Ebony Ingot,,Fandom: Console Commands (Skyrim)/Miscellaneous_Items,Deep linked-page seed pass: Miscellaneous Items
Crafting,IronIngot,0005ACE4,Iron Ingot,,Fandom: Console Commands (Skyrim)/Miscellaneous_Items,Deep linked-page seed pass: Miscellaneous Items
Misc,TheWhitePhial,0002C25A,The White Phial,,Fandom: Console Commands (Skyrim)/Miscellaneous_Items,Deep linked-page seed pass: Miscellaneous Items
Crafting,IronOre,00071CF3,Iron Ore,,Fandom: Console Commands (Skyrim)/Miscellaneous_Items,Deep linked-page seed pass: Miscellaneous Items
Misc,HorkerTusk,0003AD68,Horker Tusk,,Fandom: Console Commands (Skyrim)/Miscellaneous_Items,Deep linked-page seed pass: Miscellaneous Items
Misc,TheDancerSFlute,00105109,The Dancer's Flute,,Fandom: Console Commands (Skyrim)/Miscellaneous_Items,Deep linked-page seed pass: Miscellaneous Items
Crafting,RefinedMoonstone,0005AD9F,Refined Moonstone,,Fandom: Console Commands (Skyrim)/Miscellaneous_Items,Deep linked-page seed pass: Miscellaneous Items
Misc,DwemerCog,000AEBF1,Dwemer Cog,,Fandom: Console Commands (Skyrim)/Miscellaneous_Items,Deep linked-page seed pass: Miscellaneous Items
Misc,RuinedBook,000CE70B,Ruined Book,,Fandom: Console Commands (Skyrim)/Miscellaneous_Items,Deep linked-page seed pass: Miscellaneous Items
Misc,RuinedBook,000E4897,Ruined Book,,Fandom: Console Commands (Skyrim)/Miscellaneous_Items,Deep linked-page seed pass: Miscellaneous Items
Crafting,SteelIngot,0005ACE5,Steel Ingot,,Fandom: Console Commands (Skyrim)/Miscellaneous_Items,Deep linked-page seed pass: Miscellaneous Items
Crafting,QuicksilverIngot,0005ADA0,Quicksilver Ingot,,Fandom: Console Commands (Skyrim)/Miscellaneous_Items,Deep linked-page seed pass: Miscellaneous Items
Misc,LargeDecorativeDwemerStrut,000C8878,Large Decorative Dwemer Strut,,Fandom: Console Commands (Skyrim)/Miscellaneous_Items,Deep linked-page seed pass: Miscellaneous Items
Misc,SigilStone,000D363B,Sigil Stone,,Fandom: Console Commands (Skyrim)/Miscellaneous_Items,Deep linked-page seed pass: Miscellaneous Items
Crafting,EbonyOre,0005ACDC,Ebony Ore,,Fandom: Console Commands (Skyrim)/Miscellaneous_Items,Deep linked-page seed pass: Miscellaneous Items
Crafting,CorundumOre,0005ACDB,Corundum Ore,,Fandom: Console Commands (Skyrim)/Miscellaneous_Items,Deep linked-page seed pass: Miscellaneous Items
Crafting,GoldOre,0005ACDE,Gold Ore,,Fandom: Console Commands (Skyrim)/Miscellaneous_Items,Deep linked-page seed pass: Miscellaneous Items
Crafting,OrichalcumOre,0005ACDD,Orichalcum Ore,,Fandom: Console Commands (Skyrim)/Miscellaneous_Items,Deep linked-page seed pass: Miscellaneous Items
Crafting,MalachiteOre,0005ACE1,Malachite Ore,,Fandom: Console Commands (Skyrim)/Miscellaneous_Items,Deep linked-page seed pass: Miscellaneous Items
Crafting,SilverOre,0005ACDF,Silver Ore,,Fandom: Console Commands (Skyrim)/Miscellaneous_Items,Deep linked-page seed pass: Miscellaneous Items
Crafting,DragonScales,0003ADA3,Dragon Scales,,Fandom: Console Commands (Skyrim)/Miscellaneous_Items,Deep linked-page seed pass: Miscellaneous Items
Crafting,OrichalcumIngot,0005AD99,Orichalcum Ingot,,Fandom: Console Commands (Skyrim)/Miscellaneous_Items,Deep linked-page seed pass: Miscellaneous Items
Crafting,SilverIngot,0005ACE3,Silver Ingot,,Fandom: Console Commands (Skyrim)/Miscellaneous_Items,Deep linked-page seed pass: Miscellaneous Items
Misc,KlimmekSSupplies,000DAB04,Klimmek's Supplies,,Fandom: Console Commands (Skyrim)/Miscellaneous_Items,Deep linked-page seed pass: Miscellaneous Items
Soul Gems,BrokenAzuraSStar,00028AD7,Broken Azura's Star,,Fandom: Console Commands (Skyrim)/Miscellaneous_Items,Deep linked-page seed pass: Miscellaneous Items
Crafting,LeatherStrips,000800E4,Leather Strips,,Fandom: Console Commands (Skyrim)/Miscellaneous_Items,Deep linked-page seed pass: Miscellaneous Items
Crafting,DragonBone,0003ADA4,Dragon Bone,,Fandom: Console Commands (Skyrim)/Miscellaneous_Items,Deep linked-page seed pass: Miscellaneous Items
Misc,ModelShip,0006F266,Model Ship,,Fandom: Console Commands (Skyrim)/Miscellaneous_Items,Deep linked-page seed pass: Miscellaneous Items
Soul Gems,TheBlackStar,00063B29,The Black Star,,Fandom: Console Commands (Skyrim)/Miscellaneous_Items,Deep linked-page seed pass: Miscellaneous Items
Gems,WarpedSoulGem,0006A106,Warped Soul Gem,,Fandom: Console Commands (Skyrim)/Miscellaneous_Items,Deep linked-page seed pass: Miscellaneous Items
Gems,WarpedSoulGem,0006A107,Warped Soul Gem,,Fandom: Console Commands (Skyrim)/Miscellaneous_Items,Deep linked-page seed pass: Miscellaneous Items
Gems,WarpedSoulGem,0006A109,Warped Soul Gem,,Fandom: Console Commands (Skyrim)/Miscellaneous_Items,Deep linked-page seed pass: Miscellaneous Items
Gems,WarpedSoulGem,0006A108,Warped Soul Gem,,Fandom: Console Commands (Skyrim)/Miscellaneous_Items,Deep linked-page seed pass: Miscellaneous Items
Gems,WarpedSoulGem,0006A10A,Warped Soul Gem,,Fandom: Console Commands (Skyrim)/Miscellaneous_Items,Deep linked-page seed pass: Miscellaneous Items
Gems,WarpedSoulGem,0010E44B,Warped Soul Gem,,Fandom: Console Commands (Skyrim)/Miscellaneous_Items,Deep linked-page seed pass: Miscellaneous Items
Misc,LargeDwemerPlateMetal,000C8864,Large Dwemer Plate Metal,,Fandom: Console Commands (Skyrim)/Miscellaneous_Items,Deep linked-page seed pass: Miscellaneous Items
Misc,DwemerBowl,000E1FC3,Dwemer Bowl,,Fandom: Console Commands (Skyrim)/Miscellaneous_Items,Deep linked-page seed pass: Miscellaneous Items
Misc,DwemerBowl,00025C13,Dwemer Bowl,,Fandom: Console Commands (Skyrim)/Miscellaneous_Items,Deep linked-page seed pass: Miscellaneous Items
Misc,DwemerBowl,00025C68,Dwemer Bowl,,Fandom: Console Commands (Skyrim)/Miscellaneous_Items,Deep linked-page seed pass: Miscellaneous Items
Misc,BustOfTheGrayFox,00019954,Bust of the Gray Fox,,Fandom: Console Commands (Skyrim)/Miscellaneous_Items,Deep linked-page seed pass: Miscellaneous Items
Misc,SmallDwemerPlateMetal,000C8866,Small Dwemer Plate Metal,,Fandom: Console Commands (Skyrim)/Miscellaneous_Items,Deep linked-page seed pass: Miscellaneous Items
Misc,MeridiaSBeacon,0004E4E6,Meridia's Beacon,,Fandom: Console Commands (Skyrim)/Miscellaneous_Items,Deep linked-page seed pass: Miscellaneous Items
Misc,RightEyeOfTheFalmer,001092B8,Right Eye of the Falmer,,Fandom: Console Commands (Skyrim)/Miscellaneous_Items,Deep linked-page seed pass: Miscellaneous Items
Misc,FinnSLute,000DABAB,Finn's Lute,,Fandom: Console Commands (Skyrim)/Miscellaneous_Items,Deep linked-page seed pass: Miscellaneous Items
Misc,PelagiusHipBone,0004286C,Pelagius' Hip Bone,,Fandom: Console Commands (Skyrim)/Miscellaneous_Items,Deep linked-page seed pass: Miscellaneous Items
Misc,Charcoal,000BFB09,Charcoal,,Fandom: Console Commands (Skyrim)/Miscellaneous_Items,Deep linked-page seed pass: Miscellaneous Items
Misc,Charcoal,00033760,Charcoal,,Fandom: Console Commands (Skyrim)/Miscellaneous_Items,Deep linked-page seed pass: Miscellaneous Items
Crafting,ChaurusChitin,0003AD57,Chaurus Chitin,,Fandom: Console Commands (Skyrim)/Miscellaneous_Items,Deep linked-page seed pass: Miscellaneous Items
Misc,DwemerGear,000C8861,Dwemer Gear,,Fandom: Console Commands (Skyrim)/Miscellaneous_Items,Deep linked-page seed pass: Miscellaneous Items
Misc,MapOfDragonBurials,000BBCD5,Map of Dragon Burials,,Fandom: Console Commands (Skyrim)/Miscellaneous_Items,Deep linked-page seed pass: Miscellaneous Items
Misc,BentDwemerScrapMetal,000C886C,Bent Dwemer Scrap Metal,,Fandom: Console Commands (Skyrim)/Miscellaneous_Items,Deep linked-page seed pass: Miscellaneous Items
Misc,QueenBeeStatue,00019958,Queen Bee Statue,,Fandom: Console Commands (Skyrim)/Miscellaneous_Items,Deep linked-page seed pass: Miscellaneous Items
Misc,TolfdirSAlembic,00026C31,Tolfdir's Alembic,,Fandom: Console Commands (Skyrim)/Miscellaneous_Items,Deep linked-page seed pass: Miscellaneous Items
Misc,MammothTusk,0003AD6C,Mammoth Tusk,,Fandom: Console Commands (Skyrim)/Miscellaneous_Items,Deep linked-page seed pass: Miscellaneous Items
Misc,CrownOfBarenziah,0009DFF5,Crown of Barenziah,,Fandom: Console Commands (Skyrim)/Miscellaneous_Items,Deep linked-page seed pass: Miscellaneous Items
Misc,CrownOfBarenziah,000DA74D,Crown of Barenziah,,Fandom: Console Commands (Skyrim)/Miscellaneous_Items,Deep linked-page seed pass: Miscellaneous Items
Crafting,DeerHide,0003AD90,Deer Hide,,Fandom: Console Commands (Skyrim)/Miscellaneous_Items,Deep linked-page seed pass: Miscellaneous Items
Crafting,DeerHide,000D284D,Deer Hide,,Fandom: Console Commands (Skyrim)/Miscellaneous_Items,Deep linked-page seed pass: Miscellaneous Items
Misc,AretinoFamilyHeirloom,0001F6D4,Aretino Family Heirloom,,Fandom: Console Commands (Skyrim)/Miscellaneous_Items,Deep linked-page seed pass: Miscellaneous Items
Misc,DwemerPuzzleCube,0005598C,Dwemer Puzzle Cube,,Fandom: Console Commands (Skyrim)/Miscellaneous_Items,Deep linked-page seed pass: Miscellaneous Items
Misc,HonningbrewDecanter,00019952,Honningbrew Decanter,,Fandom: Console Commands (Skyrim)/Miscellaneous_Items,Deep linked-page seed pass: Miscellaneous Items
Misc,YsgramorSSoupSpoon,00105A4E,Ysgramor's Soup Spoon,,Fandom: Console Commands (Skyrim)/Miscellaneous_Items,Deep linked-page seed pass: Miscellaneous Items
Misc,WylandriahSSpoon,00043E28,Wylandriah's Spoon,,Fandom: Console Commands (Skyrim)/Miscellaneous_Items,Deep linked-page seed pass: Miscellaneous Items
Misc,LisbetSDibellaStatue,0008F997,Lisbet's Dibella Statue,,Fandom: Console Commands (Skyrim)/Miscellaneous_Items,Deep linked-page seed pass: Miscellaneous Items
Misc,EastEmpireShippingMap,00060CC2,East Empire Shipping Map,,Fandom: Console Commands (Skyrim)/Miscellaneous_Items,Deep linked-page seed pass: Miscellaneous Items
Misc,Spigot,0003807B,Spigot,,Fandom: Console Commands (Skyrim)/Miscellaneous_Items,Deep linked-page seed pass: Miscellaneous Items
Crafting,IceWolfPelt,0003AD75,Ice Wolf Pelt,,Fandom: Console Commands (Skyrim)/Miscellaneous_Items,Deep linked-page seed pass: Miscellaneous Items
Misc,ButterflyInAJar,000FBC3C,Butterfly in a Jar,,Fandom: Console Commands (Skyrim)/Miscellaneous_Items,Deep linked-page seed pass: Miscellaneous Items
Gems,Sapphire,00063B44,Sapphire,,Fandom: Console Commands (Skyrim)/Miscellaneous_Items,Deep linked-page seed pass: Miscellaneous Items
Gems,Sapphire,00068523,Sapphire,,Fandom: Console Commands (Skyrim)/Miscellaneous_Items,Deep linked-page seed pass: Miscellaneous Items
Misc,GlenmorilWitchHead,0002996F,Glenmoril Witch Head,,Fandom: Console Commands (Skyrim)/Miscellaneous_Items,Deep linked-page seed pass: Miscellaneous Items
Misc,LargeDwemerStrut,000C8872,Large Dwemer Strut,,Fandom: Console Commands (Skyrim)/Miscellaneous_Items,Deep linked-page seed pass: Miscellaneous Items
Crafting,Leather,000DB5D2,Leather,,Fandom: Console Commands (Skyrim)/Miscellaneous_Items,Deep linked-page seed pass: Miscellaneous Items
Crafting,SabreCatPelt,0003AD6D,Sabre Cat Pelt,,Fandom: Console Commands (Skyrim)/Miscellaneous_Items,Deep linked-page seed pass: Miscellaneous Items
Misc,BeeInAJar,000B08C7,Bee in a Jar,,Fandom: Console Commands (Skyrim)/Miscellaneous_Items,Deep linked-page seed pass: Miscellaneous Items
Misc,TorchbugInAJar,000FBC3A,Torchbug in a Jar,,Fandom: Console Commands (Skyrim)/Miscellaneous_Items,Deep linked-page seed pass: Miscellaneous Items
Misc,DragonflyInAJar,000FBC3B,Dragonfly in a Jar,,Fandom: Console Commands (Skyrim)/Miscellaneous_Items,Deep linked-page seed pass: Miscellaneous Items
Misc,MothInAJar,000FBC3D,Moth in a Jar,,Fandom: Console Commands (Skyrim)/Miscellaneous_Items,Deep linked-page seed pass: Miscellaneous Items
Misc,AncientTravelerSSkull,000F6767,Ancient Traveler's Skull,,Fandom: Console Commands (Skyrim)/Miscellaneous_Items,Deep linked-page seed pass: Miscellaneous Items
Gems,Ruby,00063B42,Ruby,,Fandom: Console Commands (Skyrim)/Miscellaneous_Items,Deep linked-page seed pass: Miscellaneous Items
Gems,Amethyst,00063B46,Amethyst,,Fandom: Console Commands (Skyrim)/Miscellaneous_Items,Deep linked-page seed pass: Miscellaneous Items
Gems,Garnet,00063B45,Garnet,,Fandom: Console Commands (Skyrim)/Miscellaneous_Items,Deep linked-page seed pass: Miscellaneous Items
Misc,TortureTools,00020949,Torture Tools,,Fandom: Console Commands (Skyrim)/Miscellaneous_Items,Deep linked-page seed pass: Miscellaneous Items
Misc,AttunementSphere,0003532C,Attunement Sphere,,Fandom: Console Commands (Skyrim)/Miscellaneous_Items,Deep linked-page seed pass: Miscellaneous Items
Misc,LeftEyeOfTheFalmer,0001994F,Left Eye of the Falmer,,Fandom: Console Commands (Skyrim)/Miscellaneous_Items,Deep linked-page seed pass: Miscellaneous Items
Crafting,GoatHide,0003AD8E,Goat Hide,,Fandom: Console Commands (Skyrim)/Miscellaneous_Items,Deep linked-page seed pass: Miscellaneous Items
Misc,PanteaSFlute,000DABA7,Pantea's Flute,,Fandom: Console Commands (Skyrim)/Miscellaneous_Items,Deep linked-page seed pass: Miscellaneous Items
Misc,BalbusFork,001058AA,Balbus' Fork,,Fandom: Console Commands (Skyrim)/Miscellaneous_Items,Deep linked-page seed pass: Miscellaneous Items
Crafting,CenturionDynamoCore,000F4983,Centurion Dynamo Core,,Fandom: Console Commands (Skyrim)/Miscellaneous_Items,Deep linked-page seed pass: Miscellaneous Items
Misc,FocusingCrystal,0009F7A6,Focusing Crystal,,Fandom: Console Commands (Skyrim)/Miscellaneous_Items,Deep linked-page seed pass: Miscellaneous Items
Gems,SoulGemFragment,00067181,Soul Gem Fragment,,Fandom: Console Commands (Skyrim)/Miscellaneous_Items,Deep linked-page seed pass: Miscellaneous Items
Gems,SoulGemFragment,00067182,Soul Gem Fragment,,Fandom: Console Commands (Skyrim)/Miscellaneous_Items,Deep linked-page seed pass: Miscellaneous Items
Gems,SoulGemFragment,00067183,Soul Gem Fragment,,Fandom: Console Commands (Skyrim)/Miscellaneous_Items,Deep linked-page seed pass: Miscellaneous Items
Gems,SoulGemFragment,00067184,Soul Gem Fragment,,Fandom: Console Commands (Skyrim)/Miscellaneous_Items,Deep linked-page seed pass: Miscellaneous Items
Gems,SoulGemFragment,00067185,Soul Gem Fragment,,Fandom: Console Commands (Skyrim)/Miscellaneous_Items,Deep linked-page seed pass: Miscellaneous Items
Misc,CuriousSilverMold,00044E12,Curious Silver Mold,,Fandom: Console Commands (Skyrim)/Miscellaneous_Items,Deep linked-page seed pass: Miscellaneous Items
Misc,OlavaSToken,00059654,Olava's Token,,Fandom: Console Commands (Skyrim)/Miscellaneous_Items,Deep linked-page seed pass: Miscellaneous Items
Misc,Broom,0006717F,Broom,,Fandom: Console Commands (Skyrim)/Miscellaneous_Items,Deep linked-page seed pass: Miscellaneous Items
Gems,FlawlessAmethyst,0006851E,Flawless Amethyst,,Fandom: Console Commands (Skyrim)/Miscellaneous_Items,Deep linked-page seed pass: Miscellaneous Items
Misc,RjornSDrum,000DABA9,Rjorn's Drum,,Fandom: Console Commands (Skyrim)/Miscellaneous_Items,Deep linked-page seed pass: Miscellaneous Items
Crafting,FoxPelt,000D4B35,Fox Pelt,,Fandom: Console Commands (Skyrim)/Miscellaneous_Items,Deep linked-page seed pass: Miscellaneous Items
Misc,RollOfPaper,00033761,Roll of Paper,,Fandom: Console Commands (Skyrim)/Miscellaneous_Items,Deep linked-page seed pass: Miscellaneous Items
Misc,Dragonstone,000DF202,Dragonstone,,Fandom: Console Commands (Skyrim)/Miscellaneous_Items,Deep linked-page seed pass: Miscellaneous Items
Misc,Lexicon,0003A3E4,Lexicon,,Fandom: Console Commands (Skyrim)/Miscellaneous_Items,Deep linked-page seed pass: Miscellaneous Items
Misc,MarkOfDibella,00041F95,Mark of Dibella,,Fandom: Console Commands (Skyrim)/Miscellaneous_Items,Deep linked-page seed pass: Miscellaneous Items
Misc,TrollSkull,000319E4,Troll Skull,,Fandom: Console Commands (Skyrim)/Miscellaneous_Items,Deep linked-page seed pass: Miscellaneous Items
Misc,DragonHeartscales,000D0756,Dragon Heartscales,,Fandom: Console Commands (Skyrim)/Miscellaneous_Items,Deep linked-page seed pass: Miscellaneous Items
Misc,BlankLexicon,0003A3D2,Blank Lexicon,,Fandom: Console Commands (Skyrim)/Miscellaneous_Items,Deep linked-page seed pass: Miscellaneous Items
Misc,DwemerLever,000C886E,Dwemer Lever,,Fandom: Console Commands (Skyrim)/Miscellaneous_Items,Deep linked-page seed pass: Miscellaneous Items
Misc,LinenWrap,00034CD6,Linen Wrap,,Fandom: Console Commands (Skyrim)/Miscellaneous_Items,Deep linked-page seed pass: Miscellaneous Items
Misc,ToryggSWarHorn,000E77BB,Torygg's War Horn,,Fandom: Console Commands (Skyrim)/Miscellaneous_Items,Deep linked-page seed pass: Miscellaneous Items
Crafting,CowHide,0003AD8F,Cow Hide,,Fandom: Console Commands (Skyrim)/Miscellaneous_Items,Deep linked-page seed pass: Miscellaneous Items
Misc,UnmeltingSnow,0002C25C,Unmelting Snow,,Fandom: Console Commands (Skyrim)/Miscellaneous_Items,Deep linked-page seed pass: Miscellaneous Items
Misc,JeweledFlagon,00044E67,Jeweled Flagon,,Fandom: Console Commands (Skyrim)/Miscellaneous_Items,Deep linked-page seed pass: Miscellaneous Items
Gems,SilverHandStratagem,000F1491,Silver Hand Stratagem,,Fandom: Console Commands (Skyrim)/Miscellaneous_Items,Deep linked-page seed pass: Miscellaneous Items
Misc,EssenceExtractor,0001A31C,Essence Extractor,,Fandom: Console Commands (Skyrim)/Miscellaneous_Items,Deep linked-page seed pass: Miscellaneous Items
Misc,ImperialDocuments,000DC530,Imperial Documents,,Fandom: Console Commands (Skyrim)/Miscellaneous_Items,Deep linked-page seed pass: Miscellaneous Items
Misc,DwemerDish,00027F06,Dwemer Dish,,Fandom: Console Commands (Skyrim)/Miscellaneous_Items,Deep linked-page seed pass: Miscellaneous Items
Misc,RoastedOxHead,0005E8AD,Roasted Ox Head,,Fandom: Console Commands (Skyrim)/Miscellaneous_Items,Deep linked-page seed pass: Miscellaneous Items
Misc,Drum,000DABA9,Drum,,Fandom: Console Commands (Skyrim)/Miscellaneous_Items,Deep linked-page seed pass: Miscellaneous Items
Misc,Bucket,00012FDF,Bucket,,Fandom: Console Commands (Skyrim)/Miscellaneous_Items,Deep linked-page seed pass: Miscellaneous Items
Misc,Bucket,000747FB,Bucket,,Fandom: Console Commands (Skyrim)/Miscellaneous_Items,Deep linked-page seed pass: Miscellaneous Items
Misc,Bucket,000747FE,Bucket,,Fandom: Console Commands (Skyrim)/Miscellaneous_Items,Deep linked-page seed pass: Miscellaneous Items
Misc,DwemerGyro,000C8868,Dwemer Gyro,,Fandom: Console Commands (Skyrim)/Miscellaneous_Items,Deep linked-page seed pass: Miscellaneous Items
Misc,DwemerCup,00027F07,Dwemer Cup,,Fandom: Console Commands (Skyrim)/Miscellaneous_Items,Deep linked-page seed pass: Miscellaneous Items
Misc,DwemerCup,00027F08,Dwemer Cup,,Fandom: Console Commands (Skyrim)/Miscellaneous_Items,Deep linked-page seed pass: Miscellaneous Items
Misc,DwemerCup,00027F09,Dwemer Cup,,Fandom: Console Commands (Skyrim)/Miscellaneous_Items,Deep linked-page seed pass: Miscellaneous Items
Misc,DwarvenKnife,000AEBF7,Dwarven Knife,,Fandom: Console Commands (Skyrim)/Miscellaneous_Items,Deep linked-page seed pass: Miscellaneous Items
Misc,BrokenSteelSwordHandle,000E7298,Broken Steel Sword Handle,,Fandom: Console Commands (Skyrim)/Miscellaneous_Items,Deep linked-page seed pass: Miscellaneous Items
Misc,DwemerPan,00027F12,Dwemer Pan,,Fandom: Console Commands (Skyrim)/Miscellaneous_Items,Deep linked-page seed pass: Miscellaneous Items
Misc,DwemerPan,00027F03,Dwemer Pan,,Fandom: Console Commands (Skyrim)/Miscellaneous_Items,Deep linked-page seed pass: Miscellaneous Items
Misc,MammothTuskPowder,0002C25E,Mammoth Tusk Powder,,Fandom: Console Commands (Skyrim)/Miscellaneous_Items,Deep linked-page seed pass: Miscellaneous Items
Crafting,HorseHide,0003AD93,Horse Hide,,Fandom: Console Commands (Skyrim)/Miscellaneous_Items,Deep linked-page seed pass: Miscellaneous Items
Misc,EmptyWineBottle,000F2012,Empty Wine Bottle,,Fandom: Console Commands (Skyrim)/Miscellaneous_Items,Deep linked-page seed pass: Miscellaneous Items
Misc,EmptyWineBottle,000F2013,Empty Wine Bottle,,Fandom: Console Commands (Skyrim)/Miscellaneous_Items,Deep linked-page seed pass: Miscellaneous Items
Misc,EmptyWineBottle,000F2014,Empty Wine Bottle,,Fandom: Console Commands (Skyrim)/Miscellaneous_Items,Deep linked-page seed pass: Miscellaneous Items
Misc,EmptyWineBottle,000F2015,Empty Wine Bottle,,Fandom: Console Commands (Skyrim)/Miscellaneous_Items,Deep linked-page seed pass: Miscellaneous Items
Misc,EmptyWineBottle,000FED17,Empty Wine Bottle,,Fandom: Console Commands (Skyrim)/Miscellaneous_Items,Deep linked-page seed pass: Miscellaneous Items
Misc,EldergleamSap,0001C494,Eldergleam Sap,,Fandom: Console Commands (Skyrim)/Miscellaneous_Items,Deep linked-page seed pass: Miscellaneous Items
Misc,CalcelmoSStoneRubbing,00033764,Calcelmo's Stone Rubbing,,Fandom: Console Commands (Skyrim)/Miscellaneous_Items,Deep linked-page seed pass: Miscellaneous Items
Misc,HornOfJurgenWindcaller,0003292F,Horn of Jurgen Windcaller,,Fandom: Console Commands (Skyrim)/Miscellaneous_Items,Deep linked-page seed pass: Miscellaneous Items
Misc,EmbalmingTool,00034CCE,Embalming Tool,,Fandom: Console Commands (Skyrim)/Miscellaneous_Items,Deep linked-page seed pass: Miscellaneous Items
Misc,EmbalmingTool,00034CD0,Embalming Tool,,Fandom: Console Commands (Skyrim)/Miscellaneous_Items,Deep linked-page seed pass: Miscellaneous Items
Misc,EmbalmingTool,00034CD2,Embalming Tool,,Fandom: Console Commands (Skyrim)/Miscellaneous_Items,Deep linked-page seed pass: Miscellaneous Items
Misc,EmbalmingTool,00034CD4,Embalming Tool,,Fandom: Console Commands (Skyrim)/Miscellaneous_Items,Deep linked-page seed pass: Miscellaneous Items
Misc,FlowerBasket,000D955A,Flower Basket,,Fandom: Console Commands (Skyrim)/Miscellaneous_Items,Deep linked-page seed pass: Miscellaneous Items
Crafting,SabreCatSnowPelt,0003AD6E,Sabre Cat Snow Pelt,,Fandom: Console Commands (Skyrim)/Miscellaneous_Items,Deep linked-page seed pass: Miscellaneous Items
Misc,DoNotDelete,000C7316,Do Not Delete,,Fandom: Console Commands (Skyrim)/Miscellaneous_Items,Deep linked-page seed pass: Miscellaneous Items
Misc,DoNotDelete,000EA5C5,Do Not Delete,,Fandom: Console Commands (Skyrim)/Miscellaneous_Items,Deep linked-page seed pass: Miscellaneous Items
Misc,DoNotDelete,00103370,Do Not Delete,,Fandom: Console Commands (Skyrim)/Miscellaneous_Items,Deep linked-page seed pass: Miscellaneous Items
Misc,DoNotDelete,0010C762,Do Not Delete,,Fandom: Console Commands (Skyrim)/Miscellaneous_Items,Deep linked-page seed pass: Miscellaneous Items
Soul Gems,AzuraSStar,00063B27,Azura's Star,,Fandom: Console Commands (Skyrim)/Miscellaneous_Items,Deep linked-page seed pass: Miscellaneous Items
Misc,JeweledCandlestick,00044E6A,Jeweled Candlestick,,Fandom: Console Commands (Skyrim)/Miscellaneous_Items,Deep linked-page seed pass: Miscellaneous Items
Crafting,CaveBearPelt,0003AD53,Cave Bear Pelt,,Fandom: Console Commands (Skyrim)/Miscellaneous_Items,Deep linked-page seed pass: Miscellaneous Items
Gems,BlackSoulGem,0002E500,Black Soul Gem,,Fandom: Console Commands (Skyrim)/Miscellaneous_Items,Deep linked-page seed pass: Miscellaneous Items
Gems,BlackSoulGem,0002E504,Black Soul Gem,,Fandom: Console Commands (Skyrim)/Miscellaneous_Items,Deep linked-page seed pass: Miscellaneous Items
Crafting,SnowBearPelt,0003AD54,Snow Bear Pelt,,Fandom: Console Commands (Skyrim)/Miscellaneous_Items,Deep linked-page seed pass: Miscellaneous Items
Misc,Tankard,000319E3,Tankard,,Fandom: Console Commands (Skyrim)/Miscellaneous_Items,Deep linked-page seed pass: Miscellaneous Items
Misc,WoodenPlate,00031941,Wooden Plate,,Fandom: Console Commands (Skyrim)/Miscellaneous_Items,Deep linked-page seed pass: Miscellaneous Items
Misc,Candlestick,000E42DF,Candlestick,,Fandom: Console Commands (Skyrim)/Miscellaneous_Items,Deep linked-page seed pass: Miscellaneous Items
Misc,Candlestick,000E42E0,Candlestick,,Fandom: Console Commands (Skyrim)/Miscellaneous_Items,Deep linked-page seed pass: Miscellaneous Items
Misc,Candlestick,000E42E1,Candlestick,,Fandom: Console Commands (Skyrim)/Miscellaneous_Items,Deep linked-page seed pass: Miscellaneous Items
Misc,FirebrandWineCase,0003EC95,Firebrand Wine Case,,Fandom: Console Commands (Skyrim)/Miscellaneous_Items,Deep linked-page seed pass: Miscellaneous Items
Misc,Basket,00012FE7,Basket,,Fandom: Console Commands (Skyrim)/Miscellaneous_Items,Deep linked-page seed pass: Miscellaneous Items
Misc,Basket,00012FE8,Basket,,Fandom: Console Commands (Skyrim)/Miscellaneous_Items,Deep linked-page seed pass: Miscellaneous Items
Misc,Basket,00012FE9,Basket,,Fandom: Console Commands (Skyrim)/Miscellaneous_Items,Deep linked-page seed pass: Miscellaneous Items
Misc,Basket,00012FEA,Basket,,Fandom: Console Commands (Skyrim)/Miscellaneous_Items,Deep linked-page seed pass: Miscellaneous Items
Misc,Basket,00012FEB,Basket,,Fandom: Console Commands (Skyrim)/Miscellaneous_Items,Deep linked-page seed pass: Miscellaneous Items
Misc,Basket,00012FEC,Basket,,Fandom: Console Commands (Skyrim)/Miscellaneous_Items,Deep linked-page seed pass: Miscellaneous Items
Misc,Basket,0009BAF8,Basket,,Fandom: Console Commands (Skyrim)/Miscellaneous_Items,Deep linked-page seed pass: Miscellaneous Items
Misc,Basket,000ABD30,Basket,,Fandom: Console Commands (Skyrim)/Miscellaneous_Items,Deep linked-page seed pass: Miscellaneous Items
Misc,BurnedBook,000E3CB7,Burned Book,,Fandom: Console Commands (Skyrim)/Miscellaneous_Items,Deep linked-page seed pass: Miscellaneous Items
Gems,FlawlessGarnet,00068521,Flawless Garnet,,Fandom: Console Commands (Skyrim)/Miscellaneous_Items,Deep linked-page seed pass: Miscellaneous Items
Misc,SmallDwemerLever,000C8870,Small Dwemer Lever,,Fandom: Console Commands (Skyrim)/Miscellaneous_Items,Deep linked-page seed pass: Miscellaneous Items
Misc,JeweledGoblet,00044E6C,Jeweled Goblet,,Fandom: Console Commands (Skyrim)/Miscellaneous_Items,Deep linked-page seed pass: Miscellaneous Items
Misc,JeweledPitcher,00044E6E,Jeweled Pitcher,,Fandom: Console Commands (Skyrim)/Miscellaneous_Items,Deep linked-page seed pass: Miscellaneous Items
Misc,GoldenUrn,00044E63,Golden Urn,,Fandom: Console Commands (Skyrim)/Miscellaneous_Items,Deep linked-page seed pass: Miscellaneous Items
Misc,GoldenShipModel,00044E8B,Golden Ship Model,,Fandom: Console Commands (Skyrim)/Miscellaneous_Items,Deep linked-page seed pass: Miscellaneous Items
Misc,OrnateDrinkingHorn,00044E65,Ornate Drinking Horn,,Fandom: Console Commands (Skyrim)/Miscellaneous_Items,Deep linked-page seed pass: Miscellaneous Items
Misc,Flute,000DABA7,Flute,,Fandom: Console Commands (Skyrim)/Miscellaneous_Items,Deep linked-page seed pass: Miscellaneous Items
Misc,WoodenBowl,0003199A,Wooden Bowl,,Fandom: Console Commands (Skyrim)/Miscellaneous_Items,Deep linked-page seed pass: Miscellaneous Items
Misc,Kettle,00012FE6,Kettle,,Fandom: Console Commands (Skyrim)/Miscellaneous_Items,Deep linked-page seed pass: Miscellaneous Items
Misc,ClothesIron,00067180,Clothes Iron,,Fandom: Console Commands (Skyrim)/Miscellaneous_Items,Deep linked-page seed pass: Miscellaneous Items
Crafting,SpaceCore,XX0012CA,Space Core,,Fandom: Console Commands (Skyrim)/Miscellaneous_Items,Deep linked-page seed pass: Miscellaneous Items
Misc,CastIronPot,000318FB,Cast Iron Pot,,Fandom: Console Commands (Skyrim)/Miscellaneous_Items,Deep linked-page seed pass: Miscellaneous Items
Misc,CastIronPot,000318FA,Cast Iron Pot,,Fandom: Console Commands (Skyrim)/Miscellaneous_Items,Deep linked-page seed pass: Miscellaneous Items
Misc,WoodenLadle,000319E5,Wooden Ladle,,Fandom: Console Commands (Skyrim)/Miscellaneous_Items,Deep linked-page seed pass: Miscellaneous Items
Misc,BrokenIronSwordHandle,000E72AE,Broken Iron Sword Handle,,Fandom: Console Commands (Skyrim)/Miscellaneous_Items,Deep linked-page seed pass: Miscellaneous Items
Building Materials,Lockpick,0000000A,Lockpick,,Fandom: Console Commands (Skyrim)/Miscellaneous_Items,Deep linked-page seed pass: Miscellaneous Items
Misc,EmptySkoomaBottle,000F03F8,Empty Skooma Bottle,,Fandom: Console Commands (Skyrim)/Miscellaneous_Items,Deep linked-page seed pass: Miscellaneous Items
Crafting,DeerPelt,000CF89E,Deer Pelt,,Fandom: Console Commands (Skyrim)/Miscellaneous_Items,Deep linked-page seed pass: Miscellaneous Items
Misc,Tongs,0005CAE0,Tongs,,Fandom: Console Commands (Skyrim)/Miscellaneous_Items,Deep linked-page seed pass: Miscellaneous Items
Misc,Flagon,00044E70,Flagon,,Fandom: Console Commands (Skyrim)/Miscellaneous_Items,Deep linked-page seed pass: Miscellaneous Items
Misc,Torch,0001D4EC,Torch,,Fandom: Console Commands (Skyrim)/Miscellaneous_Items,Deep linked-page seed pass: Miscellaneous Items
Misc,Torch,00036343,Torch,,Fandom: Console Commands (Skyrim)/Miscellaneous_Items,Deep linked-page seed pass: Miscellaneous Items
Misc,Torch,000C82C7,Torch,,Fandom: Console Commands (Skyrim)/Miscellaneous_Items,Deep linked-page seed pass: Miscellaneous Items
Misc,BrokenIronSwordBlade,000E72B0,Broken Iron Sword Blade,,Fandom: Console Commands (Skyrim)/Miscellaneous_Items,Deep linked-page seed pass: Miscellaneous Items
Misc,Skull,000AF5FD,Skull,,Fandom: Console Commands (Skyrim)/Miscellaneous_Items,Deep linked-page seed pass: Miscellaneous Items
Misc,Skull,XX020DCF,Skull,,Fandom: Console Commands (Skyrim)/Miscellaneous_Items,Deep linked-page seed pass: Miscellaneous Items
Crafting,SnowFoxPelt,000D4BE7,Snow Fox Pelt,,Fandom: Console Commands (Skyrim)/Miscellaneous_Items,Deep linked-page seed pass: Miscellaneous Items
Misc,HiltOfMehrunesRazor,000240D3,Hilt of Mehrunes' Razor,,Fandom: Console Commands (Skyrim)/Miscellaneous_Items,Deep linked-page seed pass: Miscellaneous Items
Misc,WerewolfTotem,000E3146,Werewolf Totem,,Fandom: Console Commands (Skyrim)/Miscellaneous_Items,Deep linked-page seed pass: Miscellaneous Items
Misc,WerewolfTotem,000E3147,Werewolf Totem,,Fandom: Console Commands (Skyrim)/Miscellaneous_Items,Deep linked-page seed pass: Miscellaneous Items
Misc,WerewolfTotem,000E3148,Werewolf Totem,,Fandom: Console Commands (Skyrim)/Miscellaneous_Items,Deep linked-page seed pass: Miscellaneous Items
Misc,SatchelOfMoonSugar,000D8E43,Satchel of Moon Sugar,,Fandom: Console Commands (Skyrim)/Miscellaneous_Items,Deep linked-page seed pass: Miscellaneous Items
Misc,EldergleamSapling,0001CB81,Eldergleam Sapling,,Fandom: Console Commands (Skyrim)/Miscellaneous_Items,Deep linked-page seed pass: Miscellaneous Items
Misc,PommelStoneOfMehrunesRazor,000240D4,Pommel Stone of Mehrunes' Razor,,Fandom: Console Commands (Skyrim)/Miscellaneous_Items,Deep linked-page seed pass: Miscellaneous Items
Misc,Platter,00098625,Platter,,Fandom: Console Commands (Skyrim)/Miscellaneous_Items,Deep linked-page seed pass: Miscellaneous Items
Misc,RunedLexicon,0003A3DD,Runed Lexicon,,Fandom: Console Commands (Skyrim)/Miscellaneous_Items,Deep linked-page seed pass: Miscellaneous Items
Misc,Shovel,000F5D05,Shovel,,Fandom: Console Commands (Skyrim)/Miscellaneous_Items,Deep linked-page seed pass: Miscellaneous Items
Misc,Shovel,000F5D06,Shovel,,Fandom: Console Commands (Skyrim)/Miscellaneous_Items,Deep linked-page seed pass: Miscellaneous Items
Misc,Bellows,0005CADF,Bellows,,Fandom: Console Commands (Skyrim)/Miscellaneous_Items,Deep linked-page seed pass: Miscellaneous Items
Misc,Pitchfork,000F5D07,Pitchfork,,Fandom: Console Commands (Skyrim)/Miscellaneous_Items,Deep linked-page seed pass: Miscellaneous Items
Misc,Pitchfork,000F5D08,Pitchfork,,Fandom: Console Commands (Skyrim)/Miscellaneous_Items,Deep linked-page seed pass: Miscellaneous Items
Misc,Saw,000F5D0A,Saw,,Fandom: Console Commands (Skyrim)/Miscellaneous_Items,Deep linked-page seed pass: Miscellaneous Items
Misc,Lantern,000318EC,Lantern,,Fandom: Console Commands (Skyrim)/Miscellaneous_Items,Deep linked-page seed pass: Miscellaneous Items
Misc,FragmentsOfWuuthrad,000DB351,Fragments of Wuuthrad,,Fandom: Console Commands (Skyrim)/Miscellaneous_Items,Deep linked-page seed pass: Miscellaneous Items
Misc,Cup,000B9BDC,Cup,,Fandom: Console Commands (Skyrim)/Miscellaneous_Items,Deep linked-page seed pass: Miscellaneous Items
Misc,Cup,000F08F8,Cup,,Fandom: Console Commands (Skyrim)/Miscellaneous_Items,Deep linked-page seed pass: Miscellaneous Items
Misc,FragmentOfWuuthrad,0006E806,Fragment of Wuuthrad,,Fandom: Console Commands (Skyrim)/Miscellaneous_Items,Deep linked-page seed pass: Miscellaneous Items
Misc,FragmentOfWuuthrad,00064283,Fragment of Wuuthrad,,Fandom: Console Commands (Skyrim)/Miscellaneous_Items,Deep linked-page seed pass: Miscellaneous Items
Misc,FragmentOfWuuthrad,00064285,Fragment of Wuuthrad,,Fandom: Console Commands (Skyrim)/Miscellaneous_Items,Deep linked-page seed pass: Miscellaneous Items
Misc,FragmentOfWuuthrad,00064287,Fragment of Wuuthrad,,Fandom: Console Commands (Skyrim)/Miscellaneous_Items,Deep linked-page seed pass: Miscellaneous Items
Misc,FragmentOfWuuthrad,00064289,Fragment of Wuuthrad,,Fandom: Console Commands (Skyrim)/Miscellaneous_Items,Deep linked-page seed pass: Miscellaneous Items
Misc,FragmentOfWuuthrad,0006428B,Fragment of Wuuthrad,,Fandom: Console Commands (Skyrim)/Miscellaneous_Items,Deep linked-page seed pass: Miscellaneous Items
Misc,FragmentOfWuuthrad,0006428E,Fragment of Wuuthrad,,Fandom: Console Commands (Skyrim)/Miscellaneous_Items,Deep linked-page seed pass: Miscellaneous Items
Misc,FragmentOfWuuthrad,00064290,Fragment of Wuuthrad,,Fandom: Console Commands (Skyrim)/Miscellaneous_Items,Deep linked-page seed pass: Miscellaneous Items
Misc,FragmentOfWuuthrad,00064292,Fragment of Wuuthrad,,Fandom: Console Commands (Skyrim)/Miscellaneous_Items,Deep linked-page seed pass: Miscellaneous Items
Misc,FragmentOfWuuthrad,00064296,Fragment of Wuuthrad,,Fandom: Console Commands (Skyrim)/Miscellaneous_Items,Deep linked-page seed pass: Miscellaneous Items
Misc,FragmentOfWuuthrad,00064294,Fragment of Wuuthrad,,Fandom: Console Commands (Skyrim)/Miscellaneous_Items,Deep linked-page seed pass: Miscellaneous Items
Misc,FragmentOfWuuthrad,00064298,Fragment of Wuuthrad,,Fandom: Console Commands (Skyrim)/Miscellaneous_Items,Deep linked-page seed pass: Miscellaneous Items
Misc,HaelgaSStatueOfDibella,00021EA3,Haelga's Statue of Dibella,,Fandom: Console Commands (Skyrim)/Miscellaneous_Items,Deep linked-page seed pass: Miscellaneous Items
Misc,HaelgaSStatueOfDibella,0010CC6A,Haelga's Statue of Dibella,,Fandom: Console Commands (Skyrim)/Miscellaneous_Items,Deep linked-page seed pass: Miscellaneous Items
Misc,BlackBriarMeadKeg,0005333B,Black-Briar Mead Keg,,Fandom: Console Commands (Skyrim)/Miscellaneous_Items,Deep linked-page seed pass: Miscellaneous Items
Misc,DwemerPlate,00027F15,Dwemer Plate,,Fandom: Console Commands (Skyrim)/Miscellaneous_Items,Deep linked-page seed pass: Miscellaneous Items
Misc,RoastedOxLeg,0005E52A,Roasted Ox Leg,,Fandom: Console Commands (Skyrim)/Miscellaneous_Items,Deep linked-page seed pass: Miscellaneous Items
Building Materials,Nails,XX00300F,Nails,,Fandom: Console Commands (Skyrim)/Miscellaneous_Items,Deep linked-page seed pass: Miscellaneous Items
Misc,Goblet,000B9BDA,Goblet,,Fandom: Console Commands (Skyrim)/Miscellaneous_Items,Deep linked-page seed pass: Miscellaneous Items
Misc,Goblet,000F08F9,Goblet,,Fandom: Console Commands (Skyrim)/Miscellaneous_Items,Deep linked-page seed pass: Miscellaneous Items
Misc,Goblet,00098620,Goblet,,Fandom: Console Commands (Skyrim)/Miscellaneous_Items,Deep linked-page seed pass: Miscellaneous Items
Misc,Goblet,00098621,Goblet,,Fandom: Console Commands (Skyrim)/Miscellaneous_Items,Deep linked-page seed pass: Miscellaneous Items
Misc,Pot,000B9BD2,Pot,,Fandom: Console Commands (Skyrim)/Miscellaneous_Items,Deep linked-page seed pass: Miscellaneous Items
Misc,Pot,000F08F6,Pot,,Fandom: Console Commands (Skyrim)/Miscellaneous_Items,Deep linked-page seed pass: Miscellaneous Items
Misc,Pot,000B9BD4,Pot,,Fandom: Console Commands (Skyrim)/Miscellaneous_Items,Deep linked-page seed pass: Miscellaneous Items
Misc,Pot,000F08F7,Pot,,Fandom: Console Commands (Skyrim)/Miscellaneous_Items,Deep linked-page seed pass: Miscellaneous Items
Misc,SilverCandlestick,000AA03E,Silver Candlestick,,Fandom: Console Commands (Skyrim)/Miscellaneous_Items,Deep linked-page seed pass: Miscellaneous Items
Misc,BloodyRags,000CC84D,Bloody Rags,,Fandom: Console Commands (Skyrim)/Miscellaneous_Items,Deep linked-page seed pass: Miscellaneous Items
Misc,OpaqueVessel,0003E6BB,Opaque Vessel,,Fandom: Console Commands (Skyrim)/Miscellaneous_Items,Deep linked-page seed pass: Miscellaneous Items
Misc,OpaqueVessel,0003E6BC,Opaque Vessel,,Fandom: Console Commands (Skyrim)/Miscellaneous_Items,Deep linked-page seed pass: Miscellaneous Items
Misc,OpaqueVessel,0008D770,Opaque Vessel,,Fandom: Console Commands (Skyrim)/Miscellaneous_Items,Deep linked-page seed pass: Miscellaneous Items
Misc,PestPoison,0002BAAB,Pest Poison,,Fandom: Console Commands (Skyrim)/Miscellaneous_Items,Deep linked-page seed pass: Miscellaneous Items
Misc,PotemaSSkull,0009E01F,Potema's Skull,,Fandom: Console Commands (Skyrim)/Miscellaneous_Items,Deep linked-page seed pass: Miscellaneous Items
Misc,GildergreenSapling,0005C09E,Gildergreen Sapling,,Fandom: Console Commands (Skyrim)/Miscellaneous_Items,Deep linked-page seed pass: Miscellaneous Items
Misc,MercerSPlans,00037CE9,Mercer's Plans,,Fandom: Console Commands (Skyrim)/Miscellaneous_Items,Deep linked-page seed pass: Miscellaneous Items
Misc,NurelionSMixture,000C4F2E,Nurelion's Mixture,,Fandom: Console Commands (Skyrim)/Miscellaneous_Items,Deep linked-page seed pass: Miscellaneous Items
Misc,SealedScroll,000457AB,Sealed Scroll,,Fandom: Console Commands (Skyrim)/Miscellaneous_Items,Deep linked-page seed pass: Miscellaneous Items
Misc,SindingSSkin,0002AC62,Sinding's Skin,,Fandom: Console Commands (Skyrim)/Miscellaneous_Items,Deep linked-page seed pass: Miscellaneous Items
Misc,SylgjaSSatchel,000E49F7,Sylgja's Satchel,,Fandom: Console Commands (Skyrim)/Miscellaneous_Items,Deep linked-page seed pass: Miscellaneous Items
Misc,VernerSSatchel,000E49F8,Verner's Satchel,,Fandom: Console Commands (Skyrim)/Miscellaneous_Items,Deep linked-page seed pass: Miscellaneous Items
Building Materials,QuarriedStone,XX00306C,Quarried Stone,,Fandom: Console Commands (Skyrim)/Miscellaneous_Items,Deep linked-page seed pass: Miscellaneous Items
Building Materials,Clay,XX003043,Clay,,Fandom: Console Commands (Skyrim)/Miscellaneous_Items,Deep linked-page seed pass: Miscellaneous Items
Building Materials,Hinge,XX003011,Hinge,,Fandom: Console Commands (Skyrim)/Miscellaneous_Items,Deep linked-page seed pass: Miscellaneous Items
Building Materials,IronFittings,XX003035,Iron Fittings,,Fandom: Console Commands (Skyrim)/Miscellaneous_Items,Deep linked-page seed pass: Miscellaneous Items
Building Materials,Lock,XX003012,Lock,,Fandom: Console Commands (Skyrim)/Miscellaneous_Items,Deep linked-page seed pass: Miscellaneous Items
Building Materials,Straw,XX005A68,Straw,,Fandom: Console Commands (Skyrim)/Miscellaneous_Items,Deep linked-page seed pass: Miscellaneous Items
Building Materials,Glass,XX005A69,Glass,,Fandom: Console Commands (Skyrim)/Miscellaneous_Items,Deep linked-page seed pass: Miscellaneous Items
Building Materials,GoatHorns,XX00303F,Goat Horns,,Fandom: Console Commands (Skyrim)/Miscellaneous_Items,Deep linked-page seed pass: Miscellaneous Items
Building Materials,SawnLog,XX00300E,Sawn Log,,Fandom: Console Commands (Skyrim)/Miscellaneous_Items,Deep linked-page seed pass: Miscellaneous Items
Misc,ChildSDoll,XX00C1DE,Child's Doll,,Fandom: Console Commands (Skyrim)/Miscellaneous_Items,Deep linked-page seed pass: Miscellaneous Items
Misc,BrokenIronMaceHandle,000E72AA,Broken Iron Mace Handle,,Fandom: Console Commands (Skyrim)/Miscellaneous_Items,Deep linked-page seed pass: Miscellaneous Items
Misc,BrokenIronMaceHead,000E72AC,Broken Iron Mace Head,,Fandom: Console Commands (Skyrim)/Miscellaneous_Items,Deep linked-page seed pass: Miscellaneous Items
Misc,BrokenIronWarAxeHandle,000E72A6,Broken Iron War Axe Handle,,Fandom: Console Commands (Skyrim)/Miscellaneous_Items,Deep linked-page seed pass: Miscellaneous Items
Misc,BrokenIronWarAxeHead,000E72A8,Broken Iron War Axe Head,,Fandom: Console Commands (Skyrim)/Miscellaneous_Items,Deep linked-page seed pass: Miscellaneous Items
Misc,BrokenSteelBattleAxeHandle,000E72A0,Broken Steel Battle Axe Handle,,Fandom: Console Commands (Skyrim)/Miscellaneous_Items,Deep linked-page seed pass: Miscellaneous Items
Misc,BrokenSteelBattleAxeHead,000E729E,Broken Steel Battle Axe Head,,Fandom: Console Commands (Skyrim)/Miscellaneous_Items,Deep linked-page seed pass: Miscellaneous Items
Misc,BrokenSteelGreatswordBlade,000E729A,Broken Steel Greatsword Blade,,Fandom: Console Commands (Skyrim)/Miscellaneous_Items,Deep linked-page seed pass: Miscellaneous Items
Misc,BrokenSteelGreatswordHandle,000E729C,Broken Steel Greatsword Handle,,Fandom: Console Commands (Skyrim)/Miscellaneous_Items,Deep linked-page seed pass: Miscellaneous Items
Misc,Knife,00104B40,Knife,,Fandom: Console Commands (Skyrim)/Miscellaneous_Items,Deep linked-page seed pass: Miscellaneous Items
Misc,Fork,000AEBF3,Fork,,Fandom: Console Commands (Skyrim)/Miscellaneous_Items,Deep linked-page seed pass: Miscellaneous Items
Misc,CalcelmoSRing,000D8482,Calcelmo's Ring,,Fandom: Console Commands (Skyrim)/Miscellaneous_Items,Deep linked-page seed pass: Miscellaneous Items
Misc,Flag,00070BC4,Flag,,Fandom: Console Commands (Skyrim)/Miscellaneous_Items,Deep linked-page seed pass: Miscellaneous Items
Misc,Flag,00070BC3,Flag,,Fandom: Console Commands (Skyrim)/Miscellaneous_Items,Deep linked-page seed pass: Miscellaneous Items
Misc,MichaelaSFlagon,000F257D,Michaela's Flagon,,Fandom: Console Commands (Skyrim)/Miscellaneous_Items,Deep linked-page seed pass: Miscellaneous Items
Gems,WylandriahSSoulGem,00043E26,Wylandriah's Soul Gem,,Fandom: Console Commands (Skyrim)/Miscellaneous_Items,Deep linked-page seed pass: Miscellaneous Items
Misc,WylandriahSSatchel,00043E2B,Wylandriah's Satchel,,Fandom: Console Commands (Skyrim)/Miscellaneous_Items,Deep linked-page seed pass: Miscellaneous Items
Misc,StormcloakDocuments,000DC52E,StormCloak Documents,,Fandom: Console Commands (Skyrim)/Miscellaneous_Items,Deep linked-page seed pass: Miscellaneous Items
Gems,TreatedSoulGem,00094E40,Treated Soul Gem,,Fandom: Console Commands (Skyrim)/Miscellaneous_Items,Deep linked-page seed pass: Miscellaneous Items
Misc,Spoon,000AEBF4,Spoon,,Fandom: Console Commands (Skyrim)/Miscellaneous_Items,Deep linked-page seed pass: Miscellaneous Items
Gems,FlawlessDiamond,0006851F,Flawless Diamond,,Fandom: Console Commands (Skyrim)/Miscellaneous_Items,Deep linked-page seed pass: Miscellaneous Items
Misc,NordWarHorn,000200B6,Nord War Horn,,Fandom: Console Commands (Skyrim)/Miscellaneous_Items,Deep linked-page seed pass: Miscellaneous Items
Crafting,OrichalcumIngot,00043E27,Orichalcum Ingot,,Fandom: Console Commands (Skyrim)/Miscellaneous_Items,Deep linked-page seed pass: Miscellaneous Items
Misc,FlawedVarlaStone,XX000801,Flawed Varla Stone,,Fandom: Console Commands (Skyrim)/Miscellaneous_Items,Deep linked-page seed pass: Miscellaneous Items
Misc,VampireDoll,XX033717,Vampire Doll,,Fandom: Console Commands (Skyrim)/Miscellaneous_Items,Deep linked-page seed pass: Miscellaneous Items
Misc,SheogorathShapedAmber,XX183E61,Sheogorath-Shaped Amber,,Fandom: Console Commands (Skyrim)/Miscellaneous_Items,Deep linked-page seed pass: Miscellaneous Items
Misc,PurpleButterflyInAJar,XX12DD3C,Purple Butterfly in a Jar,,Fandom: Console Commands (Skyrim)/Miscellaneous_Items,Deep linked-page seed pass: Miscellaneous Items
Misc,BlissBugInAJar,XX12DD3A,Bliss Bug in a Jar,,Fandom: Console Commands (Skyrim)/Miscellaneous_Items,Deep linked-page seed pass: Miscellaneous Items
Misc,GreenButterflyInAJar,XX12DD3B,Green Butterfly in a Jar,,Fandom: Console Commands (Skyrim)/Miscellaneous_Items,Deep linked-page seed pass: Miscellaneous Items
Gems,VardnkndConduitGem,XX130891,Vardnknd Conduit Gem,,Fandom: Console Commands (Skyrim)/Miscellaneous_Items,Deep linked-page seed pass: Miscellaneous Items
Gems,FahlbtharzForgeGem,XX0990ED,Fahlbtharz Forge Gem,,Fandom: Console Commands (Skyrim)/Miscellaneous_Items,Deep linked-page seed pass: Miscellaneous Items
