Category,EditorID,FormID,Name,Value,Source,Notes
Currency,Gold,0000000F,Gold,,Skyrim.esm,Inventory item/currency
Arrows,AncientNordArrow,00034182,Ancient Nord Arrow,,Skyrim.esm,Ammo
Arrows,BloodcursedElvenArrow,XX0098A0,Bloodcursed Elven Arrow,,Dawnguard.esm,XX load-order placeholder
Arrows,DaedricArrow,000139C0,Daedric Arrow,,Skyrim.esm,Ammo
Arrows,DragonboneArrow,XX0176F4,Dragonbone Arrow,,Dawnguard.esm,XX load-order placeholder
Arrows,DwarvenArrow,000139BC,Dwarven Arrow,,Skyrim.esm,Ammo
Arrows,DwarvenBolt,XX00D099,Dwarven Bolt,,Dawnguard.esm,Bolt
Arrows,EbonyArrow,000139BF,Ebony Arrow,,Skyrim.esm,Ammo
Arrows,ElvenArrow,000139BD,Elven Arrow,,Skyrim.esm,Ammo
Arrows,ExplodingDwarvenBoltofFire,XX00F1B1,Exploding Dwarven Bolt of Fire,,Dawnguard.esm,Bolt
Arrows,ExplodingDwarvenBoltofIce,XX00F1B7,Exploding Dwarven Bolt of Ice,,Dawnguard.esm,Bolt
Arrows,ExplodingDwarvenBoltofShock,XX00F1B9,Exploding Dwarven Bolt of Shock,,Dawnguard.esm,Bolt
Arrows,ExplodingDwarvenBoltOfShock,XX00F1BC,Exploding Dwarven Bolt of Shock,,Fandom/UESP curated pass,Ammo/bolt ID expansion
Arrows,ExplodingSteelBoltofFire,XX00F1A0,Exploding Steel Bolt of Fire,,Dawnguard.esm,Bolt
Arrows,ExplodingSteelBoltofIce,XX00F1BB,Exploding Steel Bolt of Ice,,Dawnguard.esm,Bolt
Arrows,ExplodingSteelBoltofShock,XX00F1BC,Exploding Steel Bolt of Shock,,Dawnguard.esm,Bolt
Arrows,FalmerArrow,00038341,Falmer Arrow,,Skyrim.esm,Ammo
Arrows,ForswornArrow,000CEE9E,Forsworn Arrow,,Skyrim.esm,Ammo
Arrows,GlassArrow,000139BE,Glass Arrow,,Skyrim.esm,Ammo
Arrows,IronArrow,0001397D,Iron Arrow,,Skyrim.esm,Ammo; detected in player inventory
Arrows,NordHeroArrow,000EAFDF,Nord Hero Arrow,,Skyrim.esm,Ammo
Arrows,OrcishArrow,000139BB,Orcish Arrow,,Skyrim.esm,Ammo
Arrows,PracticeArrow,000CAB52,Practice Arrow,,Skyrim.esm,Ammo
Arrows,RieklingSpear,XX017720,Riekling Spear,,Fandom/UESP curated pass,Ammo/bolt ID expansion
Arrows,RustyArrow,000E738A,Rusty Arrow,,Skyrim.esm,Ammo
Arrows,SteelArrow,0001397F,Steel Arrow,,Skyrim.esm,Ammo
Arrows,SteelBolt,XX000BB3,Steel Bolt,,Dawnguard.esm,Bolt
Arrows,SteelBolt,XX00D099,Steel Bolt,,Fandom/UESP curated pass,Ammo/bolt ID expansion
Arrows,SunhallowedElvenArrow,XX0098A1,Sunhallowed Elven Arrow,,Dawnguard.esm,XX load-order placeholder
Blades,AkaviriSword,000C1989,Akaviri Sword,,Fandom/UESP curated pass,Weapon ID expansion
Blades,AlessandraSDagger,00043E1E,Alessandra's Dagger,,Fandom Console Commands,Unique dagger
Blades,AmrenSFamilySword,000647AC,Amren's Family Sword,,Fandom Console Commands,Quest sword
Blades,AncientNordGreatsword,000236A5,Ancient Nord Greatsword,,Fandom Console Commands,Two-handed sword
Blades,AncientNordSword,0002C66F,Ancient Nord Sword,,Fandom Console Commands,Nord sword
Blades,BalgruufSGreatsword,000946FC,Balgruuf's Greatsword,,Fandom Console Commands,Unique greatsword
Blades,BladeOfSacrifice,00079B1D,Blade of Sacrifice,,Fandom Console Commands,Unique dagger
Blades,BladeOfWoe,0009CCDC,Blade of Woe,,Fandom/UESP curated pass,Weapon ID expansion
Blades,BladesSword,0003AEB9,Blades Sword,,Fandom Console Commands,Blades sword
Blades,Bloodscythe,XX036689,Bloodscythe,,Fandom/UESP curated pass,Weapon ID expansion
Blades,BloodskalBlade,XX01AEA4,Bloodskal Blade,,Fandom/UESP curated pass,Weapon ID expansion
Blades,Bloodthorn,000A4DCE,Bloodthorn,,Fandom Console Commands,Unique dagger
Blades,BolarSOathblade,000C1989,Bolar's Oathblade,,Fandom Console Commands,Unique sword
Blades,BorvirSDagger,000ECD54,Borvir's Dagger,,Fandom Console Commands,Unique dagger
Blades,CeremonialSword,0008ADFC,Ceremonial Sword,,Fandom Console Commands,Quest sword
Blades,ChillrendLv110,000F8313,Chillrend Lv 1-10,,Fandom Console Commands,Leveled unique sword
Blades,ChillrendLv1118,000F8314,Chillrend Lv 11-18,,Fandom Console Commands,Leveled unique sword
Blades,ChillrendLv1926,000F8315,Chillrend Lv 19-26,,Fandom Console Commands,Leveled unique sword
Blades,ChillrendLv2735,000F8316,Chillrend Lv 27-35,,Fandom Console Commands,Leveled unique sword
Blades,ChillrendLv3645,000F8317,Chillrend Lv 36-45,,Fandom Console Commands,Leveled unique sword
Blades,ChillrendLv46,000F8318,Chillrend Lv 46+,,Fandom Console Commands,Leveled unique sword
Blades,DaedricDagger,000139B6,Daedric Dagger,,Skyrim.esm,Dagger
Blades,DaedricGreatsword,000139B7,Daedric Greatsword,,Skyrim.esm,Two-handed sword
Blades,DaedricSword,000139B9,Daedric Sword,,Skyrim.esm,One-handed sword
Blades,Dawnbreaker,0004E4EE,Dawnbreaker,,Fandom Console Commands,Daedric artifact
Blades,DawnguardSword,XX00D098,Dawnguard Sword,,Fandom/UESP curated pass,Weapon ID expansion
Blades,DawnguardWarAxe,XX00D098,Dawnguard War Axe,,Fandom/UESP curated pass,Weapon ID expansion
Blades,DragonPriestDagger,0001C1FE,Dragon Priest Dagger,,Fandom Console Commands,Unique dagger
Blades,DragonbaneLv118,000F1AC1,Dragonbane Lv 1-18,,Fandom Console Commands,Leveled unique sword
Blades,DragonbaneLv1926,000F71CD,Dragonbane Lv 19-26,,Fandom Console Commands,Leveled unique sword
Blades,DragonbaneLv2735,000F71CE,Dragonbane Lv 27-35,,Fandom Console Commands,Leveled unique sword
Blades,DragonbaneLv3645,000F71CF,Dragonbane Lv 36-45,,Fandom Console Commands,Leveled unique sword
Blades,DragonbaneLv46,000F71D0,Dragonbane Lv 46+,,Fandom Console Commands,Leveled unique sword
Blades,DragonboneDagger,XX014FCB,Dragonbone Dagger,,Dawnguard.esm,XX load-order placeholder
Blades,DragonboneGreatsword,XX014FCC,Dragonbone Greatsword,,Dawnguard.esm,XX load-order placeholder
Blades,DragonboneSword,XX014FCE,Dragonbone Sword,,Dawnguard.esm,XX load-order placeholder
Blades,DrainheartSword,000F71DD,Drainheart Sword,,Fandom Console Commands,Unique sword
Blades,DwarvenDagger,00013996,Dwarven Dagger,,Skyrim.esm,Dagger
Blades,DwarvenGreatsword,00013997,Dwarven Greatsword,,Skyrim.esm,Two-handed sword
Blades,DwarvenSword,00013999,Dwarven Sword,,Skyrim.esm,One-handed sword
Blades,EbonyBlade,0004A38F,Ebony Blade,,Skyrim.esm,Daedric artifact sword
Blades,EbonyDagger,000139AE,Ebony Dagger,,Skyrim.esm,Dagger
Blades,EbonyGreatsword,000139AF,Ebony Greatsword,,Skyrim.esm,Two-handed sword
Blades,EbonySword,000139B1,Ebony Sword,,Skyrim.esm,One-handed sword
Blades,Eduj,0008FFDF,Eduj,,Fandom Console Commands,Unique sword
Blades,ElvenDagger,0001399E,Elven Dagger,,Skyrim.esm,Dagger
Blades,ElvenGreatsword,0001399F,Elven Greatsword,,Skyrim.esm,Two-handed sword
Blades,ElvenSword,000139A1,Elven Sword,,Skyrim.esm,One-handed sword
Blades,FalmerSword,0002E6D1,Falmer Sword,,Fandom Console Commands,Falmer sword
Blades,ForswornSword,000CADE9,Forsworn Sword,,Fandom Console Commands,Forsworn sword
Blades,GauldurBlackbladeLv111,000AB702,Gauldur Blackblade Lv 1-11,,Fandom Console Commands,Leveled unique sword
Blades,GauldurBlackbladeLv1218,000F5D1A,Gauldur Blackblade Lv 12-18,,Fandom Console Commands,Leveled unique sword
Blades,GauldurBlackbladeLv1926,000F5D1B,Gauldur Blackblade Lv 19-26,,Fandom Console Commands,Leveled unique sword
Blades,GauldurBlackbladeLv2735,000F5D1C,Gauldur Blackblade Lv 27-35,,Fandom Console Commands,Leveled unique sword
Blades,GauldurBlackbladeLv36,000F5D1D,Gauldur Blackblade Lv 36+,,Fandom Console Commands,Leveled unique sword
Blades,Ghostblade,00094A2B,Ghostblade,,Skyrim.esm,Unique sword
Blades,GlassDagger,000139A6,Glass Dagger,,Skyrim.esm,Dagger
Blades,GlassGreatsword,000139A7,Glass Greatsword,,Skyrim.esm,Two-handed sword
Blades,GlassSword,000139A9,Glass Sword,,Skyrim.esm,One-handed sword
Blades,Grimsever,00053379,Grimsever,,Fandom Console Commands,Unique sword
Blades,HarkonsSword,XX0067CF,Harkon's Sword,,Dawnguard.esm,XX load-order placeholder
Blades,HjaltiSSword,00068976,Hjalti's Sword,,Fandom Console Commands,Quest sword
Blades,HonedAncientNordGreatsword,0005BF13,Honed Ancient Nord Greatsword,,Fandom Console Commands,Two-handed sword
Blades,HonedAncientNordSword,0005BF14,Honed Ancient Nord Sword,,Fandom Console Commands,Nord sword
Blades,HonedFalmerSword,0006F6FF,Honed Falmer Sword,,Fandom Console Commands,Falmer sword
Blades,ImperialSword,000135B8,Imperial Sword,,Skyrim.esm,One-handed sword
Blades,IronDagger,0001397E,Iron Dagger,,Skyrim.esm,Dagger; detected in player inventory
Blades,IronDaggerOfEmbers,000896C7,Iron Dagger of Embers,,Fandom/UESP curated pass,Weapon ID expansion
Blades,IronGreatsword,0001359D,Iron Greatsword,,Skyrim.esm,Two-handed sword
Blades,IronSword,00012EB7,Iron Sword,,Skyrim.esm,One-handed sword; detected in player inventory
Blades,KahvozeinSFang,000D0758,Kahvozein's Fang,,Fandom Console Commands,Unique dagger
Blades,Keening,0006A13C,Keening,,Fandom Console Commands,Unique dagger
Blades,LunarIronSword,0003B0B7,Lunar Iron Sword,,Fandom/UESP curated pass,Weapon ID expansion
Blades,LunarSteelSword,0003B0BA,Lunar Steel Sword,,Fandom/UESP curated pass,Weapon ID expansion
Blades,MehrunesRazor,000240D2,Mehrunes' Razor,,Fandom Console Commands,Daedric artifact
Blades,MiraakSSwordLv144,XX039FA6,Miraak's Sword Lv 1-44,,Fandom/UESP curated pass,Weapon ID expansion
Blades,MiraakSSwordLv4559,XX039FA7,Miraak's Sword Lv 45-59,,Fandom/UESP curated pass,Weapon ID expansion
Blades,MiraakSSwordLv60,XX039FA8,Miraak's Sword Lv 60+,,Fandom/UESP curated pass,Weapon ID expansion
Blades,Nettlebane,0001C492,Nettlebane,,Fandom Console Commands,Unique dagger
Blades,NightingaleBladeLv118,0007A917,Nightingale Blade Lv 1-18,,Fandom Console Commands,Leveled unique sword
Blades,NightingaleBladeLv1926,000F6524,Nightingale Blade Lv 19-26,,Fandom Console Commands,Leveled unique sword
Blades,NightingaleBladeLv2735,000F6525,Nightingale Blade Lv 27-35,,Fandom Console Commands,Leveled unique sword
Blades,NightingaleBladeLv3645,000F6526,Nightingale Blade Lv 36-45,,Fandom Console Commands,Leveled unique sword
Blades,NightingaleBladeLv46,000F6527,Nightingale Blade Lv 46+,,Fandom Console Commands,Leveled unique sword
Blades,NordHeroGreatsword,000A3115,Nord Hero Greatsword,,Skyrim.esm,Two-handed sword
Blades,NordHeroSword,00068C7B,Nord Hero Sword,,Skyrim.esm,One-handed sword
Blades,OrcishDagger,0001398E,Orcish Dagger,,Skyrim.esm,Dagger
Blades,OrcishGreatsword,0001398F,Orcish Greatsword,,Skyrim.esm,Two-handed sword
Blades,OrcishSword,00013991,Orcish Sword,,Skyrim.esm,One-handed sword
Blades,PhantomSword,000771B9,Phantom Sword,,Fandom Console Commands,Unique sword
Blades,QueenFreydisSSword,000AB85D,Queen Freydis's Sword,,Fandom Console Commands,Quest sword
Blades,RedEagleSBane,000AB703,Red Eagle's Bane,,Fandom Console Commands,Unique sword
Blades,RedEagleSFury,0009FD50,Red Eagle's Fury,,Fandom Console Commands,Unique sword
Blades,Scimitar,0007A91A,Scimitar,,Skyrim.esm,One-handed sword
Blades,Shiv,000426C8,Shiv,,Fandom Console Commands,Unique dagger
Blades,SilverGreatsword,0010C6FB,Silver Greatsword,,Skyrim.esm,Two-handed sword
Blades,SilverSword,0010AA19,Silver Sword,,Skyrim.esm,One-handed sword
Blades,SkyforgeSteelDagger,0009F25D,Skyforge Steel Dagger,,Fandom Console Commands,Companions weapon
Blades,SkyforgeSteelGreatsword,0009F25E,Skyforge Steel Greatsword,,Skyrim.esm,Two-handed sword
Blades,SkyforgeSteelSword,0009F25C,Skyforge Steel Sword,,Skyrim.esm,One-handed sword
Blades,Soulrender,XX036689,Soulrender,,Fandom/UESP curated pass,Weapon ID expansion
Blades,SteelDagger,00013986,Steel Dagger,,Skyrim.esm,Dagger
Blades,SteelGreatsword,00013987,Steel Greatsword,,Skyrim.esm,Two-handed sword
Blades,SteelSword,000557F5,Steel Sword,,Skyrim.esm,One-handed sword
Blades,Stormfang,XX026490,Stormfang,,Fandom/UESP curated pass,Weapon ID expansion
Blades,ThePaleBladeLv15,000D37CE,The Pale Blade Lv 1-5,,Fandom Console Commands,Leveled unique sword
Blades,ThePaleBladeLv1218,000F5D2B,The Pale Blade Lv 12-18,,Fandom Console Commands,Leveled unique sword
Blades,ThePaleBladeLv1926,000F5D2C,The Pale Blade Lv 19-26,,Fandom Console Commands,Leveled unique sword
Blades,ThePaleBladeLv27,000F5D2D,The Pale Blade Lv 27+,,Fandom Console Commands,Leveled unique sword
Blades,ThePaleBladeLv611,000F5D2A,The Pale Blade Lv 6-11,,Fandom Console Commands,Leveled unique sword
Blades,ValdrSLuckyDagger,000B994E,Valdr's Lucky Dagger,,Fandom Console Commands,Unique dagger
Blades,Windshear,0006EA8B,Windshear,,Skyrim.esm,Unique sword
Blunts,AncientNordBattleAxe,0001CB64,Ancient Nord Battle Axe,,Fandom/UESP curated pass,Weapon ID expansion
Blunts,AncientNordWarAxe,0002C672,Ancient Nord War Axe,,Fandom/UESP curated pass,Weapon ID expansion
Blunts,AncientNordWarhammer,0005BF19,Ancient Nord Warhammer,,Fandom/UESP curated pass,Weapon ID expansion
Blunts,ChampionSCudgel,XX01A578,Champion's Cudgel,,Fandom/UESP curated pass,Weapon ID expansion
Blunts,DaedricBattleaxe,000139B4,Daedric Battleaxe,,Skyrim.esm,Battleaxe
Blunts,DaedricMace,000139B8,Daedric Mace,,Skyrim.esm,Mace
Blunts,DaedricWarAxe,000139B3,Daedric War Axe,,Skyrim.esm,War axe
Blunts,DaedricWarhammer,000139B5,Daedric Warhammer,,Fandom linked page seed,Common exact row seed for linked console-command category
Blunts,DaedricWarhammer,000139BA,Daedric Warhammer,,Skyrim.esm,Warhammer
Blunts,DawnguardBattleaxe,XX00DD54,Dawnguard Battleaxe,,Fandom/UESP curated pass,Weapon ID expansion
Blunts,DawnguardHammer,XX00DD55,Dawnguard Hammer,,Fandom/UESP curated pass,Weapon ID expansion
Blunts,DawnguardMace,XX00D0A0,Dawnguard Mace,,Fandom/UESP curated pass,Weapon ID expansion
Blunts,DawnguardRuneAxe,XX01668C,Dawnguard Rune Axe,,Fandom/UESP curated pass,Weapon ID expansion
Blunts,DawnguardRuneHammer,XX011BAD,Dawnguard Rune Hammer,,Fandom/UESP curated pass,Weapon ID expansion
Blunts,DawnguardWarAxe,XX00D098,Dawnguard War Axe,,Fandom/UESP curated pass,Weapon ID expansion
Blunts,DragonPriestStaff,0004DE5B,Dragon Priest Staff,,Fandom/UESP curated pass,Weapon ID expansion
Blunts,DragonboneBattleaxe,XX014FC3,Dragonbone Battleaxe,,Dawnguard.esm,XX load-order placeholder
Blunts,DragonboneMace,XX014FCD,Dragonbone Mace,,Dawnguard.esm,XX load-order placeholder
Blunts,DragonboneWarAxe,XX014FCF,Dragonbone War Axe,,Dawnguard.esm,XX load-order placeholder
Blunts,DragonboneWarhammer,XX014FD0,Dragonbone Warhammer,,Dawnguard.esm,XX load-order placeholder
Blunts,DwarvenBattleaxe,00013994,Dwarven Battleaxe,,Skyrim.esm,Battleaxe
Blunts,DwarvenMace,00013998,Dwarven Mace,,Skyrim.esm,Mace
Blunts,DwarvenWarAxe,00013993,Dwarven War Axe,,Skyrim.esm,War axe
Blunts,DwarvenWarhammer,0001399A,Dwarven Warhammer,,Skyrim.esm,Warhammer
Blunts,EbonyBattleaxe,000139AC,Ebony Battleaxe,,Skyrim.esm,Battleaxe
Blunts,EbonyMace,000139B0,Ebony Mace,,Skyrim.esm,Mace
Blunts,EbonyWarAxe,000139AB,Ebony War Axe,,Skyrim.esm,War axe
Blunts,EbonyWarhammer,000139AD,Ebony Warhammer,,Fandom linked page seed,Common exact row seed for linked console-command category
Blunts,EbonyWarhammer,000139B2,Ebony Warhammer,,Skyrim.esm,Warhammer
Blunts,ElvenBattleaxe,0001399C,Elven Battleaxe,,Skyrim.esm,Battleaxe
Blunts,ElvenMace,0001399A,Elven Mace,,Fandom/UESP curated pass,Weapon ID expansion
Blunts,ElvenMace,000139A0,Elven Mace,,Fandom linked page seed,Common exact row seed for linked console-command category
Blunts,ElvenWarAxe,0001399B,Elven War Axe,,Skyrim.esm,War axe
Blunts,ElvenWarhammer,0001399D,Elven Warhammer,,Fandom linked page seed,Common exact row seed for linked console-command category
Blunts,ElvenWarhammer,000139A2,Elven Warhammer,,Skyrim.esm,Warhammer
Blunts,ForswornAxe,000CC829,Forsworn Axe,,Skyrim.esm,War axe
Blunts,GlassBattleaxe,000139A4,Glass Battleaxe,,Skyrim.esm,Battleaxe
Blunts,GlassMace,000139A8,Glass Mace,,Skyrim.esm,Mace
Blunts,GlassWarAxe,000139A3,Glass War Axe,,Skyrim.esm,War axe
Blunts,GlassWarhammer,000139A5,Glass Warhammer,,Fandom linked page seed,Common exact row seed for linked console-command category
Blunts,GlassWarhammer,000139AA,Glass Warhammer,,Skyrim.esm,Warhammer
Blunts,HonedAncientNordBattleAxe,0005BF12,Honed Ancient Nord Battle Axe,,Fandom/UESP curated pass,Weapon ID expansion
Blunts,HonedAncientNordWarAxe,0005BF12,Honed Ancient Nord War Axe,,Fandom/UESP curated pass,Weapon ID expansion
Blunts,IronBattleaxe,00013980,Iron Battleaxe,,Skyrim.esm,Battleaxe
Blunts,IronMace,00013982,Iron Mace,,Skyrim.esm,Mace
Blunts,IronWarAxe,00013790,Iron War Axe,,Skyrim.esm,War axe; detected in player inventory
Blunts,IronWarhammer,00013981,Iron Warhammer,,Skyrim.esm,Warhammer
Blunts,MaceofMolagBal,000233E3,Mace of Molag Bal,,Skyrim.esm,Daedric artifact
Blunts,NordHeroBattleAxe,00068C79,Nord Hero Battle Axe,,Fandom/UESP curated pass,Weapon ID expansion
Blunts,NordHeroWarAxe,00068C63,Nord Hero War Axe,,Fandom/UESP curated pass,Weapon ID expansion
Blunts,NotchedPickaxe,001019D4,Notched Pickaxe,,Skyrim.esm,Unique war axe/pickaxe
Blunts,OrcishBattleaxe,0001398C,Orcish Battleaxe,,Skyrim.esm,Battleaxe
Blunts,OrcishMace,00013990,Orcish Mace,,Skyrim.esm,Mace
Blunts,OrcishWarAxe,0001398B,Orcish War Axe,,Skyrim.esm,War axe
Blunts,OrcishWarhammer,00013992,Orcish Warhammer,,Skyrim.esm,Warhammer
Blunts,RuefulAxe,0001C4E6,Rueful Axe,,Skyrim.esm,Daedric artifact
Blunts,SteelBattleaxe,00013984,Steel Battleaxe,,Skyrim.esm,Battleaxe
Blunts,SteelMace,00013988,Steel Mace,,Skyrim.esm,Mace
Blunts,SteelWarAxe,00013983,Steel War Axe,,Skyrim.esm,War axe
Blunts,SteelWarhammer,0001398A,Steel Warhammer,,Skyrim.esm,Warhammer
Blunts,TheLonghammer,000AE085,The Longhammer,,Skyrim.esm,Unique warhammer
Blunts,Trollsbane,0006AF63,Trollsbane,,Skyrim.esm,Unique warhammer
Blunts,Volendrung,0002ACD2,Volendrung,,Skyrim.esm,Daedric artifact
Blunts,Wuuthrad,000956B5,Wuuthrad,,Skyrim.esm,Unique battleaxe
Bows,AncientNordBow,000302CA,Ancient Nord Bow,,Skyrim.esm,Bow
Bows,AngisBow,000CC392,Angi's Bow,,Skyrim.esm,Bow
Bows,AurielsBow,XX000800,Auriel's Bow,,Dawnguard.esm,XX load-order placeholder
Bows,BoundBow,000211ED,Bound Bow,,Skyrim.esm,Spell-based weapon
Bows,BowoftheHunt,000AE087,Bow of the Hunt,,Skyrim.esm,Bow
Bows,DaedricBow,000139B5,Daedric Bow,,Skyrim.esm,Bow
Bows,DragonboneBow,XX0176F1,Dragonbone Bow,,Dawnguard.esm,XX load-order placeholder
Bows,DrainspellBow,000F82FC,Drainspell Bow,,Skyrim.esm,Bow
Bows,DravinsBow,0006B9AD,Dravin's Bow,,Skyrim.esm,Bow
Bows,DwarvenBlackBowOfFate,XX02C01A,Dwarven Black Bow of Fate,,Fandom/UESP curated pass,Bow ID expansion
Bows,DwarvenBow,00013995,Dwarven Bow,,Skyrim.esm,Bow
Bows,EbonyBow,000139AD,Ebony Bow,,Skyrim.esm,Bow
Bows,ElvenBow,0001399D,Elven Bow,,Skyrim.esm,Bow
Bows,FalmerBow,00038340,Falmer Bow,,Skyrim.esm,Bow
Bows,FalmerSuppleBow,00083167,Falmer Supple Bow,,Skyrim.esm,Bow
Bows,FirinielsEnd,00017059,Firiniel's End,,Skyrim.esm,Bow
Bows,ForswornBow,000CEE9B,Forsworn Bow,,Skyrim.esm,Bow
Bows,FrokisBow,000C0186,Froki's Bow,,Skyrim.esm,Bow
Bows,GauldurBlackbow,000A5DF0,Gauldur Blackbow,,Skyrim.esm,Bow
Bows,GlassBow,000139A5,Glass Bow,,Skyrim.esm,Bow
Bows,GlassBowOfTheStagPrince,XX018ED5,Glass Bow of the Stag Prince,,Fandom/UESP curated pass,Bow ID expansion
Bows,HuntingBow,00013985,Hunting Bow,,Fandom/UESP curated pass,Bow ID expansion
Bows,HuntingBow,0010E2DD,Hunting Bow,,Skyrim.esm,Bow
Bows,ImperialBow,00013841,Imperial Bow,,Skyrim.esm,Bow
Bows,KarliahsBow,000DEED8,Karliah's Bow,,Skyrim.esm,Bow
Bows,LongBow,0003B562,Long Bow,,Skyrim.esm,Detected in player inventory
Bows,NightingaleBow,000F652C,Nightingale Bow,,Skyrim.esm,Leveled variant
Bows,NightingaleBowLv118,0007E5C3,Nightingale Bow Lv 1-18,,Fandom/UESP curated pass,Bow ID expansion
Bows,NightingaleBowLv1926,000F6529,Nightingale Bow Lv 19-26,,Fandom/UESP curated pass,Bow ID expansion
Bows,NightingaleBowLv2735,000F652A,Nightingale Bow Lv 27-35,,Fandom/UESP curated pass,Bow ID expansion
Bows,NightingaleBowLv3645,000F652B,Nightingale Bow Lv 36-45,,Fandom/UESP curated pass,Bow ID expansion
Bows,NightingaleBowLv46,000F652C,Nightingale Bow Lv 46+,,Fandom/UESP curated pass,Bow ID expansion
Bows,NordHeroBow,00068C57,Nord Hero Bow,,Skyrim.esm,Bow
Bows,OrcishBow,0001398D,Orcish Bow,,Skyrim.esm,Bow
Bows,SuppleAncientNordBow,0005D179,Supple Ancient Nord Bow,,Skyrim.esm,Bow
Bows,Zephyr,XX00CFB6,Zephyr,,Dawnguard.esm,XX load-order placeholder
Staves,AetherialStaff,XX00575E,Aetherial Staff,,Skyrim.esm,Dawnguard; XX load-order placeholder
Staves,DragonPriestStaffWallofFire,0007E5BB,Dragon Priest Staff (Wall of Fire),,Skyrim.esm,Destruction staff
Staves,DragonPriestStaffWallofLightning,0004DE5B,Dragon Priest Staff (Wall of Lightning),,Skyrim.esm,Destruction staff
Staves,EyeofMelka,000B3DFA,Eye of Melka,,Skyrim.esm,Destruction staff
Staves,ForswornStaff,000FA2C1,Forsworn Staff,,Skyrim.esm,Destruction staff
Staves,GadnorsStaffofCharming,00046E0B,Gadnor's Staff of Charming,,Skyrim.esm,Illusion staff
Staves,GrandStaffofCharming,00029B91,Grand Staff of Charming,,Skyrim.esm,Illusion staff
Staves,GrandStaffofRepulsion,00029B9B,Grand Staff of Repulsion,,Skyrim.esm,Restoration staff
Staves,GrandStaffofTurning,00029B97,Grand Staff of Turning,,Skyrim.esm,Restoration staff
Staves,HalldirsStaff,000AB704,Halldir's Staff,,Skyrim.esm,Illusion staff
Staves,HevnoraaksStaff,0010076D,Hevnoraak's Staff,,Skyrim.esm,Destruction staff
Staves,MinorStaffofTurning,00029B94,Minor Staff of Turning,,Skyrim.esm,Restoration staff
Staves,SanguineRose,0001CB36,Sanguine Rose,,Skyrim.esm,Daedric artifact
Staves,SildsStaff,000A88C9,Sild's Staff,,Skyrim.esm,Conjuration staff
Staves,SkullofCorruption,00035066,Skull of Corruption,,Skyrim.esm,Daedric artifact
Staves,StaffofArcaneAuthority,000940D8,Staff of Arcane Authority,,Skyrim.esm,Illusion staff
Staves,StaffofBanishing,00029B79,Staff of Banishing,,Skyrim.esm,Conjuration staff
Staves,StaffofCalm,00029B8B,Staff of Calm,,Skyrim.esm,Illusion staff
Staves,StaffofChainLightning,00029B84,Staff of Chain Lightning,,Skyrim.esm,Destruction staff
Staves,StaffofCourage,00029B88,Staff of Courage,,Skyrim.esm,Illusion staff
Staves,StaffofDaedricCommand,00029B7B,Staff of Daedric Command,,Skyrim.esm,Conjuration staff
Staves,StaffofDreadZombies,00029B7C,Staff of Dread Zombies,,Skyrim.esm,Conjuration staff
Staves,StaffofExpulsion,00029B7E,Staff of Expulsion,,Skyrim.esm,Conjuration staff
Staves,StaffofFear,00029B8C,Staff of Fear,,Skyrim.esm,Illusion staff
Staves,StaffofFireballs,00029B82,Staff of Fireballs,,Skyrim.esm,Destruction staff
Staves,StaffofFirebolts,0004C6CA,Staff of Firebolts,,Skyrim.esm,Destruction staff
Staves,StaffofFlames,0004DEE0,Staff of Flames,,Skyrim.esm,Destruction staff
Staves,StaffofFrenzy,00029B8F,Staff of Frenzy,,Skyrim.esm,Illusion staff
Staves,StaffofFrostbite,0004DEE1,Staff of Frostbite,,Skyrim.esm,Destruction staff
Staves,StaffofFury,00029B89,Staff of Fury,,Skyrim.esm,Illusion staff
Staves,StaffofHagsWrath,0007A4FB,Staff of Hag's Wrath,,Skyrim.esm,Destruction staff
Staves,StaffofIceSpikes,0004DED8,Staff of Ice Spikes,,Skyrim.esm,Destruction staff
Staves,StaffofIceStorms,00029B83,Staff of Ice Storms,,Skyrim.esm,Destruction staff
Staves,StaffofIcySpear,0010FCF7,Staff of Icy Spear,,Skyrim.esm,Destruction staff
Staves,StaffofIncineration,0010FCF2,Staff of Incineration,,Skyrim.esm,Destruction staff
Staves,StaffofInspiration,00029B8E,Staff of Inspiration,,Skyrim.esm,Illusion staff
Staves,StaffofJyrikGauldurson,000E5F43,Staff of Jyrik Gauldurson,,Skyrim.esm,Destruction staff
Staves,StaffofLightningBolts,0004DEE3,Staff of Lightning Bolts,,Skyrim.esm,Destruction staff
Staves,StaffofMagelight,000BE121,Staff of Magelight,,Skyrim.esm,Alteration staff
Staves,StaffofMagnus,00035369,Staff of Magnus,,Skyrim.esm,Unique staff
Staves,StaffofMending,00029B99,Staff of Mending,,Skyrim.esm,Restoration staff
Staves,StaffofParalysis,00029B73,Staff of Paralysis,,Skyrim.esm,Alteration staff
Staves,StaffofReanimation,00029B76,Staff of Reanimation,,Skyrim.esm,Conjuration staff
Staves,StaffofRepulsion,00029B9A,Staff of Repulsion,,Skyrim.esm,Restoration staff
Staves,StaffofRevenants,00029B7A,Staff of Revenants,,Skyrim.esm,Conjuration staff
Staves,StaffofSoulTrapping,000BE122,Staff of Soul Trapping,,Skyrim.esm,Conjuration staff
Staves,StaffofSparks,0004DEE2,Staff of Sparks,,Skyrim.esm,Destruction staff
Staves,StaffofTandil,0006A093,Staff of Tandil,,Skyrim.esm,Illusion staff
Staves,StaffoftheFamiliar,00029B75,Staff of the Familiar,,Skyrim.esm,Conjuration staff
Staves,StaffoftheFlameAtronach,00029B78,Staff of the Flame Atronach,,Skyrim.esm,Conjuration staff
Staves,StaffoftheFlameWall,00029B85,Staff of the Flame Wall,,Skyrim.esm,Destruction staff
Staves,StaffoftheFrostAtronach,000BE120,Staff of the Frost Atronach,,Skyrim.esm,Conjuration staff
Staves,StaffoftheFrostWall,00029B86,Staff of the Frost Wall,,Skyrim.esm,Destruction staff
Staves,StaffoftheHealingHand,00029B93,Staff of the Healing Hand,,Skyrim.esm,Restoration staff
Staves,StaffoftheStormAtronach,00029B7D,Staff of the Storm Atronach,,Skyrim.esm,Conjuration staff
Staves,StaffoftheStormWall,00029B87,Staff of the Storm Wall,,Skyrim.esm,Destruction staff
Staves,StaffofThunderbolts,0010FCF4,Staff of Thunderbolts,,Skyrim.esm,Destruction staff
Staves,StaffofTurning,00029B95,Staff of Turning,,Skyrim.esm,Restoration staff
Staves,StaffofVanquishment,00029B92,Staff of Vanquishment,,Skyrim.esm,Illusion staff
Staves,StaffofZombies,00029B74,Staff of Zombies,,Skyrim.esm,Conjuration staff
Staves,Wabbajack,0009B2B2,Wabbajack,,Skyrim.esm,Daedric artifact
Heavy Armor,AetherialCrown,XX00575A,Aetherial Crown,,Fandom/UESP curated pass,Heavy armor/unique/mask expansion
Heavy Armor,AetherialShield,XX005759,Aetherial Shield,,Fandom/UESP curated pass,Heavy armor/unique/mask expansion
Heavy Armor,Ahzidal,XX0240FE,Ahzidal,,Fandom/UESP curated pass,Heavy armor/unique/mask expansion
Heavy Armor,AhzidalSArmorOfRetribution,XX01DB97,Ahzidal's Armor of Retribution,,Fandom/UESP curated pass,Heavy armor/unique/mask expansion
Heavy Armor,AhzidalSBootsOfWaterwalking,XX01C655,Ahzidal's Boots of Waterwalking,,Fandom/UESP curated pass,Heavy armor/unique/mask expansion
Heavy Armor,AhzidalSGauntletsOfWarding,XX01DB99,Ahzidal's Gauntlets of Warding,,Fandom/UESP curated pass,Heavy armor/unique/mask expansion
Heavy Armor,AhzidalSHelmOfVision,XX01DB98,Ahzidal's Helm of Vision,,Fandom/UESP curated pass,Heavy armor/unique/mask expansion
Heavy Armor,AncientNordArmor,00018388,Ancient Nord Armor,,Fandom/UESP curated pass,Heavy armor/unique/mask expansion
Heavy Armor,AncientNordBoots,00056A9D,Ancient Nord Boots,,Fandom/UESP curated pass,Heavy armor/unique/mask expansion
Heavy Armor,AncientNordGauntlets,00056B17,Ancient Nord Gauntlets,,Fandom/UESP curated pass,Heavy armor/unique/mask expansion
Heavy Armor,AncientNordHelmet,00056A9E,Ancient Nord Helmet,,Fandom/UESP curated pass,Heavy armor/unique/mask expansion
Heavy Armor,BandedIronArmor,00013948,Banded Iron Armor,,Skyrim.esm,Armor
Heavy Armor,BandedIronShield,0001394B,Banded Iron Shield,,Skyrim.esm,Armor
Heavy Armor,BladesArmor,0004B28B,Blades Armor,,Fandom/UESP curated pass,Heavy armor/unique/mask expansion
Heavy Armor,BladesBoots,0004B288,Blades Boots,,Fandom/UESP curated pass,Heavy armor/unique/mask expansion
Heavy Armor,BladesGauntlets,0004B28D,Blades Gauntlets,,Fandom/UESP curated pass,Heavy armor/unique/mask expansion
Heavy Armor,BladesHelmet,0004B28F,Blades Helmet,,Fandom/UESP curated pass,Heavy armor/unique/mask expansion
Heavy Armor,BladesShield,0004F912,Blades Shield,,Fandom/UESP curated pass,Heavy armor/unique/mask expansion
Heavy Armor,BonemoldArmor,XX01CD93,Bonemold Armor,,Fandom/UESP curated pass,Heavy armor/unique/mask expansion
Heavy Armor,BonemoldBoots,XX01CD90,Bonemold Boots,,Fandom/UESP curated pass,Heavy armor/unique/mask expansion
Heavy Armor,BonemoldGauntlets,XX01CD92,Bonemold Gauntlets,,Fandom/UESP curated pass,Heavy armor/unique/mask expansion
Heavy Armor,BonemoldHelmet,XX01CD91,Bonemold Helmet,,Fandom/UESP curated pass,Heavy armor/unique/mask expansion
Heavy Armor,BonemoldShield,XX026234,Bonemold Shield,,Fandom/UESP curated pass,Heavy armor/unique/mask expansion
Heavy Armor,ChitinHeavyArmor,XX01CD8A,Chitin Heavy Armor,,Dragonborn.esm,XX load-order placeholder
Heavy Armor,ChitinHeavyBoots,XX01CD82,Chitin Heavy Boots,,Dragonborn.esm,XX load-order placeholder
Heavy Armor,ChitinHeavyGauntlets,XX01CD8B,Chitin Heavy Gauntlets,,Dragonborn.esm,XX load-order placeholder
Heavy Armor,ChitinHeavyHelmet,XX01CD8C,Chitin Heavy Helmet,,Dragonborn.esm,XX load-order placeholder
Heavy Armor,DaedricArmor,0001396B,Daedric Armor,,Skyrim.esm,Armor
Heavy Armor,DaedricBoots,0001396A,Daedric Boots,,Skyrim.esm,Armor
Heavy Armor,DaedricGauntlets,0001396C,Daedric Gauntlets,,Skyrim.esm,Armor
Heavy Armor,DaedricHelmet,0001396D,Daedric Helmet,,Skyrim.esm,Armor
Heavy Armor,DaedricShield,0001396E,Daedric Shield,,Skyrim.esm,Armor
Heavy Armor,DawnguardFullHelmet,XX0050D0,Dawnguard Full Helmet,,Fandom/UESP curated pass,Heavy armor/unique/mask expansion
Heavy Armor,DawnguardHeavyArmor,XX00F3F7,Dawnguard Heavy Armor,,Fandom/UESP curated pass,Heavy armor/unique/mask expansion
Heavy Armor,DawnguardHeavyBoots,XX00F400,Dawnguard Heavy Boots,,Fandom/UESP curated pass,Heavy armor/unique/mask expansion
Heavy Armor,DawnguardHeavyGauntlets,XX00F3F8,Dawnguard Heavy Gauntlets,,Fandom/UESP curated pass,Heavy armor/unique/mask expansion
Heavy Armor,DawnguardHeavyHelmet,XX00F3F9,Dawnguard Heavy Helmet,,Fandom/UESP curated pass,Heavy armor/unique/mask expansion
Heavy Armor,DragonplateArmor,00013966,Dragonplate Armor,,Skyrim.esm,Armor
Heavy Armor,DragonplateBoots,00013965,Dragonplate Boots,,Skyrim.esm,Armor
Heavy Armor,DragonplateGauntlets,00013967,Dragonplate Gauntlets,,Skyrim.esm,Armor
Heavy Armor,DragonplateHelmet,00013969,Dragonplate Helmet,,Skyrim.esm,Armor
Heavy Armor,DragonplateShield,00013968,Dragonplate Shield,,Skyrim.esm,Armor
Heavy Armor,DwarvenArmor,0001394D,Dwarven Armor,,Skyrim.esm,Armor
Heavy Armor,DwarvenBoots,0001394C,Dwarven Boots,,Skyrim.esm,Armor
Heavy Armor,DwarvenGauntlets,0001394E,Dwarven Gauntlets,,Skyrim.esm,Armor
Heavy Armor,DwarvenHelmet,0001394F,Dwarven Helmet,,Skyrim.esm,Armor
Heavy Armor,DwarvenShield,00013950,Dwarven Shield,,Skyrim.esm,Armor
Heavy Armor,EbonyArmor,00013961,Ebony Armor,,Skyrim.esm,Armor
Heavy Armor,EbonyBoots,00013960,Ebony Boots,,Skyrim.esm,Armor
Heavy Armor,EbonyGauntlets,00013962,Ebony Gauntlets,,Skyrim.esm,Armor
Heavy Armor,EbonyHelmet,00013963,Ebony Helmet,,Skyrim.esm,Armor
Heavy Armor,EbonyMail,00052794,Ebony Mail,,Fandom/UESP curated pass,Heavy armor/unique/mask expansion
Heavy Armor,EbonyShield,00013964,Ebony Shield,,Skyrim.esm,Armor
Heavy Armor,FalmerArmor,000B83CB,Falmer Armor,,Fandom/UESP curated pass,Heavy armor/unique/mask expansion
Heavy Armor,FalmerBoots,000B83CD,Falmer Boots,,Fandom/UESP curated pass,Heavy armor/unique/mask expansion
Heavy Armor,FalmerGauntlets,000B83CF,Falmer Gauntlets,,Fandom/UESP curated pass,Heavy armor/unique/mask expansion
Heavy Armor,FalmerHardenedArmor,XX00E8DE,Falmer Hardened Armor,,Fandom/UESP curated pass,Heavy armor/unique/mask expansion
Heavy Armor,FalmerHardenedBoots,XX00E8DD,Falmer Hardened Boots,,Fandom/UESP curated pass,Heavy armor/unique/mask expansion
Heavy Armor,FalmerHardenedGauntlets,XX00E8DF,Falmer Hardened Gauntlets,,Fandom/UESP curated pass,Heavy armor/unique/mask expansion
Heavy Armor,FalmerHardenedHelm,XX00E8E0,Falmer Hardened Helm,,Fandom/UESP curated pass,Heavy armor/unique/mask expansion
Heavy Armor,FalmerHardenedShield,XX00E8E1,Falmer Hardened Shield,,Fandom/UESP curated pass,Heavy armor/unique/mask expansion
Heavy Armor,FalmerHeavyArmor,XX0023E9,Falmer Heavy Armor,,Fandom/UESP curated pass,Heavy armor/unique/mask expansion
Heavy Armor,FalmerHeavyBoots,XX0023EF,Falmer Heavy Boots,,Fandom/UESP curated pass,Heavy armor/unique/mask expansion
Heavy Armor,FalmerHeavyGauntlets,XX0023ED,Falmer Heavy Gauntlets,,Fandom/UESP curated pass,Heavy armor/unique/mask expansion
Heavy Armor,FalmerHeavyHelm,XX0023EB,Falmer Heavy Helm,,Fandom/UESP curated pass,Heavy armor/unique/mask expansion
Heavy Armor,FalmerHeavyShield,XX0023F1,Falmer Heavy Shield,,Fandom/UESP curated pass,Heavy armor/unique/mask expansion
Heavy Armor,FalmerHelmet,0004C3CB,Falmer Helmet,,Fandom/UESP curated pass,Heavy armor/unique/mask expansion
Heavy Armor,FalmerShield,0005C06C,Falmer Shield,,Fandom/UESP curated pass,Heavy armor/unique/mask expansion
Heavy Armor,Hevnoraak,00061CC1,Hevnoraak,,Fandom/UESP curated pass,Heavy armor/unique/mask expansion
Heavy Armor,ImperialArmor,000136D5,Imperial Armor,,Skyrim.esm,Armor
Heavy Armor,ImperialBoots,000136D6,Imperial Boots,,Skyrim.esm,Armor
Heavy Armor,ImperialBracers,000136D4,Imperial Bracers,,Skyrim.esm,Armor
Heavy Armor,ImperialHelmet,00013EDC,Imperial Helmet,,Skyrim.esm,Armor
Heavy Armor,ImperialShield,000135BA,Imperial Shield,,Skyrim.esm,Armor
Heavy Armor,ImprovedBonemoldArmor,XX03AB26,Improved Bonemold Armor,,Fandom/UESP curated pass,Heavy armor/unique/mask expansion
Heavy Armor,IronArmor,00012E49,Iron Armor,,Skyrim.esm,Armor
Heavy Armor,IronBoots,00012E4B,Iron Boots,,Skyrim.esm,Armor
Heavy Armor,IronGauntlets,00012E46,Iron Gauntlets,,Skyrim.esm,Armor
Heavy Armor,IronHelmet,00012E4D,Iron Helmet,,Skyrim.esm,Armor
Heavy Armor,IronShield,00012EB6,Iron Shield,,Skyrim.esm,Armor
Heavy Armor,Konahrik,00061CD6,Konahrik,,Fandom/UESP curated pass,Heavy armor/unique/mask expansion
Heavy Armor,Krosis,00061CB9,Krosis,,Fandom/UESP curated pass,Heavy armor/unique/mask expansion
Heavy Armor,MasqueOfClavicusVile,000D2846,Masque of Clavicus Vile,,Fandom/UESP curated pass,Heavy armor/unique/mask expansion
Heavy Armor,Morokei,00061C8B,Morokei,,Fandom/UESP curated pass,Heavy armor/unique/mask expansion
Heavy Armor,Nahkriin,00061CA5,Nahkriin,,Fandom/UESP curated pass,Heavy armor/unique/mask expansion
Heavy Armor,NordicCarvedArmor,XX01CD97,Nordic Carved Armor,,Dragonborn.esm,XX load-order placeholder
Heavy Armor,NordicCarvedBoots,XX01CD92,Nordic Carved Boots,,Dragonborn.esm,XX load-order placeholder
Heavy Armor,NordicCarvedGauntlets,XX01CD94,Nordic Carved Gauntlets,,Dragonborn.esm,XX load-order placeholder
Heavy Armor,NordicCarvedHelmet,XX01CD96,Nordic Carved Helmet,,Dragonborn.esm,XX load-order placeholder
Heavy Armor,OrcishArmor,00013957,Orcish Armor,,Skyrim.esm,Armor
Heavy Armor,OrcishBoots,00013956,Orcish Boots,,Skyrim.esm,Armor
Heavy Armor,OrcishGauntlets,00013958,Orcish Gauntlets,,Skyrim.esm,Armor
Heavy Armor,OrcishHelmet,00013959,Orcish Helmet,,Skyrim.esm,Armor
Heavy Armor,OrcishShield,00013946,Orcish Shield,,Skyrim.esm,Armor
Heavy Armor,Otar,00061CC2,Otar,,Fandom/UESP curated pass,Heavy armor/unique/mask expansion
Heavy Armor,Rahgot,00061CC0,Rahgot,,Fandom/UESP curated pass,Heavy armor/unique/mask expansion
Heavy Armor,Spellbreaker,00045F96,Spellbreaker,,Fandom/UESP curated pass,Heavy armor/unique/mask expansion
Heavy Armor,StalhrimHeavyArmor,XX01CD9F,Stalhrim Heavy Armor,,Dragonborn.esm,XX load-order placeholder
Heavy Armor,StalhrimHeavyBoots,XX01CD9E,Stalhrim Heavy Boots,,Fandom/UESP curated pass,Heavy armor/unique/mask expansion
Heavy Armor,StalhrimHeavyGauntlets,XX01CDA0,Stalhrim Heavy Gauntlets,,Fandom/UESP curated pass,Heavy armor/unique/mask expansion
Heavy Armor,StalhrimHeavyHelmet,XX01CDA1,Stalhrim Heavy Helmet,,Fandom/UESP curated pass,Heavy armor/unique/mask expansion
Heavy Armor,StalhrimShield,XX026237,Stalhrim Shield,,Fandom/UESP curated pass,Heavy armor/unique/mask expansion
Heavy Armor,SteelArmor,00013952,Steel Armor,,Skyrim.esm,Armor
Heavy Armor,SteelCuffedBoots,00013951,Steel Cuffed Boots,,Skyrim.esm,Armor
Heavy Armor,SteelHelmet,00013954,Steel Helmet,,Skyrim.esm,Armor
Heavy Armor,SteelHornedHelmet,000F6F24,Steel Horned Helmet,,Skyrim.esm,Armor
Heavy Armor,SteelImperialGauntlets,000F6F23,Steel Imperial Gauntlets,,Skyrim.esm,Armor
Heavy Armor,SteelNordicGauntlets,00013953,Steel Nordic Gauntlets,,Skyrim.esm,Armor
Heavy Armor,SteelPlateArmor,0001395C,Steel Plate Armor,,Skyrim.esm,Armor
Heavy Armor,SteelPlateBoots,0001395B,Steel Plate Boots,,Skyrim.esm,Armor
Heavy Armor,SteelPlateGauntlets,0001395D,Steel Plate Gauntlets,,Skyrim.esm,Armor
Heavy Armor,SteelPlateHelmet,0001395E,Steel Plate Helmet,,Skyrim.esm,Armor
Heavy Armor,SteelShield,00013955,Steel Shield,,Skyrim.esm,Armor
Heavy Armor,SteelShinBoots,000F6F21,Steel Shin Boots,,Skyrim.esm,Armor
Heavy Armor,TargeOfTheBlooded,000FC5BF,Targe of the Blooded,,Fandom/UESP curated pass,Heavy armor/unique/mask expansion
Heavy Armor,Vokun,00061CC9,Vokun,,Fandom/UESP curated pass,Heavy armor/unique/mask expansion
Heavy Armor,Volsung,00061CAB,Volsung,,Fandom/UESP curated pass,Heavy armor/unique/mask expansion
Heavy Armor,WolfArmor,000CAE15,Wolf Armor,,Fandom/UESP curated pass,Heavy armor/unique/mask expansion
Heavy Armor,WolfBoots,000CEE7C,Wolf Boots,,Fandom/UESP curated pass,Heavy armor/unique/mask expansion
Heavy Armor,WolfGauntlets,000CEE7E,Wolf Gauntlets,,Fandom/UESP curated pass,Heavy armor/unique/mask expansion
Heavy Armor,WolfHelmet,0004C3D0,Wolf Helmet,,Fandom/UESP curated pass,Heavy armor/unique/mask expansion
Heavy Armor,WoodenMask,00061CCA,Wooden Mask,,Fandom/UESP curated pass,Heavy armor/unique/mask expansion
Light Armor,AncientShroudedArmor,000E1F15,Ancient Shrouded Armor,,Fandom/UESP curated pass,Light armor/faction/unique expansion
Light Armor,AncientShroudedBoots,000E1F14,Ancient Shrouded Boots,,Fandom/UESP curated pass,Light armor/faction/unique expansion
Light Armor,AncientShroudedCowl,000E1F17,Ancient Shrouded Cowl,,Fandom/UESP curated pass,Light armor/faction/unique expansion
Light Armor,AncientShroudedGloves,000E1F16,Ancient Shrouded Gloves,,Fandom/UESP curated pass,Light armor/faction/unique expansion
Light Armor,ArmorOfTheOldGods,000EAFD0,Armor of the Old Gods,,Fandom/UESP curated pass,Light armor/faction/unique expansion
Light Armor,BlackguardSArmor,XX02AD33,Blackguard's Armor,,Fandom/UESP curated pass,Light armor/faction/unique expansion
Light Armor,BlackguardSBoots,XX02AD34,Blackguard's Boots,,Fandom/UESP curated pass,Light armor/faction/unique expansion
Light Armor,BlackguardSGloves,XX02AD32,Blackguard's Gloves,,Fandom/UESP curated pass,Light armor/faction/unique expansion
Light Armor,BlackguardSHood,XX02AD31,Blackguard's Hood,,Fandom/UESP curated pass,Light armor/faction/unique expansion
Light Armor,BootsOfTheOldGods,000EAFD2,Boots of the Old Gods,,Fandom/UESP curated pass,Light armor/faction/unique expansion
Light Armor,ChitinArmor,XX01CD87,Chitin Armor,,Dragonborn.esm,XX load-order placeholder
Light Armor,ChitinBoots,XX01CD86,Chitin Boots,,Dragonborn.esm,XX load-order placeholder
Light Armor,ChitinBracers,XX01CD88,Chitin Bracers,,Dragonborn.esm,XX load-order placeholder
Light Armor,ChitinHelmet,XX01CD89,Chitin Helmet,,Dragonborn.esm,XX load-order placeholder
Light Armor,ChitinShield,XX026235,Chitin Shield,,Dragonborn.esm,XX load-order placeholder
Light Armor,CiceroSBoots,0006492A,Cicero's Boots,,Fandom/UESP curated pass,Light armor/faction/unique expansion
Light Armor,CiceroSClothes,0006492C,Cicero's Clothes,,Fandom/UESP curated pass,Light armor/faction/unique expansion
Light Armor,CiceroSGloves,0006492D,Cicero's Gloves,,Fandom/UESP curated pass,Light armor/faction/unique expansion
Light Armor,CiceroSHat,0006492E,Cicero's Hat,,Fandom/UESP curated pass,Light armor/faction/unique expansion
Light Armor,DawnguardArmor,XX00F3FB,Dawnguard Armor,,Fandom/UESP curated pass,Light armor/faction/unique expansion
Light Armor,DawnguardBoots,XX00F3FC,Dawnguard Boots,,Fandom/UESP curated pass,Light armor/faction/unique expansion
Light Armor,DawnguardGauntlets,XX00F3FD,Dawnguard Gauntlets,,Fandom/UESP curated pass,Light armor/faction/unique expansion
Light Armor,DawnguardHelmet,XX00F3FE,Dawnguard Helmet,,Fandom/UESP curated pass,Light armor/faction/unique expansion
Light Armor,DeathbrandArmor,XX02401B,Deathbrand Armor,,Fandom/UESP curated pass,Light armor/faction/unique expansion
Light Armor,DeathbrandBoots,XX02401A,Deathbrand Boots,,Fandom/UESP curated pass,Light armor/faction/unique expansion
Light Armor,DeathbrandGauntlets,XX02401C,Deathbrand Gauntlets,,Fandom/UESP curated pass,Light armor/faction/unique expansion
Light Armor,DeathbrandHelm,XX02401D,Deathbrand Helm,,Fandom/UESP curated pass,Light armor/faction/unique expansion
Light Armor,DragonscaleArmor,0001393E,Dragonscale Armor,,Skyrim.esm,Armor
Light Armor,DragonscaleBoots,0001393D,Dragonscale Boots,,Skyrim.esm,Armor
Light Armor,DragonscaleGauntlets,0001393F,Dragonscale Gauntlets,,Skyrim.esm,Armor
Light Armor,DragonscaleHelmet,00013940,Dragonscale Helmet,,Skyrim.esm,Armor
Light Armor,DragonscaleShield,00013941,Dragonscale Shield,,Skyrim.esm,Armor
Light Armor,ElvenArmor,000896A3,Elven Armor,,Skyrim.esm,Armor
Light Armor,ElvenBoots,0001391A,Elven Boots,,Skyrim.esm,Armor
Light Armor,ElvenGauntlets,0001391C,Elven Gauntlets,,Skyrim.esm,Armor
Light Armor,ElvenGildedArmor,0001392A,Elven Gilded Armor,,Skyrim.esm,Armor
Light Armor,ElvenHelmet,0001391D,Elven Helmet,,Skyrim.esm,Armor
Light Armor,ElvenShield,0001391E,Elven Shield,,Skyrim.esm,Armor
Light Armor,ForswornArmor,000D8D50,Forsworn Armor,,Fandom/UESP curated pass,Light armor/faction/unique expansion
Light Armor,ForswornBoots,000D8D4E,Forsworn Boots,,Fandom/UESP curated pass,Light armor/faction/unique expansion
Light Armor,ForswornGauntlets,000D8D55,Forsworn Gauntlets,,Fandom/UESP curated pass,Light armor/faction/unique expansion
Light Armor,ForswornHeaddress,000D8D52,Forsworn Headdress,,Fandom/UESP curated pass,Light armor/faction/unique expansion
Light Armor,FurArmor,0006F393,Fur Armor,,Skyrim.esm,Armor
Light Armor,FurArmorVariant2,0010594B,Fur Armor Variant 2,,Fandom Console Commands,Fur armor variant
Light Armor,FurArmorVariant3,0010594D,Fur Armor Variant 3,,Fandom Console Commands,Fur armor variant
Light Armor,FurArmorVariant4,0010594F,Fur Armor Variant 4,,Fandom Console Commands,Fur armor variant
Light Armor,FurBoots,000A6D7F,Fur Boots,,Skyrim.esm,Armor
Light Armor,FurBracers,0006F39B,Fur Bracers,,Skyrim.esm,Armor
Light Armor,FurGauntlets,000A6D7D,Fur Gauntlets,,Skyrim.esm,Armor
Light Armor,FurHelmet,0006F39E,Fur Helmet,,Skyrim.esm,Armor
Light Armor,FurShoes,0006F398,Fur Shoes,,Skyrim.esm,Armor
Light Armor,GauntletsOfTheOldGods,000EAFD3,Gauntlets of the Old Gods,,Fandom/UESP curated pass,Light armor/faction/unique expansion
Light Armor,GlassArmor,00013939,Glass Armor,,Skyrim.esm,Armor
Light Armor,GlassBoots,00013938,Glass Boots,,Skyrim.esm,Armor
Light Armor,GlassGauntlets,0001393A,Glass Gauntlets,,Skyrim.esm,Armor
Light Armor,GlassHelmet,0001393B,Glass Helmet,,Skyrim.esm,Armor
Light Armor,GlassShield,0001393C,Glass Shield,,Skyrim.esm,Armor
Light Armor,GuildMasterSArmor,000E35D7,Guild Master's Armor,,Fandom/UESP curated pass,Light armor/faction/unique expansion
Light Armor,GuildMasterSBoots,000E35D6,Guild Master's Boots,,Fandom/UESP curated pass,Light armor/faction/unique expansion
Light Armor,GuildMasterSGloves,000E35D8,Guild Master's Gloves,,Fandom/UESP curated pass,Light armor/faction/unique expansion
Light Armor,GuildMasterSHood,000E35D9,Guild Master's Hood,,Fandom/UESP curated pass,Light armor/faction/unique expansion
Light Armor,HelmetOfTheOldGods,000EAFD1,Helmet of the Old Gods,,Fandom/UESP curated pass,Light armor/faction/unique expansion
Light Armor,HideArmor,00013911,Hide Armor,,Skyrim.esm,Armor
Light Armor,HideBoots,00013910,Hide Boots,,Skyrim.esm,Armor
Light Armor,HideBracers,00013912,Hide Bracers,,Skyrim.esm,Armor
Light Armor,HideHelmet,00013913,Hide Helmet,,Skyrim.esm,Armor
Light Armor,HideShield,00013914,Hide Shield,,Skyrim.esm,Armor
Light Armor,ImperialLightArmor,00013ED9,Imperial Light Armor,,Skyrim.esm,Armor
Light Armor,ImperialLightBoots,00013ED7,Imperial Light Boots,,Skyrim.esm,Armor
Light Armor,ImperialLightBracers,00013EDA,Imperial Light Bracers,,Skyrim.esm,Armor
Light Armor,ImperialLightHelmet,00013EDB,Imperial Light Helmet,,Skyrim.esm,Armor
Light Armor,ImperialLightShield,00013AB2,Imperial Light Shield,,Skyrim.esm,Armor
Light Armor,JesterSBoots,000CEE70,Jester's Boots,,Fandom/UESP curated pass,Light armor/faction/unique expansion
Light Armor,JesterSClothes,000CEE6E,Jester's Clothes,,Fandom/UESP curated pass,Light armor/faction/unique expansion
Light Armor,JesterSGloves,000CEE74,Jester's Gloves,,Fandom/UESP curated pass,Light armor/faction/unique expansion
Light Armor,JesterSHat,000CEE72,Jester's Hat,,Fandom/UESP curated pass,Light armor/faction/unique expansion
Light Armor,LeatherArmor,0003619E,Leather Armor,,Skyrim.esm,Armor
Light Armor,LeatherBoots,00013920,Leather Boots,,Skyrim.esm,Armor
Light Armor,LeatherBracers,00013921,Leather Bracers,,Skyrim.esm,Armor
Light Armor,LeatherHelmet,00013922,Leather Helmet,,Skyrim.esm,Armor
Light Armor,LinweSArmor,00108544,Linwe's Armor,,Fandom/UESP curated pass,Light armor/faction/unique expansion
Light Armor,LinweSBoots,00108543,Linwe's Boots,,Fandom/UESP curated pass,Light armor/faction/unique expansion
Light Armor,LinweSGloves,00108545,Linwe's Gloves,,Fandom/UESP curated pass,Light armor/faction/unique expansion
Light Armor,LinweSHood,00108546,Linwe's Hood,,Fandom/UESP curated pass,Light armor/faction/unique expansion
Light Armor,MoragTongArmor,XX02401B,Morag Tong Armor,,Fandom/UESP curated pass,Light armor/faction/unique expansion
Light Armor,MoragTongBoots,XX02401A,Morag Tong Boots,,Fandom/UESP curated pass,Light armor/faction/unique expansion
Light Armor,MoragTongBracers,XX02401C,Morag Tong Bracers,,Fandom/UESP curated pass,Light armor/faction/unique expansion
Light Armor,MoragTongHood,XX02401D,Morag Tong Hood,,Fandom/UESP curated pass,Light armor/faction/unique expansion
Light Armor,NightingaleArmorLv118,0005DB86,Nightingale Armor Lv 1-18,,Fandom Console Commands,Leveled armor
Light Armor,NightingaleArmorLv1931,000FCC0E,Nightingale Armor Lv 19-31,,Fandom Console Commands,Leveled armor
Light Armor,NightingaleArmorLv32,000FCC0F,Nightingale Armor Lv 32+,,Fandom Console Commands,Leveled armor
Light Armor,NightingaleBootsLv118,000FCC0C,Nightingale Boots Lv 1-18,,Fandom Console Commands,Leveled armor
Light Armor,NightingaleBootsLv1931,0005DB85,Nightingale Boots Lv 19-31,,Fandom Console Commands,Leveled armor
Light Armor,NightingaleBootsLv32,000FCC0D,Nightingale Boots Lv 32+,,Fandom Console Commands,Leveled armor
Light Armor,NightingaleGlovesLv118,0005DB87,Nightingale Gloves Lv 1-18,,Fandom Console Commands,Leveled armor
Light Armor,NightingaleGlovesLv1931,000FCC10,Nightingale Gloves Lv 19-31,,Fandom Console Commands,Leveled armor
Light Armor,PenitusOculatusArmor,000D3EA0,Penitus Oculatus Armor,,Fandom/UESP curated pass,Light armor/faction/unique expansion
Light Armor,PenitusOculatusBoots,000D3EA7,Penitus Oculatus Boots,,Fandom/UESP curated pass,Light armor/faction/unique expansion
Light Armor,PenitusOculatusBracers,000D3EAB,Penitus Oculatus Bracers,,Fandom/UESP curated pass,Light armor/faction/unique expansion
Light Armor,PenitusOculatusHelmet,000D3EAA,Penitus Oculatus Helmet,,Fandom/UESP curated pass,Light armor/faction/unique expansion
Light Armor,PredatorSGrace,000A4DCD,Predator's Grace,,Fandom/UESP curated pass,Light armor/faction/unique expansion
Light Armor,SaviorSHide,0002AC61,Savior's Hide,,Fandom/UESP curated pass,Light armor/faction/unique expansion
Light Armor,ScaledArmor,0001B3A3,Scaled Armor,,Skyrim.esm,Armor
Light Armor,ScaledBoots,0001B39F,Scaled Boots,,Skyrim.esm,Armor
Light Armor,ScaledBracers,0001B3A0,Scaled Bracers,,Skyrim.esm,Armor
Light Armor,ScaledHelmet,0001B3A1,Scaled Helmet,,Skyrim.esm,Armor
Light Armor,ShroudedArmor,000D2844,Shrouded Armor,,Fandom/UESP curated pass,Light armor/faction/unique expansion
Light Armor,ShroudedBoots,000D2845,Shrouded Boots,,Fandom/UESP curated pass,Light armor/faction/unique expansion
Light Armor,ShroudedCowl,000D2842,Shrouded Cowl,,Fandom/UESP curated pass,Light armor/faction/unique expansion
Light Armor,ShroudedGloves,000D2843,Shrouded Gloves,,Fandom/UESP curated pass,Light armor/faction/unique expansion
Light Armor,SkaalBoots,XX039112,Skaal Boots,,Fandom/UESP curated pass,Light armor/faction/unique expansion
Light Armor,SkaalCoat,XX03910E,Skaal Coat,,Fandom/UESP curated pass,Light armor/faction/unique expansion
Light Armor,SkaalGloves,XX039110,Skaal Gloves,,Fandom/UESP curated pass,Light armor/faction/unique expansion
Light Armor,SkaalHat,XX039114,Skaal Hat,,Fandom/UESP curated pass,Light armor/faction/unique expansion
Light Armor,StalhrimLightArmor,XX01CDA2,Stalhrim Light Armor,,Dragonborn.esm,XX load-order placeholder
Light Armor,StalhrimLightBoots,XX01CD7E,Stalhrim Light Boots,,Dragonborn.esm,XX load-order placeholder
Light Armor,StalhrimLightBracers,XX01CDA5,Stalhrim Light Bracers,,Dragonborn.esm,XX load-order placeholder
Light Armor,StalhrimLightHelmet,XX01CDA3,Stalhrim Light Helmet,,Dragonborn.esm,XX load-order placeholder
Light Armor,StalhrimShield,XX026237,Stalhrim Shield,,Dragonborn.esm,XX load-order placeholder
Light Armor,StormcloakOfficerArmor,0008697E,Stormcloak Officer Armor,,Fandom/UESP curated pass,Light armor/faction/unique expansion
Light Armor,StormcloakOfficerBoots,00086981,Stormcloak Officer Boots,,Fandom/UESP curated pass,Light armor/faction/unique expansion
Light Armor,StormcloakOfficerBracers,00086983,Stormcloak Officer Bracers,,Fandom/UESP curated pass,Light armor/faction/unique expansion
Light Armor,StormcloakOfficerHelmet,00086985,Stormcloak Officer Helmet,,Fandom/UESP curated pass,Light armor/faction/unique expansion
Light Armor,StuddedArmor,0001B3A2,Studded Armor,,Skyrim.esm,Armor
Light Armor,ThievesGuildArmor,000D3AC3,Thieves Guild Armor,,Fandom/UESP curated pass,Light armor/faction/unique expansion
Light Armor,ThievesGuildBoots,000D3AC2,Thieves Guild Boots,,Fandom/UESP curated pass,Light armor/faction/unique expansion
Light Armor,ThievesGuildGloves,000D3AC4,Thieves Guild Gloves,,Fandom/UESP curated pass,Light armor/faction/unique expansion
Light Armor,ThievesGuildHood,000D3AC5,Thieves Guild Hood,,Fandom/UESP curated pass,Light armor/faction/unique expansion
Light Armor,VampireArmor,XX00B5DB,Vampire Armor,,Fandom/UESP curated pass,Light armor/faction/unique expansion
Light Armor,VampireBoots,XX00B5DE,Vampire Boots,,Fandom/UESP curated pass,Light armor/faction/unique expansion
Light Armor,VampireGauntlets,XX00B5DF,Vampire Gauntlets,,Fandom/UESP curated pass,Light armor/faction/unique expansion
Light Armor,VampireHood,XX00B5E0,Vampire Hood,,Fandom/UESP curated pass,Light armor/faction/unique expansion
Clothing,AdeptRobes,0010D664,Adept Robes,,Fandom/UESP curated pass,Clothing/robes expansion
Clothing,AdeptRobesOfAlteration,0010D67E,Adept Robes of Alteration,,Fandom/UESP curated pass,Clothing/robes expansion
Clothing,AdeptRobesOfConjuration,0010D681,Adept Robes of Conjuration,,Fandom/UESP curated pass,Clothing/robes expansion
Clothing,AdeptRobesOfDestruction,0010D684,Adept Robes of Destruction,,Fandom/UESP curated pass,Clothing/robes expansion
Clothing,AdeptRobesOfIllusion,0010D687,Adept Robes of Illusion,,Fandom/UESP curated pass,Clothing/robes expansion
Clothing,AdeptRobesOfRestoration,0010D68A,Adept Robes of Restoration,,Fandom/UESP curated pass,Clothing/robes expansion
Clothing,ApprenticeRobes,0010D662,Apprentice Robes,,Fandom/UESP curated pass,Clothing/robes expansion
Clothing,ApprenticeRobesOfAlteration,0010D67C,Apprentice Robes of Alteration,,Fandom/UESP curated pass,Clothing/robes expansion
Clothing,ApprenticeRobesOfConjuration,0010D67F,Apprentice Robes of Conjuration,,Fandom/UESP curated pass,Clothing/robes expansion
Clothing,ApprenticeRobesOfDestruction,0010D682,Apprentice Robes of Destruction,,Fandom/UESP curated pass,Clothing/robes expansion
Clothing,ApprenticeRobesOfIllusion,0010D685,Apprentice Robes of Illusion,,Fandom/UESP curated pass,Clothing/robes expansion
Clothing,ApprenticeRobesOfRestoration,0010D688,Apprentice Robes of Restoration,,Fandom/UESP curated pass,Clothing/robes expansion
Clothing,ArchmageSRobes,0007C932,Archmage's Robes,,Fandom/UESP curated pass,Clothing/robes expansion
Clothing,BeltedTunic,0001BE1A,Belted Tunic,,Fandom Clothing,Clothing item
Clothing,BlackRobes,0006B46B,Black Robes,,Fandom/UESP curated pass,Clothing/robes expansion
Clothing,BlacksmithSApron,0005B69F,Blacksmith's Apron,,Fandom Clothing,Clothing item
Clothing,BlacksmithSApronVariant,0006FF37,Blacksmith's Apron Variant,,Fandom Clothing,Clothing item
Clothing,BlueRobes,00010D0A,Blue Robes,,Fandom/UESP curated pass,Clothing/robes expansion
Clothing,Boots,000209A5,Boots,,Fandom/UESP curated pass,Clothing/robes expansion
Clothing,BoySBlueTunic,XX00C744,Boy's Blue Tunic,,Fandom Clothing,Clothing item
Clothing,BoySGreenTunic,XX00C743,Boy's Green Tunic,,Fandom Clothing,Clothing item
Clothing,BoySGreyTunic,XX00C745,Boy's Grey Tunic,,Fandom Clothing,Clothing item
Clothing,BoySRedTunic,XX00C742,Boy's Red Tunic,,Fandom Clothing,Clothing item
Clothing,BoySYellowTunic,XX00C746,Boy's Yellow Tunic,,Fandom Clothing,Clothing item
Clothing,ChefSTunic,0001BC82,Chef's Tunic,,Fandom Clothing,Clothing item
Clothing,ChildSClothes,0006D92C,Child's Clothes,,Fandom Clothing,Clothing item
Clothing,ClothesVariant1,000F1229,Clothes Variant 1,,Fandom Clothing,Clothing item
Clothing,ClothesVariant10,0006FF38,Clothes Variant 10,,Fandom Clothing,Clothing item
Clothing,ClothesVariant11,0004223C,Clothes Variant 11,,Fandom Clothing,Clothing item
Clothing,ClothesVariant12,0006FF45,Clothes Variant 12,,Fandom Clothing,Clothing item
Clothing,ClothesVariant2,000209A6,Clothes Variant 2,,Fandom Clothing,Clothing item
Clothing,ClothesVariant3,0006C1DA,Clothes Variant 3,,Fandom Clothing,Clothing item
Clothing,ClothesVariant4,00017695,Clothes Variant 4,,Fandom Clothing,Clothing item
Clothing,ClothesVariant5,0006C1D9,Clothes Variant 5,,Fandom Clothing,Clothing item
Clothing,ClothesVariant6,0006C1D8,Clothes Variant 6,,Fandom Clothing,Clothing item
Clothing,ClothesVariant7,0003452E,Clothes Variant 7,,Fandom Clothing,Clothing item
Clothing,ClothesVariant8,000261C0,Clothes Variant 8,,Fandom Clothing,Clothing item
Clothing,ClothesVariant9,0005B6A1,Clothes Variant 9,,Fandom Clothing,Clothing item
Clothing,CollegeBoots,000D3EA7,College Boots,,Fandom/UESP curated pass,Clothing/robes expansion
Clothing,CollegeRobes,0010D692,College Robes,,Fandom/UESP curated pass,Clothing/robes expansion
Clothing,CultistBoots,XX037B88,Cultist Boots,,Fandom/UESP curated pass,Clothing/robes expansion
Clothing,CultistGloves,XX037B89,Cultist Gloves,,Fandom/UESP curated pass,Clothing/robes expansion
Clothing,CultistMask,XX037B8B,Cultist Mask,,Fandom/UESP curated pass,Clothing/robes expansion
Clothing,CultistRobes,XX037B8A,Cultist Robes,,Fandom Clothing,Clothing item
Clothing,DunmerOutfit,XX03706A,Dunmer Outfit,,Fandom Clothing,Clothing item
Clothing,EmbellishedRobes,000E84C4,Embellished Robes,,Fandom Clothing,Clothing item
Clothing,EmbroideredGarments,000EAD49,Embroidered Garments,,Fandom Clothing,Clothing item
Clothing,ExpertRobes,0010D667,Expert Robes,,Fandom/UESP curated pass,Clothing/robes expansion
Clothing,ExpertRobesOfAlteration,0010D671,Expert Robes of Alteration,,Fandom/UESP curated pass,Clothing/robes expansion
Clothing,ExpertRobesOfConjuration,0010D674,Expert Robes of Conjuration,,Fandom/UESP curated pass,Clothing/robes expansion
Clothing,ExpertRobesOfDestruction,0010D677,Expert Robes of Destruction,,Fandom/UESP curated pass,Clothing/robes expansion
Clothing,ExpertRobesOfIllusion,0010D67A,Expert Robes of Illusion,,Fandom/UESP curated pass,Clothing/robes expansion
Clothing,ExpertRobesOfRestoration,0010D67D,Expert Robes of Restoration,,Fandom/UESP curated pass,Clothing/robes expansion
Clothing,FineClothes,000CEE80,Fine Clothes,,Fandom Clothing,Clothing item
Clothing,FineClothesVariant2,00086991,Fine Clothes Variant 2,,Fandom Clothing,Clothing item
Clothing,FineClothesVariant3,000F8713,Fine Clothes Variant 3,,Fandom Clothing,Clothing item
Clothing,FineClothesVariant4,000F8715,Fine Clothes Variant 4,,Fandom Clothing,Clothing item
Clothing,FineRaiment,000CEE76,Fine Raiment,,Fandom Clothing,Clothing item
Clothing,ClothesFootwraps,0003CA00,Footwraps,,Fandom Clothing,Starting prisoner footwear
Clothing,FurTrimmedCloak,0008698C,Fur-Trimmed Cloak,,Fandom Clothing,Clothing item
Clothing,GirlSBlueDress,XX00D81E,Girl's Blue Dress,,Fandom Clothing,Clothing item
Clothing,GirlSGreenDress,XX00D81F,Girl's Green Dress,,Fandom Clothing,Clothing item
Clothing,GirlSGreyDress,XX00D820,Girl's Grey Dress,,Fandom Clothing,Clothing item
Clothing,MasterRobes,0010D665,Master Robes,,Fandom/UESP curated pass,Clothing/robes expansion
Clothing,MasterRobesOfAlteration,0010D672,Master Robes of Alteration,,Fandom/UESP curated pass,Clothing/robes expansion
Clothing,MasterRobesOfConjuration,0010D675,Master Robes of Conjuration,,Fandom/UESP curated pass,Clothing/robes expansion
Clothing,MasterRobesOfDestruction,0010D678,Master Robes of Destruction,,Fandom/UESP curated pass,Clothing/robes expansion
Clothing,MasterRobesOfIllusion,0010D67B,Master Robes of Illusion,,Fandom/UESP curated pass,Clothing/robes expansion
Clothing,MasterRobesOfRestoration,0010D67E,Master Robes of Restoration,,Fandom/UESP curated pass,Clothing/robes expansion
Clothing,MonkRobes,000BACF3,Monk Robes,,Fandom/UESP curated pass,Clothing/robes expansion
Clothing,MythicDawnRobes,000B144D,Mythic Dawn Robes,,Fandom/UESP curated pass,Clothing/robes expansion
Clothing,NecromancerRobes,000C36A0,Necromancer Robes,,Fandom/UESP curated pass,Clothing/robes expansion
Clothing,PsiijicRobes,00065B94,Psiijic Robes,,Fandom/UESP curated pass,Clothing/robes expansion
Clothing,ClothesRaggedBoots,00013106,Ragged Boots,,Fandom Clothing,Footwear row
Clothing,ClothesRaggedRobes,00013105,Ragged Robes,,Fandom Clothing,Clothing row
Clothing,RedRobes,00010CFF,Red Robes,,Fandom/UESP curated pass,Clothing/robes expansion
Clothing,ClothesRoughspunTunic,0003C9FE,Roughspun Tunic,,Fandom Clothing,Starting prisoner clothing
Clothing,VampireRobes,XX00B5E0,Vampire Robes,,Fandom/UESP curated pass,Clothing/robes expansion
Jewelry,AmuletOfAkatosh,000C8911,Amulet of Akatosh,,Fandom Amulets,Amulet/necklace
Jewelry,AmuletOfArkay,000CC848,Amulet of Arkay,,Fandom Amulets,Amulet/necklace
Jewelry,AmuletOfBats,XX0068AE,Amulet of Bats,,Fandom Amulets,Amulet/necklace
Jewelry,AmuletOfDibella,000C8915,Amulet of Dibella,,Fandom Amulets,Amulet/necklace
Jewelry,AmuletOfJulianos,000C8917,Amulet of Julianos,,Fandom Amulets,Amulet/necklace
Jewelry,AmuletOfKynareth,000C8919,Amulet of Kynareth,,Fandom Amulets,Amulet/necklace
Jewelry,AmuletOfMara,000C891B,Amulet of Mara,,Fandom Amulets,Amulet/necklace
Jewelry,AmuletOfStendarr,000CC844,Amulet of Stendarr,,Fandom Amulets,Amulet/necklace
Jewelry,AmuletOfTalos,000CC846,Amulet of Talos,,Fandom Amulets,Amulet/necklace
Jewelry,AmuletOfTheElderCouncil,000C8913,Amulet of the Elder Council,,Fandom Amulets,Amulet/necklace
Jewelry,AmuletOfTheGargoyle,XX00F4D5,Amulet of the Gargoyle,,Fandom Amulets,Amulet/necklace
Jewelry,AmuletOfZenithar,000878BB,Amulet of Zenithar,,Fandom Amulets,Amulet/necklace
Jewelry,AncientNordAmulet,000CC842,Ancient Nord Amulet,,Fandom Amulets,Amulet/necklace
Jewelry,AndursAmuletOfArkay,00094E3E,Andurs' Amulet of Arkay,,Fandom Amulets,Amulet/necklace
Jewelry,AsgeirSWeddingBand,000F5A1D,Asgeir's Wedding Band,,Fandom Rings,Ring
Jewelry,BalwenSOrnamentalRing,000DA735,Balwen's Ornamental Ring,,Fandom Rings,Ring
Jewelry,BoneHawkAmulet,XX01AA0B,Bone Hawk Amulet,,Fandom Amulets,Amulet/necklace
Jewelry,BoneHawkRing,XX011CF5,Bone Hawk Ring,,Fandom Rings,Ring
Jewelry,CalcelmoSRing,000D8482,Calcelmo's Ring,,Fandom Rings,Ring
Jewelry,CharmedNecklace,000C72E8,Charmed Necklace,,Fandom Amulets,Amulet/necklace
Jewelry,CircletOfAlchemy,000FC001,Circlet of Alchemy,,Fandom Circlets,Circlet/headgear jewelry
Jewelry,CircletOfAlteration,000FC007,Circlet of Alteration,,Fandom Circlets,Circlet/headgear jewelry
Jewelry,CircletOfArchery,000FC02B,Circlet of Archery,,Fandom Circlets,Circlet/headgear jewelry
Jewelry,CircletOfConjuration,000FC00D,Circlet of Conjuration,,Fandom Circlets,Circlet/headgear jewelry
Jewelry,CircletOfDestruction,000FC012,Circlet of Destruction,,Fandom Circlets,Circlet/headgear jewelry
Jewelry,CircletOfEminentAlchemy,000FC003,Circlet of Eminent Alchemy,,Fandom Circlets,Circlet/headgear jewelry
Jewelry,CircletOfEminentAlteration,000FC009,Circlet of Eminent Alteration,,Fandom Circlets,Circlet/headgear jewelry
Jewelry,CircletOfEminentArchery,000FC02D,Circlet of Eminent Archery,,Fandom Circlets,Circlet/headgear jewelry
Jewelry,CircletOfEminentConjuration,000FC00E,Circlet of Eminent Conjuration,,Fandom Circlets,Circlet/headgear jewelry
Jewelry,CircletOfEminentDestruction,000FC015,Circlet of Eminent Destruction,,Fandom Circlets,Circlet/headgear jewelry
Jewelry,CircletOfEminentIllusion,000FC021,Circlet of Eminent Illusion,,Fandom Circlets,Circlet/headgear jewelry
Jewelry,CircletOfEminentMagicka,000FC027,Circlet of Eminent Magicka,,Fandom Circlets,Circlet/headgear jewelry
Jewelry,CircletOfEminentRestoration,000FC033,Circlet of Eminent Restoration,,Fandom Circlets,Circlet/headgear jewelry
Jewelry,CircletOfExtremeAlchemy,000FC004,Circlet of Extreme Alchemy,,Fandom Circlets,Circlet/headgear jewelry
Jewelry,CircletOfExtremeAlteration,000FC00A,Circlet of Extreme Alteration,,Fandom Circlets,Circlet/headgear jewelry
Jewelry,CircletOfExtremeArchery,000FC02E,Circlet of Extreme Archery,,Fandom Circlets,Circlet/headgear jewelry
Jewelry,CircletOfExtremeConjuration,000FC010,Circlet of Extreme Conjuration,,Fandom Circlets,Circlet/headgear jewelry
Jewelry,CircletOfExtremeDestruction,000FC016,Circlet of Extreme Destruction,,Fandom Circlets,Circlet/headgear jewelry
Jewelry,CircletOfExtremeIllusion,000FC022,Circlet of Extreme Illusion,,Fandom Circlets,Circlet/headgear jewelry
Jewelry,CircletOfExtremeMagicka,000FC028,Circlet of Extreme Magicka,,Fandom Circlets,Circlet/headgear jewelry
Jewelry,CircletOfExtremeRestoration,000FC034,Circlet of Extreme Restoration,,Fandom Circlets,Circlet/headgear jewelry
Jewelry,CircletOfIllusion,000FC01F,Circlet of Illusion,,Fandom Circlets,Circlet/headgear jewelry
Jewelry,CircletOfMagicka,000FC025,Circlet of Magicka,,Fandom Circlets,Circlet/headgear jewelry
Jewelry,CircletOfMajorAlchemy,000FC002,Circlet of Major Alchemy,,Fandom Circlets,Circlet/headgear jewelry
Jewelry,CircletOfMajorAlteration,000FC008,Circlet of Major Alteration,,Fandom Circlets,Circlet/headgear jewelry
Jewelry,CircletOfMajorDestruction,000FC014,Circlet of Major Destruction,,Fandom Circlets,Circlet/headgear jewelry
Jewelry,CircletOfMajorMagicka,000FC026,Circlet of Major Magicka,,Fandom Circlets,Circlet/headgear jewelry
Jewelry,CircletOfMajorRestoration,000FC032,Circlet of Major Restoration,,Fandom Circlets,Circlet/headgear jewelry
Jewelry,CircletOfMinorAlchemy,000FC000,Circlet of Minor Alchemy,,Fandom Circlets,Circlet/headgear jewelry
Jewelry,CircletOfMinorAlteration,000FC006,Circlet of Minor Alteration,,Fandom Circlets,Circlet/headgear jewelry
Jewelry,CircletOfMinorArchery,000FC02A,Circlet of Minor Archery,,Fandom Circlets,Circlet/headgear jewelry
Jewelry,CircletOfMinorConjuration,000FC00C,Circlet of Minor Conjuration,,Fandom Circlets,Circlet/headgear jewelry
Jewelry,CircletOfMinorIllusion,000FC01E,Circlet of Minor Illusion,,Fandom Circlets,Circlet/headgear jewelry
Jewelry,CircletOfMinorMagicka,000FC024,Circlet of Minor Magicka,,Fandom Circlets,Circlet/headgear jewelry
Jewelry,CircletOfMinorRestoration,000FC030,Circlet of Minor Restoration,,Fandom Circlets,Circlet/headgear jewelry
Jewelry,CircletOfPeerlessAlchemy,000FC005,Circlet of Peerless Alchemy,,Fandom Circlets,Circlet/headgear jewelry
Jewelry,CircletOfPeerlessAlteration,000FC00B,Circlet of Peerless Alteration,,Fandom Circlets,Circlet/headgear jewelry
Jewelry,CircletOfPeerlessArchery,000FC02F,Circlet of Peerless Archery,,Fandom Circlets,Circlet/headgear jewelry
Jewelry,CircletOfPeerlessConjuration,000FC011,Circlet of Peerless Conjuration,,Fandom Circlets,Circlet/headgear jewelry
Jewelry,CircletOfPeerlessDestruction,000FC017,Circlet of Peerless Destruction,,Fandom Circlets,Circlet/headgear jewelry
Jewelry,CircletOfPeerlessIllusion,000FC023,Circlet of Peerless Illusion,,Fandom Circlets,Circlet/headgear jewelry
Jewelry,CircletOfPeerlessMagicka,000FC029,Circlet of Peerless Magicka,,Fandom Circlets,Circlet/headgear jewelry
Jewelry,CircletOfPeerlessRestoration,00100E39,Circlet of Peerless Restoration,,Fandom Circlets,Circlet/headgear jewelry
Jewelry,CircletOfRestoration,000FC031,Circlet of Restoration,,Fandom Circlets,Circlet/headgear jewelry
Jewelry,CopperAndMoonstoneCirclet,00016730,Copper and Moonstone Circlet,,Fandom Circlets,Circlet/headgear jewelry
Jewelry,CopperAndOnyxCirclet,000166FF,Copper and Onyx Circlet,,Fandom Circlets,Circlet/headgear jewelry
Jewelry,CopperAndRubyCirclet,00016731,Copper and Ruby Circlet,,Fandom Circlets,Circlet/headgear jewelry
Jewelry,CopperAndSapphireCirclet,000166FE,Copper and Sapphire Circlet,,Fandom Circlets,Circlet/headgear jewelry
Jewelry,CursedRingOfHircine,000F82FE,Cursed Ring of Hircine,,Fandom Rings,Ring
Jewelry,EnchantedRing,0002584C,Enchanted Ring,,Fandom Rings,Ring
Jewelry,FjolaSWeddingBand,000D3BDB,Fjola's Wedding Band,,Fandom Rings,Ring
Jewelry,FjotliSSilverLocket,0007D678,Fjotli's Silver Locket,,Fandom Amulets,Amulet/necklace
Jewelry,GoldAndEmeraldCirclet,0001672F,Gold and Emerald Circlet,,Fandom Circlets,Circlet/headgear jewelry
Jewelry,GoldAndRubyCirclet,000166FD,Gold and Ruby Circlet,,Fandom Circlets,Circlet/headgear jewelry
Jewelry,GoldDiamondNecklace,000877F1,Gold Diamond Necklace,,Fandom Amulets,Amulet/necklace
Jewelry,GoldDiamondRing,000877C9,Gold Diamond Ring,,Fandom Rings,Ring
Jewelry,GoldEmeraldRing,000877CA,Gold Emerald Ring,,Fandom Rings,Ring
Jewelry,GoldJeweledNecklace,00087835,Gold Jeweled Necklace,,Fandom Amulets,Amulet/necklace
Jewelry,GoldNecklace,000877D5,Gold Necklace,,Fandom Amulets,Amulet/necklace
Jewelry,GoldRing,0001CF2B,Gold Ring,,Fandom Rings,Ring
Jewelry,GoldRubyNecklace,000877DC,Gold Ruby Necklace,,Fandom Amulets,Amulet/necklace
Jewelry,GoldSapphireRing,000877CB,Gold Sapphire Ring,,Fandom Rings,Ring
Jewelry,GrostaSNecklace,0006BBB5,Grosta's Necklace,,Fandom Amulets,Amulet/necklace
Jewelry,HircineSRing,0002AC60,Hircine's Ring,,Fandom Rings,Ring
Jewelry,IlasTeiSRing,000D5047,Ilas-Tei's Ring,,Fandom Rings,Ring
Jewelry,JadeAndEmeraldCirclet,000166D6,Jade and Emerald Circlet,,Fandom Circlets,Circlet/headgear jewelry
Jewelry,JadeAndSapphireCirclet,0001671A,Jade and Sapphire Circlet,,Fandom Circlets,Circlet/headgear jewelry
Jewelry,JeweledAmulet,0006B217,Jeweled Amulet,,Fandom Amulets,Amulet/necklace
Jewelry,KatarinaSOrnamentalRing,000DA733,Katarina's Ornamental Ring,,Fandom Rings,Ring
Jewelry,MadesiSSilverRing,00076F12,Madesi's Silver Ring,,Fandom Rings,Ring
Jewelry,MoonAmulet,000D9394,Moon Amulet,,Fandom Amulets,Amulet/necklace
Jewelry,MuiriSRing,0006B218,Muiri's Ring,,Fandom Rings,Ring
Jewelry,NecklaceOfAlchemy,0010DF46,Necklace of Alchemy,,Fandom Amulets,Amulet/necklace
Jewelry,NecklaceOfBlocking,0010DF1C,Necklace of Blocking,,Fandom Amulets,Amulet/necklace
Jewelry,NecklaceOfDiseaseImmunity,00100E65,Necklace of Disease Immunity,,Fandom Amulets,Amulet/necklace
Jewelry,NecklaceOfDwindlingFire,000FC045,Necklace of Dwindling Fire,,Fandom Amulets,Amulet/necklace
Jewelry,NecklaceOfDwindlingFrost,000FC04B,Necklace of Dwindling Frost,,Fandom Amulets,Amulet/necklace
Jewelry,NecklaceOfEminentAlchemy,0010DF48,Necklace of Eminent Alchemy,,Fandom Amulets,Amulet/necklace
Jewelry,NecklaceOfEminentBlocking,0010DF1E,Necklace of Eminent Blocking,,Fandom Amulets,Amulet/necklace
Jewelry,NecklaceOfEminentHaggling,0010DF4E,Necklace of Eminent Haggling,,Fandom Amulets,Amulet/necklace
Jewelry,NecklaceOfEminentHealth,000FC03A,Necklace of Eminent Health,,Fandom Amulets,Amulet/necklace
Jewelry,NecklaceOfExtremeAlchemy,0010DF49,Necklace of Extreme Alchemy,,Fandom Amulets,Amulet/necklace
Jewelry,NecklaceOfExtremeBlocking,0010DF1F,Necklace of Extreme Blocking,,Fandom Amulets,Amulet/necklace
Jewelry,NecklaceOfExtremeHaggling,0010DF4F,Necklace of Extreme Haggling,,Fandom Amulets,Amulet/necklace
Jewelry,NecklaceOfExtremeHealth,000FC03B,Necklace of Extreme Health,,Fandom Amulets,Amulet/necklace
Jewelry,NecklaceOfExtremeStamina,000FC059,Necklace of Extreme Stamina,,Fandom Amulets,Amulet/necklace
Jewelry,NecklaceOfFireAbatement,000FC047,Necklace of Fire Abatement,,Fandom Amulets,Amulet/necklace
Jewelry,NecklaceOfFlameSuppression,000FC046,Necklace of Flame Suppression,,Fandom Amulets,Amulet/necklace
Jewelry,NecklaceOfFrostAbatement,000FC04D,Necklace of Frost Abatement,,Fandom Amulets,Amulet/necklace
Jewelry,NecklaceOfFrostSuppression,000FC04C,Necklace of Frost Suppression,,Fandom Amulets,Amulet/necklace
Jewelry,NecklaceOfGrounding,000FC054,Necklace of Grounding,,Fandom Amulets,Amulet/necklace
Jewelry,NecklaceOfHaggling,0010DF4C,Necklace of Haggling,,Fandom Amulets,Amulet/necklace
Jewelry,NecklaceOfHealth,000FC038,Necklace of Health,,Fandom Amulets,Amulet/necklace
Jewelry,NecklaceOfMajorAlchemy,0010DF47,Necklace of Major Alchemy,,Fandom Amulets,Amulet/necklace
Jewelry,NecklaceOfMajorBlocking,0010DF1D,Necklace of Major Blocking,,Fandom Amulets,Amulet/necklace
Jewelry,NecklaceOfMajorHaggling,0010DF4D,Necklace of Major Haggling,,Fandom Amulets,Amulet/necklace
Jewelry,NecklaceOfMajorHealth,000FC039,Necklace of Major Health,,Fandom Amulets,Amulet/necklace
Jewelry,NecklaceOfMending,0010DF58,Necklace of Mending,,Fandom Amulets,Amulet/necklace
Jewelry,NecklaceOfMinorAlchemy,0010DF45,Necklace of Minor Alchemy,,Fandom Amulets,Amulet/necklace
Jewelry,NecklaceOfMinorBlocking,0010DF1B,Necklace of Minor Blocking,,Fandom Amulets,Amulet/necklace
Jewelry,NecklaceOfMinorHaggling,0010DF4B,Necklace of Minor Haggling,,Fandom Amulets,Amulet/necklace
Jewelry,NecklaceOfMinorHealth,000FC037,Necklace of Minor Health,,Fandom Amulets,Amulet/necklace
Jewelry,NecklaceOfPeerlessAlchemy,0010DF4A,Necklace of Peerless Alchemy,,Fandom Amulets,Amulet/necklace
Jewelry,NecklaceOfPeerlessBlocking,0010DF20,Necklace of Peerless Blocking,,Fandom Amulets,Amulet/necklace
Jewelry,NecklaceOfPeerlessDeftHands,0010DF38,Necklace of Peerless Deft Hands,,Fandom Amulets,Amulet/necklace
Jewelry,NecklaceOfPeerlessHaggling,0010DF50,Necklace of Peerless Haggling,,Fandom Amulets,Amulet/necklace
Jewelry,NecklaceOfPeerlessHealth,000FC03C,Necklace of Peerless Health,,Fandom Amulets,Amulet/necklace
Jewelry,NecklaceOfPoisonImmunity,00100E5F,Necklace of Poison Immunity,,Fandom Amulets,Amulet/necklace
Jewelry,NecklaceOfRegeneration,0010DF59,Necklace of Regeneration,,Fandom Amulets,Amulet/necklace
Jewelry,NecklaceOfRemedy,0010DF57,Necklace of Remedy,,Fandom Amulets,Amulet/necklace
Jewelry,NecklaceOfRevival,0010DF5A,Necklace of Revival,,Fandom Amulets,Amulet/necklace
Jewelry,NecklaceOfShockAbatement,000FC053,Necklace of Shock Abatement,,Fandom Amulets,Amulet/necklace
Jewelry,NecklaceOfTheFirewalker,000FC048,Necklace of the Firewalker,,Fandom Amulets,Amulet/necklace
Jewelry,NecklaceOfThePeerlessSquire,0010DF32,Necklace of the Peerless Squire,,Fandom Amulets,Amulet/necklace
Jewelry,NecklaceOfWarmth,000FC04E,Necklace of Warmth,,Fandom Amulets,Amulet/necklace
Jewelry,NecromancerAmulet,000C891D,Necromancer Amulet,,Fandom Amulets,Amulet/necklace
Jewelry,NightweaverSBand,00068B83,Nightweaver's Band,,Fandom Rings,Ring
Jewelry,OgmundSAmuletOfTalos,00064796,Ogmund's Amulet of Talos,,Fandom Amulets,Amulet/necklace
Jewelry,PithiSOrnamentalRing,000DA734,Pithi's Ornamental Ring,,Fandom Rings,Ring
Jewelry,RaerekSInscribedAmuletOfTalos,000E0BA2,Raerek's Inscribed Amulet of Talos,,Fandom Amulets,Amulet/necklace
Jewelry,ReydaSNecklace,000663DA,Reyda's Necklace,,Fandom Amulets,Amulet/necklace
Jewelry,RingOfAlteration,00100DEE,Ring of Alteration,,Fandom Rings,Ring
Jewelry,RingOfArchery,00100E24,Ring of Archery,,Fandom Rings,Ring
Jewelry,RingOfBlocking,00100DF4,Ring of Blocking,,Fandom Rings,Ring
Jewelry,RingOfConjuration,00100DFA,Ring of Conjuration,,Fandom Rings,Ring
Jewelry,RingOfDestruction,00100E00,Ring of Destruction,,Fandom Rings,Ring
Jewelry,RingOfEminentAlteration,00100DF0,Ring of Eminent Alteration,,Fandom Rings,Ring
Jewelry,RingOfEminentArchery,00100E26,Ring of Eminent Archery,,Fandom Rings,Ring
Jewelry,RingOfEminentBlocking,00100DF6,Ring of Eminent Blocking,,Fandom Rings,Ring
Jewelry,RingOfEminentConjuration,00100DFC,Ring of Eminent Conjuration,,Fandom Rings,Ring
Jewelry,RingOfEminentDeftHands,00100E32,Ring of Eminent Deft Hands,,Fandom Rings,Ring
Jewelry,RingOfEminentDestruction,00100E02,Ring of Eminent Destruction,,Fandom Rings,Ring
Jewelry,RingOfEminentHealth,000FCF00,Ring of Eminent Health,,Fandom Rings,Ring
Jewelry,RingOfEminentIllusion,00100E14,Ring of Eminent Illusion,,Fandom Rings,Ring
Jewelry,RingOfEminentLockpicking,00100E20,Ring of Eminent Lockpicking,,Fandom Rings,Ring
Jewelry,RingOfEminentMagicka,000FF7D5,Ring of Eminent Magicka,,Fandom Rings,Ring
Jewelry,RingOfEminentSquire,00100E1B,Ring of Eminent Squire,,Fandom Rings,Ring
Jewelry,RingOfExtremeAlteration,00100DF1,Ring of Extreme Alteration,,Fandom Rings,Ring
Jewelry,RingOfExtremeArchery,00100E27,Ring of Extreme Archery,,Fandom Rings,Ring
Jewelry,RingOfExtremeBlocking,00100DF7,Ring of Extreme Blocking,,Fandom Rings,Ring
Jewelry,RingOfExtremeConjuration,00100DFD,Ring of Extreme Conjuration,,Fandom Rings,Ring
Jewelry,RingOfExtremeDestruction,00100E03,Ring of Extreme Destruction,,Fandom Rings,Ring
Jewelry,RingOfExtremeHealth,000FCF01,Ring of Extreme Health,,Fandom Rings,Ring
Jewelry,RingOfExtremeIllusion,00100E15,Ring of Extreme Illusion,,Fandom Rings,Ring
Jewelry,RingOfExtremeLockpicking,00100E21,Ring of Extreme Lockpicking,,Fandom Rings,Ring
Jewelry,RingOfExtremeMagicka,000FF7D6,Ring of Extreme Magicka,,Fandom Rings,Ring
Jewelry,RingOfExtremeSquire,00100E1C,Ring of Extreme Squire,,Fandom Rings,Ring
Jewelry,RingOfHealth,000FCEFE,Ring of Health,,Fandom Rings,Ring
Jewelry,RingOfIllusion,00100E12,Ring of Illusion,,Fandom Rings,Ring
Jewelry,RingOfLockpicking,00100E1E,Ring of Lockpicking,,Fandom Rings,Ring
Jewelry,RingOfMagicAbatement,0010DFCC,Ring of Magic Abatement,,Fandom Rings,Ring
Jewelry,RingOfMagicka,000FF7D3,Ring of Magicka,,Fandom Rings,Ring
Jewelry,RingOfMajorAlteration,00100DEF,Ring of Major Alteration,,Fandom Rings,Ring
Jewelry,RingOfMajorArchery,00100E25,Ring of Major Archery,,Fandom Rings,Ring
Jewelry,RingOfMajorBlocking,00100DF5,Ring of Major Blocking,,Fandom Rings,Ring
Jewelry,RingOfMajorConjuration,00100DFB,Ring of Major Conjuration,,Fandom Rings,Ring
Jewelry,RingOfMajorDestruction,00100E01,Ring of Major Destruction,,Fandom Rings,Ring
Jewelry,RingOfMajorHealth,000FCEFF,Ring of Major Health,,Fandom Rings,Ring
Jewelry,RingOfMajorIllusion,00100E13,Ring of Major Illusion,,Fandom Rings,Ring
Jewelry,RingOfMajorLockpicking,00100E1F,Ring of Major Lockpicking,,Fandom Rings,Ring
Jewelry,RingOfMajorMagicka,000FF7D4,Ring of Major Magicka,,Fandom Rings,Ring
Jewelry,RingOfMajorSquire,00100E1A,Ring of Major Squire,,Fandom Rings,Ring
Jewelry,RingOfMending,00100E52,Ring of Mending,,Fandom Rings,Ring
Jewelry,RingOfMinorAlteration,000FF7DE,Ring of Minor Alteration,,Fandom Rings,Ring
Jewelry,RingOfMinorArchery,00100E23,Ring of Minor Archery,,Fandom Rings,Ring
Jewelry,RingOfMinorBlocking,00100DF3,Ring of Minor Blocking,,Fandom Rings,Ring
Jewelry,RingOfMinorConjuration,00100DF9,Ring of Minor Conjuration,,Fandom Rings,Ring
Jewelry,RingOfMinorDestruction,00100DFF,Ring of Minor Destruction,,Fandom Rings,Ring
Jewelry,RingOfMinorHealth,000FCEFD,Ring of Minor Health,,Fandom Rings,Ring
Jewelry,RingOfMinorIllusion,00100E11,Ring of Minor Illusion,,Fandom Rings,Ring
Jewelry,RingOfMinorLockpicking,00100E17,Ring of Minor Lockpicking,,Fandom Rings,Ring
Jewelry,RingOfMinorMagicka,000FF7D2,Ring of Minor Magicka,,Fandom Rings,Ring
Jewelry,RingOfMinorSquire,00100E18,Ring of Minor Squire,,Fandom Rings,Ring
Jewelry,RingOfNullification,0010DFCD,Ring of Nullification,,Fandom Rings,Ring
Jewelry,RingOfPeerlessAlteration,00100DF2,Ring of Peerless Alteration,,Fandom Rings,Ring
Jewelry,RingOfPeerlessArchery,00100E28,Ring of Peerless Archery,,Fandom Rings,Ring
Jewelry,RingOfPeerlessBlocking,00100DF8,Ring of Peerless Blocking,,Fandom Rings,Ring
Jewelry,RingOfPeerlessConjuration,00100DFE,Ring of Peerless Conjuration,,Fandom Rings,Ring
Jewelry,RingOfPeerlessDestruction,00100E04,Ring of Peerless Destruction,,Fandom Rings,Ring
Jewelry,RingOfPeerlessHealth,000FCF02,Ring of Peerless Health,,Fandom Rings,Ring
Jewelry,RingOfPeerlessIllusion,00100E16,Ring of Peerless Illusion,,Fandom Rings,Ring
Jewelry,RingOfPeerlessLockpicking,00100E22,Ring of Peerless Lockpicking,,Fandom Rings,Ring
Jewelry,RingOfPeerlessMagicka,000FF7D7,Ring of Peerless Magicka,,Fandom Rings,Ring
Jewelry,RingOfPeerlessSquire,00100E1D,Ring of Peerless Squire,,Fandom Rings,Ring
Jewelry,RingOfPeerlessStamina,000FCEFC,Ring of Peerless Stamina,,Fandom Rings,Ring
Jewelry,RingOfPureMixtures,00090E32,Ring of Pure Mixtures,,Fandom Rings,Ring
Jewelry,RingOfRecovery,00100E5C,Ring of Recovery,,Fandom Rings,Ring
Jewelry,RingOfRegeneration,00100E53,Ring of Regeneration,,Fandom Rings,Ring
Jewelry,RingOfRemedy,00100E51,Ring of Remedy,,Fandom Rings,Ring
Jewelry,RingOfRevival,00100E54,Ring of Revival,,Fandom Rings,Ring
Jewelry,RingOfSneaking,00100E41,Ring of Sneaking,,Fandom Rings,Ring
Jewelry,RingOfTheBeast,XX00E7FD,Ring of the Beast,,Fandom Rings,Ring
Jewelry,RingOfTheEminentKnight,00100E0E,Ring of the Eminent Knight,,Fandom Rings,Ring
Jewelry,RingOfTheErudite,XX00E7FE,Ring of the Erudite,,Fandom Rings,Ring
Jewelry,RingOfTheExtremeKnight,00100E0F,Ring of the Extreme Knight,,Fandom Rings,Ring
Jewelry,RingOfTheKnight,00100E0C,Ring of the Knight,,Fandom Rings,Ring
Jewelry,RingOfTheMajorKnight,00100E0D,Ring of the Major Knight,,Fandom Rings,Ring
Jewelry,SaarthalAmulet,000233D0,Saarthal Amulet,,Fandom Amulets,Amulet/necklace
Jewelry,SavosArenSAmulet,000F1B33,Savos Aren's Amulet,,Fandom Amulets,Amulet/necklace
Jewelry,ShahveeSAmuletOfZenithar,000BFA0A,Shahvee's Amulet of Zenithar,,Fandom Amulets,Amulet/necklace
Jewelry,SilverAndMoonstoneCirclet,000166E0,Silver and Moonstone Circlet,,Fandom Circlets,Circlet/headgear jewelry
Jewelry,SilverAndSapphireCirclet,00016719,Silver and Sapphire Circlet,,Fandom Circlets,Circlet/headgear jewelry
Jewelry,SilverEmeraldNecklace,00087833,Silver Emerald Necklace,,Fandom Amulets,Amulet/necklace
Jewelry,SilverJeweledNecklace,00087834,Silver Jeweled Necklace,,Fandom Amulets,Amulet/necklace
Jewelry,SilverNecklace,0009171B,Silver Necklace,,Fandom Amulets,Amulet/necklace
Jewelry,SilverSapphireNecklace,00087832,Silver Sapphire Necklace,,Fandom Amulets,Amulet/necklace
Jewelry,StrangeAmulet,000D2328,Strange Amulet,,Fandom Amulets,Amulet/necklace
Jewelry,TheGauldurAmulet,0002D773,The Gauldur Amulet,,Fandom Amulets,Amulet/necklace
Books,ID16AccordsOfMadnessVIx,0001AFB3,"16 Accords of Madness, v. IX",,Fandom Books,Book item
Books,ID16AccordsOfMadnessVVi,0001AFB2,"16 Accords of Madness, v. VI",,Fandom Books,Book item
Books,ID2920EveningStarV12,0001ACE4,"2920, Evening Star, v12",,Fandom Books,Book item
Books,ID2920FirstSeedV3,0001ACE5,"2920, First Seed, v3",,Fandom Books,Book item
Books,ID2920FrostfallV10,0001AFEA,"2920, Frostfall, v10",,Fandom Books,Book item
Books,ID2920HearthFireV9,0001AFE9,"2920, Hearth Fire, v9",,Fandom Books,Book item
Books,ID2920LastSeedV8,0001B01F,"2920, Last Seed, v8",,Fandom Books,Book item
Books,ID2920MidyearV6,0001AFF7,"2920, MidYear, v6",,Fandom Books,Book item
Books,ID2920MorningStarV1,0001AFD9,"2920, Morning Star, v1",,Fandom Books,Book item
Books,ID2920RainSHandV4,0001B017,"2920, Rain's Hand, v4",,Fandom Books,Book item
Books,ID2920SecondSeedV5,0001B025,"2920, Second Seed, v5",,Fandom Books,Book item
Books,ID2920SunSDawnV2,0001B010,"2920, Sun's Dawn, v2",,Fandom Books,Book item
Books,ID2920SunSDuskV11,0001ACE3,"2920, Sun's Dusk, v11",,Fandom Books,Book item
Books,ID2920SunSHeightV7,0001B00C,"2920, Sun's Height, v7",,Fandom Books,Book item
Books,AChildrenSAnuad,0001ACDF,A Children's Anuad,,Fandom Books,Book item
Books,ADanceInFireV1,0001AFC0,"A Dance in Fire, v1",,Fandom Books,Book item
Books,ADanceInFireV2,0001AFDF,"A Dance in Fire, v2",,Fandom Books,Book item
Books,ADanceInFireV3,0001AFD4,"A Dance in Fire, v3",,Fandom Books,Book item
Books,ADanceInFireV4,0001AFC1,"A Dance in Fire, v4",,Fandom Books,Book item
Books,ADanceInFireV5,0001B006,"A Dance in Fire, v5",,Fandom Books,Book item
Books,ADanceInFireV6,0001B00D,"A Dance in Fire, v6",,Fandom Books,Book item
Books,ADanceInFireV7,0001B00E,"A Dance in Fire, v7",,Fandom Books,Book item
Books,ADreamOfSovngarde,000ED02F,A Dream of Sovngarde,,Fandom Books,Book item
Books,AGameAtDinner,0001AFC4,A Game at Dinner,,Fandom Books,Book item
Books,AGentlemanSGuideToWhiterun,000ED02E,A Gentleman's Guide to Whiterun,,Fandom Books,Book item
Books,AHypotheticalTreachery,0001AFEE,A Hypothetical Treachery,,Fandom Books,Book item
Books,AKissSweetMother,000A0322,"A Kiss, Sweet Mother",,Fandom Books,Book item
Books,AMinorMaze,000F1AB3,A Minor Maze,,Fandom Books,Book item
Books,AScrawledNote,000B1260,A Scrawled Note,,Fandom Books,Book item
Books,ATragedyInBlack,0002F838,A Tragedy in Black,,Fandom Books,Book item
Books,AWarning,000F6928,A Warning,,Fandom Books,Book item
Books,AdmonitionAgainstEbony,000F6843,Admonition Against Ebony,,Fandom Books,Book item
Books,AdonatoSBook,000403AF,Adonato's Book,,Fandom Books,Book item
Books,AdvancesInLockpicking,0001B01C,Advances in Lockpicking,,Fandom Books,Book item
Books,AdventurerSJournal,000D95E3,Adventurer's Journal,,Fandom Books,Book item
Books,AedraAndDaedra,0001B22C,Aedra and Daedra,,Fandom Books,Book item
Books,SixteenAccordsOfMadnessBookXii,0001AFB1,"Sixteen Accords of Madness, Book XII",,Fandom Books,Book item
Keys,AbandonedPrisonKey,000E94D4,Abandoned Prison Key,,Fandom Keys,Key item
Keys,AbandonedShackKey,0002E3F8,Abandoned Shack Key,,Fandom Keys,Key item
Keys,AerinSHouseKey,000FDEB5,Aerin's House Key,,Fandom Keys,Key item
Keys,AlorHouseKey,XX018453,Alor House Key,,Fandom Keys,Key item
Keys,AngarvundeKey,0008715F,Angarvunde Key,,Fandom Keys,Key item
Keys,AnsilvundKey,00093BF4,Ansilvund Key,,Fandom Keys,Key item
Keys,ArchMageSQuartersKey,000C5140,Arch-Mage's Quarters Key,,Fandom Keys,Key item
Keys,AretinoResidenceKey,0009C795,Aretino Residence Key,,Fandom Keys,Key item
Keys,ArgonianAssemblageKey,0009C79B,Argonian Assemblage Key,,Fandom Keys,Key item
Keys,ArondilSKey,000835CA,Arondil's Key,,Fandom Keys,Key item
Keys,AtheronResidenceKey,0009C7DA,Atheron Residence Key,,Fandom Keys,Key item
Keys,AvanchnzelKey,0006D0AD,Avanchnzel Key,,Fandom Keys,Key item
Keys,BaldorSHouseKey,XX018FB7,Baldor's House Key,,Fandom Keys,Key item
Keys,BeeAndBarbKey,000FDEB2,Bee and Barb Key,,Fandom Keys,Key item
Keys,BelethorSGeneralGoodsKey,00093B07,Belethor's General Goods Key,,Fandom Keys,Key item
Keys,BelynHlaaluSHouseKey,0009C864,Belyn Hlaalu's House Key,,Fandom Keys,Key item
Keys,BenkongerikeKey,XX01A971,Benkongerike Key,,Fandom Keys,Key item
Keys,BilegulchMineKey,000EF02F,Bilegulch Mine Key,,Fandom Keys,Key item
Keys,BlackBriarLodgeKey,0002C474,Black-Briar Lodge Key,,Fandom Keys,Key item
Keys,BlackBriarManorKey,000FDEB7,Black-Briar Manor Key,,Fandom Keys,Key item
Keys,BlackBriarMeaderyKey,000FDEB9,Black-Briar Meadery Key,,Fandom Keys,Key item
Keys,BloodletCageKey,0005E4A8,Bloodlet Cage Key,,Fandom Keys,Key item
Keys,BluePalaceServantsKey,000B48FE,Blue Palace Servants Key,,Fandom Keys,Key item
Keys,BolliSHouseKey,000FDEB6,Bolli's House Key,,Fandom Keys,Key item
Keys,BoneyardKey,XX004BD5,Boneyard Key,,Fandom Keys,Key item
Keys,BorkulSKey,0001AB5D,Borkul's Key,,Fandom Keys,Key item
Keys,BrandSheiSStrongboxKey,000E82C3,Brand-Shei's Strongbox Key,,Fandom Keys,Key item
Keys,BrandyMugFarmhouseKey,0009C876,Brandy-Mug Farmhouse Key,,Fandom Keys,Key item
Keys,BrinewaterGrottoKey,00050341,Brinewater Grotto Key,,Fandom Keys,Key item
Keys,BrokenTowerPrisonKey,0008683B,Broken Tower Prison Key,,Fandom Keys,Key item
Keys,BrunwulfSHouseKey,000DD744,Brunwulf's House Key,,Fandom Keys,Key item
Keys,CaerelliusHouseKey,XX018455,Caerellius House Key,,Fandom Keys,Key item
Keys,CageKey,0001C250,Cage Key,,Fandom Keys,Key item
Keys,CageKeyAlt,000506D2,Cage Key Alt,,Fandom Keys,Key item
Keys,CalcelmoSLaboratoryKey,00055901,Calcelmo's Laboratory Key,,Fandom Keys,Key item
Keys,CalixtoSKey,000E6C64,Calixto's Key,,Fandom Keys,Key item
Keys,CaptiveShackleKey,0002E3F9,Captive Shackle Key,,Fandom Keys,Key item
Keys,CastleDourDungeonKey,0007E019,Castle Dour Dungeon Key,,Fandom Keys,Key item
Keys,CastleKarstaagKey,XX02481A,Castle Karstaag Key,,Fandom Keys,Key item
Keys,CellarKey,0002BAE2,Cellar Key,,Fandom Keys,Key item
Keys,ChillrendCaseKey,000F84A5,Chillrend Case Key,,Fandom Keys,Key item
Keys,ClanCruelSeaHouseKey,0009C86A,Clan Cruel-Sea House Key,,Fandom Keys,Key item
Keys,ClanShatterShieldHouseKey,0009C86C,Clan Shatter-Shield House Key,,Fandom Keys,Key item
Spells,ArnielsConvection,0006A104,Arniel's Convection,,Skyrim.esm,Quest spell
Spells,AshRune,XX0177AF,Ash Rune,,Dragonborn.esm,Dragonborn Alteration
Spells,AshShell,XX017731,Ash Shell,,Dragonborn.esm,Dragonborn Alteration
Spells,BaneoftheUndead,0008C1AB,Bane of the Undead,,Skyrim.esm,Restoration ritual
Spells,BanishDaedra,0006D22C,Banish Daedra,,Skyrim.esm,Conjuration
Spells,Blizzard,0007E8E4,Blizzard,,Skyrim.esm,Destruction ritual
Spells,BoundBattleaxe,000211EC,Bound Battleaxe,,Skyrim.esm,Conjuration
Spells,BoundBow,000211ED,Bound Bow,,Skyrim.esm,Conjuration
Spells,BoundDagger,XX01CE06,Bound Dagger,,Dragonborn.esm,Dragonborn Conjuration
Spells,BoundSword,000211EB,Bound Sword,,Skyrim.esm,Conjuration
Spells,CalltoArms,0007E8DD,Call to Arms,,Skyrim.esm,Illusion ritual
Spells,Calm,0004DEE9,Calm,,Skyrim.esm,Illusion
Spells,Candlelight,00043324,Candlelight,,Skyrim.esm,Alteration
Spells,ChainLightning,00045F9D,Chain Lightning,,Skyrim.esm,Destruction
Spells,CircleofProtection,0005312D,Circle of Protection,,Skyrim.esm,Restoration
Spells,Clairvoyance,00021143,Clairvoyance,,Skyrim.esm,Illusion
Spells,CloseWounds,000B62EF,Close Wounds,,Skyrim.esm,Restoration
Spells,CommandDaedra,0006F953,Command Daedra,,Skyrim.esm,Conjuration
Spells,ConjureAshGuardian,XX017782,Conjure Ash Guardian,,Dragonborn.esm,Dragonborn Conjuration
Spells,ConjureAshSpawn,XX01CDF6,Conjure Ash Spawn,,Dragonborn.esm,Dragonborn Conjuration
Spells,ConjureBoneman,XX0045BA,Conjure Boneman,,Dawnguard.esm,Dawnguard Conjuration
Spells,ConjureDragonPriest,0010FC16,Conjure Dragon Priest,,Skyrim.esm,Conjuration
Spells,ConjureDremoraLord,0010DDEC,Conjure Dremora Lord,,Skyrim.esm,Conjuration
Spells,ConjureFamiliar,000640B6,Conjure Familiar,,Skyrim.esm,Conjuration
Spells,ConjureFlameAtronach,000204C3,Conjure Flame Atronach,,Skyrim.esm,Conjuration
Spells,ConjureFrostAtronach,000204C4,Conjure Frost Atronach,,Skyrim.esm,Conjuration
Spells,ConjureMistman,XX0045B8,Conjure Mistman,,Dawnguard.esm,Dawnguard Conjuration
Spells,ConjureSeeker,XX033C66,Conjure Seeker,,Dragonborn.esm,Dragonborn Conjuration
Spells,ConjureStormAtronach,000204C5,Conjure Storm Atronach,,Skyrim.esm,Conjuration
Spells,ConjureWrathman,XX0045B3,Conjure Wrathman,,Dawnguard.esm,Dawnguard Conjuration
Spells,Courage,0004DEE8,Courage,,Skyrim.esm,Illusion
Spells,DeadThrall,0007E8DF,Dead Thrall,,Skyrim.esm,Conjuration ritual
Spells,DetectDead,000211EF,Detect Dead,,Skyrim.esm,Alteration
Spells,DetectLife,000211EE,Detect Life,,Skyrim.esm,Alteration
Spells,Dragonhide,000CDB70,Dragonhide,,Skyrim.esm,Alteration ritual
Spells,DreadZombie,00096D95,Dread Zombie,,Skyrim.esm,Conjuration
Spells,Ebonyflesh,0005AD5E,Ebonyflesh,,Skyrim.esm,Alteration
Spells,Equilibrium,000DA746,Equilibrium,,Skyrim.esm,Alteration
Spells,ExpelDaedra,0006F952,Expel Daedra,,Skyrim.esm,Conjuration
Spells,FastHealing,0002F3B8,Fast Healing,,Skyrim.esm,Restoration
Spells,Fear,0004DEEA,Fear,,Skyrim.esm,Illusion
Spells,FireRune,0005DB90,Fire Rune,,Skyrim.esm,Destruction
Spells,FireStorm,0007A82B,Fire Storm,,Skyrim.esm,Destruction ritual
Spells,Fireball,0001C789,Fireball,,Skyrim.esm,Destruction
Spells,Firebolt,00012FD0,Firebolt,,Skyrim.esm,Destruction
Spells,FlameCloak,0003AE9F,Flame Cloak,,Skyrim.esm,Destruction
Spells,FlameThrall,0007E5D5,Flame Thrall,,Skyrim.esm,Conjuration ritual
Spells,Flames,00012FCD,Flames,,Skyrim.esm,Destruction
Spells,FlamingFamiliar,0009CE26,Flaming Familiar,,Skyrim.esm,Conjuration
Spells,Freeze,XX02732D,Freeze,,Dragonborn.esm,Dragonborn Destruction
Spells,Frenzy,0004DEEE,Frenzy,,Skyrim.esm,Illusion
Spells,FrenzyRune,XX0177B7,Frenzy Rune,,Dragonborn.esm,Dragonborn Illusion
Spells,FrostCloak,0003AEA2,Frost Cloak,,Skyrim.esm,Destruction
Spells,FrostRune,0006796F,Frost Rune,,Skyrim.esm,Destruction
Spells,FrostThrall,0007E5D6,Frost Thrall,,Skyrim.esm,Conjuration ritual
Spells,Frostbite,0002B96B,Frostbite,,Skyrim.esm,Destruction
Spells,Fury,0004DEEB,Fury,,Skyrim.esm,Illusion
Spells,GrandHealing,000B62EE,Grand Healing,,Skyrim.esm,Restoration
Spells,GreaterWard,000211F0,Greater Ward,,Skyrim.esm,Restoration
Spells,GuardianCircle,000E0CCF,Guardian Circle,,Skyrim.esm,Restoration ritual
Spells,Harmony,0007E8DB,Harmony,,Skyrim.esm,Illusion ritual
Spells,HealOther,00012FD2,Heal Other,,Skyrim.esm,Restoration
Spells,HealUndead,XX00E8D4,Heal Undead,,Dawnguard.esm,Dawnguard Restoration
Spells,Healing,00012FCC,Healing,,Skyrim.esm,Restoration
Spells,HealingHands,0004D3F2,Healing Hands,,Skyrim.esm,Restoration
Spells,Hysteria,0007E8DE,Hysteria,,Skyrim.esm,Illusion ritual
Spells,IceSpike,0002B96C,Ice Spike,,Skyrim.esm,Destruction
Spells,IceStorm,00045F9C,Ice Storm,,Skyrim.esm,Destruction
Spells,IcySpear,0010F7EC,Icy Spear,,Skyrim.esm,Destruction
Spells,Ignite,XX02732B,Ignite,,Dragonborn.esm,Dragonborn Destruction
Spells,Incinerate,0010F7ED,Incinerate,,Skyrim.esm,Destruction
Spells,Invisibility,00027EB6,Invisibility,,Skyrim.esm,Illusion
Spells,Ironflesh,00051B16,Ironflesh,,Skyrim.esm,Alteration
Spells,LesserWard,00013018,Lesser Ward,,Skyrim.esm,Restoration
Spells,LightningBolt,0002DD29,Lightning Bolt,,Skyrim.esm,Destruction
Spells,LightningCloak,0003AEA3,Lightning Cloak,,Skyrim.esm,Destruction
Spells,LightningRune,00067970,Lightning Rune,,Skyrim.esm,Destruction
Spells,LightningStorm,0007E8E5,Lightning Storm,,Skyrim.esm,Destruction ritual
Spells,Magelight,00043323,Magelight,,Skyrim.esm,Alteration
Spells,MassParalysis,000B62E6,Mass Paralysis,,Skyrim.esm,Alteration ritual
Spells,Mayhem,0007E8DA,Mayhem,,Skyrim.esm,Illusion ritual
Spells,Muffle,0008F3EB,Muffle,,Skyrim.esm,Illusion
Spells,NecromanticHealing,XX00E8D2,Necromantic Healing,,Dawnguard.esm,Dawnguard Restoration
Spells,Oakflesh,0005AD5C,Oakflesh,,Skyrim.esm,Alteration
Spells,Pacify,0004DEED,Pacify,,Skyrim.esm,Illusion
Spells,Paralyze,0005AD5F,Paralyze,,Skyrim.esm,Alteration
Spells,PoisonRune,XX01D74B,Poison Rune,,Dragonborn.esm,Dragonborn Restoration
Spells,RaiseZombie,0007E8E1,Raise Zombie,,Skyrim.esm,Conjuration
Spells,Rally,0004DEEC,Rally,,Skyrim.esm,Illusion
Spells,ReanimateCorpse,00065BD7,Reanimate Corpse,,Skyrim.esm,Conjuration
Spells,RepelLesserUndead,0004D3F8,Repel Lesser Undead,,Skyrim.esm,Restoration
Spells,RepelUndead,0005DD60,Repel Undead,,Skyrim.esm,Restoration
Spells,Revenant,00096D94,Revenant,,Skyrim.esm,Conjuration
Spells,Rout,0004DEEF,Rout,,Skyrim.esm,Illusion
Spells,SoulTrap,0004DBA4,Soul Trap,,Skyrim.esm,Conjuration
Spells,Sparks,0002DD2A,Sparks,,Skyrim.esm,Destruction
Spells,SpectralArrow,000AB23D,Spectral Arrow,,Skyrim.esm,Console spell
Spells,SteadfastWard,000211F1,Steadfast Ward,,Skyrim.esm,Restoration
Spells,StendarrsAura,XX0038B5,Stendarr's Aura,,Dawnguard.esm,Dawnguard Restoration
Spells,Stoneflesh,0005AD5D,Stoneflesh,,Skyrim.esm,Alteration
Spells,StormThrall,0007E5D7,Storm Thrall,,Skyrim.esm,Conjuration ritual
Spells,SummonArnielsShade,0006A153,Summon Arniel's Shade,,Skyrim.esm,Quest spell
Spells,SummonArvak,XX00C600,Summon Arvak,,Dawnguard.esm,Dawnguard Conjuration
Spells,SummonUnboundDremora,00099F39,Summon Unbound Dremora,,Skyrim.esm,Conjuration ritual
Spells,SunFire,XX003F52,Sun Fire,,Dawnguard.esm,Dawnguard Restoration
Spells,Telekinesis,0001A4CC,Telekinesis,,Skyrim.esm,Alteration
Spells,Thunderbolt,0010F7EE,Thunderbolt,,Skyrim.esm,Destruction
Spells,Transmute,00109111,Transmute,,Skyrim.esm,Alteration
Spells,TurnGreaterUndead,0005DD5E,Turn Greater Undead,,Skyrim.esm,Restoration
Spells,TurnLesserUndead,0004B146,Turn Lesser Undead,,Skyrim.esm,Restoration
Spells,TurnUndead,0005DD5D,Turn Undead,,Skyrim.esm,Restoration
Spells,VampiresBane,XX0038B6,Vampire's Bane,,Dawnguard.esm,Dawnguard Restoration
Spells,VisionoftheTenthEye,000B323E,Vision of the Tenth Eye,,Skyrim.esm,Illusion ritual
Spells,WallofFlames,00035D7F,Wall of Flames,,Skyrim.esm,Destruction
Spells,WallofFrost,00035D80,Wall of Frost,,Skyrim.esm,Destruction
Spells,WallofStorms,00035D81,Wall of Storms,,Skyrim.esm,Destruction
Spells,Waterbreathing,0005D175,Waterbreathing,,Skyrim.esm,Alteration
Spells,WhirlwindCloak,XX01772D,Whirlwind Cloak,,Dragonborn.esm,Dragonborn Destruction
Spell Tomes,SpellTomeBaneOfTheUndead,000D2B49,Spell Tome: Bane of the Undead,,Fandom/UESP curated pass,Spell tome expansion
Spell Tomes,SpellTomeBlizzard,000D2B50,Spell Tome: Blizzard,,Fandom/UESP curated pass,Spell tome expansion
Spell Tomes,SpellTomeBoundBattleaxe,000A26ED,Spell Tome: Bound Battleaxe,,Fandom Spells,Spell tome inventory item
Spell Tomes,SpellTomeBoundSword,0009E2A9,Spell Tome: Bound Sword,,Fandom Spells,Spell tome inventory item
Spell Tomes,SpellTomeCalm,000A2711,Spell Tome: Calm,,Fandom/UESP curated pass,Spell tome expansion
Spell Tomes,SpellTomeCandlelight,0009E2A7,Spell Tome: Candlelight,,Fandom Spells,Spell tome inventory item
Spell Tomes,SpellTomeChainLightning,000A26FF,Spell Tome: Chain Lightning,,Fandom Spells,Spell tome inventory item
Spell Tomes,SpellTomeCircleOfProtection,000A271F,Spell Tome: Circle of Protection,,Fandom/UESP curated pass,Spell tome expansion
Spell Tomes,SpellTomeClairvoyance,0009E2AD,Spell Tome: Clairvoyance,,Fandom/UESP curated pass,Spell tome expansion
Spell Tomes,SpellTomeCloseWounds,000A271B,Spell Tome: Close Wounds,,Fandom/UESP curated pass,Spell tome expansion
Spell Tomes,SpellTomeConjureFamiliar,0009E2AB,Spell Tome: Conjure Familiar,,Fandom Spells,Spell tome inventory item
Spell Tomes,SpellTomeConjureFlameAtronach,000A26EC,Spell Tome: Conjure Flame Atronach,,Fandom Spells,Spell tome inventory item
Spell Tomes,SpellTomeCourage,0009E2AC,Spell Tome: Courage,,Fandom/UESP curated pass,Spell tome expansion
Spell Tomes,SpellTomeDetectLife,000A26E7,Spell Tome: Detect Life,,Fandom Spells,Spell tome inventory item
Spell Tomes,SpellTomeDragonhide,000D2B4E,Spell Tome: Dragonhide,,Fandom Spells,Spell tome inventory item
Spell Tomes,SpellTomeEbonyflesh,000A26E8,Spell Tome: Ebonyflesh,,Fandom Spells,Spell tome inventory item
Spell Tomes,SpellTomeFastHealing,000A2714,Spell Tome: Fast Healing,,Fandom Spells,Spell tome inventory item
Spell Tomes,SpellTomeFear,000A2712,Spell Tome: Fear,,Fandom/UESP curated pass,Spell tome expansion
Spell Tomes,SpellTomeFireRune,000A26F8,Spell Tome: Fire Rune,,Fandom/UESP curated pass,Spell tome expansion
Spell Tomes,SpellTomeFireStorm,000D2B4E,Spell Tome: Fire Storm,,Fandom/UESP curated pass,Spell tome expansion
Spell Tomes,SpellTomeFireball,000A26FD,Spell Tome: Fireball,,Fandom Spells,Spell tome inventory item
Spell Tomes,SpellTomeFirebolt,000A26F7,Spell Tome: Firebolt,,Fandom Spells,Spell tome inventory item
Spell Tomes,SpellTomeFlameCloak,000A2700,Spell Tome: Flame Cloak,,Fandom/UESP curated pass,Spell tome expansion
Spell Tomes,SpellTomeFlames,0009CD51,Spell Tome: Flames,,Fandom Spells,Spell tome inventory item
Spell Tomes,SpellTomeFrenzy,000A2715,Spell Tome: Frenzy,,Fandom/UESP curated pass,Spell tome expansion
Spell Tomes,SpellTomeFrostCloak,000A2701,Spell Tome: Frost Cloak,,Fandom/UESP curated pass,Spell tome expansion
Spell Tomes,SpellTomeFrostRune,000A26F9,Spell Tome: Frost Rune,,Fandom/UESP curated pass,Spell tome expansion
Spell Tomes,SpellTomeFrostbite,0009CD52,Spell Tome: Frostbite,,Fandom Spells,Spell tome inventory item
Spell Tomes,SpellTomeFury,0009E2B1,Spell Tome: Fury,,Fandom/UESP curated pass,Spell tome expansion
Spell Tomes,SpellTomeGrandHealing,000D2B4B,Spell Tome: Grand Healing,,Fandom/UESP curated pass,Spell tome expansion
Spell Tomes,SpellTomeGreaterWard,000A2721,Spell Tome: Greater Ward,,Fandom/UESP curated pass,Spell tome expansion
Spell Tomes,SpellTomeGuardianCircle,000D2B4A,Spell Tome: Guardian Circle,,Fandom/UESP curated pass,Spell tome expansion
Spell Tomes,SpellTomeHarmony,000D2B4C,Spell Tome: Harmony,,Fandom/UESP curated pass,Spell tome expansion
Spell Tomes,SpellTomeHealOther,000A271C,Spell Tome: Heal Other,,Fandom/UESP curated pass,Spell tome expansion
Spell Tomes,SpellTomeHealing,0009E2AF,Spell Tome: Healing,,Fandom Spells,Spell tome inventory item
Spell Tomes,SpellTomeHealingHands,000A2718,Spell Tome: Healing Hands,,Fandom Spells,Spell tome inventory item
Spell Tomes,SpellTomeHysteria,000D2B4D,Spell Tome: Hysteria,,Fandom/UESP curated pass,Spell tome expansion
Spell Tomes,SpellTomeIceSpike,000A26F9,Spell Tome: Ice Spike,,Fandom Spells,Spell tome inventory item
Spell Tomes,SpellTomeIceStorm,000A26FE,Spell Tome: Ice Storm,,Fandom Spells,Spell tome inventory item
Spell Tomes,SpellTomeIcySpear,000A2704,Spell Tome: Icy Spear,,Fandom/UESP curated pass,Spell tome expansion
Spell Tomes,SpellTomeIncinerate,000A2703,Spell Tome: Incinerate,,Fandom/UESP curated pass,Spell tome expansion
Spell Tomes,SpellTomeInvisibility,000A2717,Spell Tome: Invisibility,,Fandom/UESP curated pass,Spell tome expansion
Spell Tomes,SpellTomeIronflesh,000A26E5,Spell Tome: Ironflesh,,Fandom Spells,Spell tome inventory item
Spell Tomes,SpellTomeLesserWard,0009E2AE,Spell Tome: Lesser Ward,,Fandom Spells,Spell tome inventory item
Spell Tomes,SpellTomeLightningBolt,000A26FA,Spell Tome: Lightning Bolt,,Fandom Spells,Spell tome inventory item
Spell Tomes,SpellTomeLightningCloak,000A2702,Spell Tome: Lightning Cloak,,Fandom/UESP curated pass,Spell tome expansion
Spell Tomes,SpellTomeLightningRune,000A26FA,Spell Tome: Lightning Rune,,Fandom/UESP curated pass,Spell tome expansion
Spell Tomes,SpellTomeLightningStorm,000D2B51,Spell Tome: Lightning Storm,,Fandom/UESP curated pass,Spell tome expansion
Spell Tomes,SpellTomeMagelight,000A26E2,Spell Tome: Magelight,,Fandom Spells,Spell tome inventory item
Spell Tomes,SpellTomeMayhem,000D2B4F,Spell Tome: Mayhem,,Fandom/UESP curated pass,Spell tome expansion
Spell Tomes,SpellTomeMuffle,000A2713,Spell Tome: Muffle,,Fandom/UESP curated pass,Spell tome expansion
Spell Tomes,SpellTomeOakflesh,0009E2A8,Spell Tome: Oakflesh,,Fandom Spells,Spell tome inventory item
Spell Tomes,SpellTomePacify,000A2719,Spell Tome: Pacify,,Fandom/UESP curated pass,Spell tome expansion
Spell Tomes,SpellTomeParalyze,000A26E9,Spell Tome: Paralyze,,Fandom Spells,Spell tome inventory item
Spell Tomes,SpellTomeRaiseZombie,0009E2AA,Spell Tome: Raise Zombie,,Fandom Spells,Spell tome inventory item
Spell Tomes,SpellTomeRally,000A2716,Spell Tome: Rally,,Fandom/UESP curated pass,Spell tome expansion
Spell Tomes,SpellTomeRepelLesserUndead,000A271E,Spell Tome: Repel Lesser Undead,,Fandom/UESP curated pass,Spell tome expansion
Spell Tomes,SpellTomeRout,000A271A,Spell Tome: Rout,,Fandom/UESP curated pass,Spell tome expansion
Spell Tomes,SpellTomeSparks,0009CD53,Spell Tome: Sparks,,Fandom Spells,Spell tome inventory item
Spell Tomes,SpellTomeSteadfastWard,000A2720,Spell Tome: Steadfast Ward,,Fandom Spells,Spell tome inventory item
Spell Tomes,SpellTomeStoneflesh,000A26E3,Spell Tome: Stoneflesh,,Fandom Spells,Spell tome inventory item
Spell Tomes,SpellTomeThunderbolt,000A2705,Spell Tome: Thunderbolt,,Fandom/UESP curated pass,Spell tome expansion
Spell Tomes,SpellTomeTurnLesserUndead,0009E2B0,Spell Tome: Turn Lesser Undead,,Fandom/UESP curated pass,Spell tome expansion
Spell Tomes,SpellTomeTurnUndead,000A271D,Spell Tome: Turn Undead,,Fandom/UESP curated pass,Spell tome expansion
Spell Tomes,SpellTomeWallOfFlames,000A2706,Spell Tome: Wall of Flames,,Fandom/UESP curated pass,Spell tome expansion
Spell Tomes,SpellTomeWallOfFrost,000A2707,Spell Tome: Wall of Frost,,Fandom/UESP curated pass,Spell tome expansion
Spell Tomes,SpellTomeWallOfStorms,000A2708,Spell Tome: Wall of Storms,,Fandom/UESP curated pass,Spell tome expansion
Spell Tomes,SpellTomeWaterbreathing,000A26E6,Spell Tome: Waterbreathing,,Fandom Spells,Spell tome inventory item
Enchantments,AbsorbHealth,000AA155,Absorb Health,,Skyrim.esm,Weapon enchantment
Enchantments,AbsorbMagicka,000AA156,Absorb Magicka,,Skyrim.esm,Weapon enchantment
Enchantments,AbsorbStamina,000AA157,Absorb Stamina,,Skyrim.esm,Weapon enchantment
Enchantments,Banish,000ACBB5,Banish,,Skyrim.esm,Weapon enchantment
Enchantments,Fear,0005B451,Fear,,Skyrim.esm,Weapon enchantment
Enchantments,FireDamage,0004605A,Fire Damage,,Skyrim.esm,Weapon enchantment
Enchantments,FortifyArchery,0007A0FE,Fortify Archery,,Skyrim.esm,Armor enchantment
Enchantments,FortifyCarryWeight,0007A0F4,Fortify Carry Weight,,Skyrim.esm,Armor enchantment
Enchantments,FortifyHealth,00049504,Fortify Health,,Skyrim.esm,Armor enchantment
Enchantments,FortifyMagicka,00049508,Fortify Magicka,,Skyrim.esm,Armor enchantment
Enchantments,FortifyOneHanded,0007A102,Fortify One-Handed,,Skyrim.esm,Armor enchantment
Enchantments,FortifySmithing,0007A104,Fortify Smithing,,Skyrim.esm,Armor enchantment
Enchantments,FortifySneak,0007A100,Fortify Sneak,,Skyrim.esm,Armor enchantment
Enchantments,FortifyStamina,00049507,Fortify Stamina,,Skyrim.esm,Armor enchantment
Enchantments,FortifyTwoHanded,0007A103,Fortify Two-Handed,,Skyrim.esm,Armor enchantment
Enchantments,FrostDamage,0004605B,Frost Damage,,Skyrim.esm,Weapon enchantment
Enchantments,Muffle,00092A75,Muffle,,Skyrim.esm,Armor enchantment
Enchantments,ShockDamage,0004605C,Shock Damage,,Skyrim.esm,Weapon enchantment
Enchantments,SoulTrap,0005B452,Soul Trap,,Skyrim.esm,Weapon enchantment
Enchantments,TurnUndead,0005B46B,Turn Undead,,Skyrim.esm,Weapon enchantment
Enchantments,Waterbreathing,00092A48,Waterbreathing,,Skyrim.esm,Armor enchantment
Perks,AdeptAlteration,000C44B8,Adept Alteration,,Fandom/UESP curated pass,Perk tree expansion
Perks,AdeptConjuration,000C44BC,Adept Conjuration,,Fandom/UESP curated pass,Perk tree expansion
Perks,AdeptDestruction,000C44C0,Adept Destruction,,Skyrim.esm,Perk
Perks,AdeptIllusion,000C44C4,Adept Illusion,,Fandom/UESP curated pass,Perk tree expansion
Perks,AdeptLocks,000C3680,Adept Locks,,Skyrim.esm,Perk
Perks,AdeptRestoration,000C44C8,Adept Restoration,,Skyrim.esm,Perk
Perks,AdvancedArmors,000CB414,Advanced Armors,,Skyrim.esm,Perk
Perks,AgileDefenderRank1,000BE123,Agile Defender Rank 1,,Fandom/UESP curated pass,Perk tree expansion
Perks,AgileDefenderRank2,00079376,Agile Defender Rank 2,,Fandom/UESP curated pass,Perk tree expansion
Perks,AgileDefenderRank3,00079389,Agile Defender Rank 3,,Fandom/UESP curated pass,Perk tree expansion
Perks,AgileDefenderRank4,00079391,Agile Defender Rank 4,,Fandom/UESP curated pass,Perk tree expansion
Perks,AgileDefenderRank5,00079392,Agile Defender Rank 5,,Fandom/UESP curated pass,Perk tree expansion
Perks,AlchemistRank1,000BE127,Alchemist Rank 1,,Skyrim.esm,Perk
Perks,AlchemistRank2,000C07CA,Alchemist Rank 2,,Skyrim.esm,Perk
Perks,AlchemistRank3,000C07CB,Alchemist Rank 3,,Skyrim.esm,Perk
Perks,AlchemistRank4,000C07CC,Alchemist Rank 4,,Skyrim.esm,Perk
Perks,AlchemistRank5,000C07CD,Alchemist Rank 5,,Skyrim.esm,Perk
Perks,Allure,00058F75,Allure,,Fandom/UESP curated pass,Perk tree expansion
Perks,AlterationDualCasting,000153CD,Alteration Dual Casting,,Fandom/UESP curated pass,Perk tree expansion
Perks,Animage,000581E1,Animage,,Fandom/UESP curated pass,Perk tree expansion
Perks,ApprenticeAlteration,000C44B7,Apprentice Alteration,,Fandom/UESP curated pass,Perk tree expansion
Perks,ApprenticeConjuration,000C44BB,Apprentice Conjuration,,Fandom/UESP curated pass,Perk tree expansion
Perks,ApprenticeDestruction,000C44BF,Apprentice Destruction,,Skyrim.esm,Perk
Perks,ApprenticeIllusion,000C44C3,Apprentice Illusion,,Fandom/UESP curated pass,Perk tree expansion
Perks,ApprenticeLocks,000BE125,Apprentice Locks,,Skyrim.esm,Perk
Perks,ApprenticeRestoration,000C44C7,Apprentice Restoration,,Skyrim.esm,Perk
Perks,ArcaneBlacksmith,0005218E,Arcane Blacksmith,,Skyrim.esm,Perk
Perks,ArmsmanRank1,000BABE4,Armsman Rank 1,,Skyrim.esm,Perk
Perks,ArmsmanRank2,00079343,Armsman Rank 2,,Skyrim.esm,Perk
Perks,ArmsmanRank3,00079342,Armsman Rank 3,,Skyrim.esm,Perk
Perks,ArmsmanRank4,00079344,Armsman Rank 4,,Skyrim.esm,Perk
Perks,ArmsmanRank5,00079345,Armsman Rank 5,,Skyrim.esm,Perk
Perks,AspectOfTerror,00059B78,Aspect of Terror,,Fandom/UESP curated pass,Perk tree expansion
Perks,AssassinsBlade,00058211,Assassin's Blade,,Skyrim.esm,Perk
Perks,Atromancy,000CB419,Atromancy,,Fandom/UESP curated pass,Perk tree expansion
Perks,Atronach,000581F7,Atronach,,Fandom/UESP curated pass,Perk tree expansion
Perks,AugmentedFlamesRank1,000581E7,Augmented Flames Rank 1,,Skyrim.esm,Perk
Perks,AugmentedFlamesRank2,0010FCF8,Augmented Flames Rank 2,,Skyrim.esm,Perk
Perks,AugmentedFrostRank1,000581EA,Augmented Frost Rank 1,,Skyrim.esm,Perk
Perks,AugmentedFrostRank2,0010FCF9,Augmented Frost Rank 2,,Skyrim.esm,Perk
Perks,AugmentedShockRank1,00058200,Augmented Shock Rank 1,,Skyrim.esm,Perk
Perks,AugmentedShockRank2,0010FCFA,Augmented Shock Rank 2,,Skyrim.esm,Perk
Perks,AvoidDeath,000A3F64,Avoid Death,,Skyrim.esm,Perk
Perks,Backstab,00058210,Backstab,,Skyrim.esm,Perk
Perks,BarbarianRank1,000BABE8,Barbarian Rank 1,,Skyrim.esm,Perk
Perks,BarbarianRank2,00079346,Barbarian Rank 2,,Skyrim.esm,Perk
Perks,BarbarianRank3,00079347,Barbarian Rank 3,,Skyrim.esm,Perk
Perks,BarbarianRank4,00079348,Barbarian Rank 4,,Skyrim.esm,Perk
Perks,BarbarianRank5,00079349,Barbarian Rank 5,,Skyrim.esm,Perk
Perks,Benefactor,00058216,Benefactor,,Skyrim.esm,Perk
Perks,BladesmanRank1,0005F56F,Bladesman Rank 1,,Skyrim.esm,Perk
Perks,BladesmanRank2,000C1E90,Bladesman Rank 2,,Skyrim.esm,Perk
Perks,BladesmanRank3,000C1E91,Bladesman Rank 3,,Skyrim.esm,Perk
Perks,BlockRunner,00106253,Block Runner,,Fandom/UESP curated pass,Perk tree expansion
Perks,BoneBreakerRank1,0005F592,Bone Breaker Rank 1,,Skyrim.esm,Perk
Perks,BoneBreakerRank2,000C1E92,Bone Breaker Rank 2,,Skyrim.esm,Perk
Perks,BoneBreakerRank3,000C1E93,Bone Breaker Rank 3,,Skyrim.esm,Perk
Perks,Bribery,00058F72,Bribery,,Fandom/UESP curated pass,Perk tree expansion
Perks,Bullseye,00058F64,Bullseye,,Skyrim.esm,Perk
Perks,ChampionStance,00052D51,Champion Stance,,Skyrim.esm,Perk
Perks,ConcentratedPoison,00058219,Concentrated Poison,,Skyrim.esm,Perk
Perks,Conditioning,00058F6D,Conditioning,,Fandom/UESP curated pass,Perk tree expansion
Perks,ConjurationDualCasting,000153CE,Conjuration Dual Casting,,Fandom/UESP curated pass,Perk tree expansion
Perks,CorpusEnchanter,00058F7D,Corpus Enchanter,,Skyrim.esm,Perk
Perks,CriticalCharge,000CB406,Critical Charge,,Skyrim.esm,Perk
Perks,CriticalShotRank1,00105F1C,Critical Shot Rank 1,,Skyrim.esm,Perk
Perks,CriticalShotRank2,00105F1E,Critical Shot Rank 2,,Skyrim.esm,Perk
Perks,CriticalShotRank3,00105F1F,Critical Shot Rank 3,,Skyrim.esm,Perk
Perks,Cushioned,000BCD2B,Cushioned,,Fandom/UESP curated pass,Perk tree expansion
Perks,CustomFit,00051B1B,Custom Fit,,Fandom/UESP curated pass,Perk tree expansion
Perks,Cutpurse,00058204,Cutpurse,,Fandom/UESP curated pass,Perk tree expansion
Perks,DaedricSmithing,000CB413,Daedric Smithing,,Skyrim.esm,Perk
Perks,DarkSouls,000581E3,Dark Souls,,Fandom/UESP curated pass,Perk tree expansion
Perks,DeadlyAim,001036F0,Deadly Aim,,Skyrim.esm,Perk
Perks,DeadlyBash,0005F594,Deadly Bash,,Fandom/UESP curated pass,Perk tree expansion
Perks,DeflectArrows,00058F68,Deflect Arrows,,Fandom/UESP curated pass,Perk tree expansion
Perks,DeftMovement,00051B1D,Deft Movement,,Fandom/UESP curated pass,Perk tree expansion
Perks,DestructionDualCasting,000153CF,Destruction Dual Casting,,Skyrim.esm,Perk
Perks,DevastatingBlow,00052D52,Devastating Blow,,Skyrim.esm,Perk
Perks,DisarmingBash,00058F66,Disarming Bash,,Fandom/UESP curated pass,Perk tree expansion
Perks,DragonArmor,00052190,Dragon Armor,,Skyrim.esm,Perk
Perks,DualFlurryRank1,00106256,Dual Flurry Rank 1,,Skyrim.esm,Perk
Perks,DualFlurryRank2,00106257,Dual Flurry Rank 2,,Skyrim.esm,Perk
Perks,DualSavagery,00106258,Dual Savagery,,Skyrim.esm,Perk
Perks,DwarvenSmithing,000CB40E,Dwarven Smithing,,Skyrim.esm,Perk
Perks,EagleEye,00058F61,Eagle Eye,,Skyrim.esm,Perk
Perks,EbonySmithing,000CB412,Ebony Smithing,,Skyrim.esm,Perk
Perks,ElementalPotency,000CB41A,Elemental Potency,,Fandom/UESP curated pass,Perk tree expansion
Perks,ElementalProtection,00058F69,Elemental Protection,,Fandom/UESP curated pass,Perk tree expansion
Perks,ElvenSmithing,000CB40F,Elven Smithing,,Skyrim.esm,Perk
Perks,EnchanterRank1,000BEE97,Enchanter Rank 1,,Skyrim.esm,Perk
Perks,EnchanterRank2,000C367C,Enchanter Rank 2,,Skyrim.esm,Perk
Perks,EnchanterRank3,000C367D,Enchanter Rank 3,,Skyrim.esm,Perk
Perks,EnchanterRank4,000C367E,Enchanter Rank 4,,Skyrim.esm,Perk
Perks,EnchanterRank5,000C367F,Enchanter Rank 5,,Skyrim.esm,Perk
Perks,ExperimenterRank1,00058218,Experimenter Rank 1,,Skyrim.esm,Perk
Perks,ExperimenterRank2,00105F2A,Experimenter Rank 2,,Skyrim.esm,Perk
Perks,ExperimenterRank3,00105F2B,Experimenter Rank 3,,Skyrim.esm,Perk
Perks,ExpertAlteration,000C44B9,Expert Alteration,,Fandom/UESP curated pass,Perk tree expansion
Perks,ExpertConjuration,000C44BD,Expert Conjuration,,Fandom/UESP curated pass,Perk tree expansion
Perks,ExpertDestruction,000C44C1,Expert Destruction,,Skyrim.esm,Perk
Perks,ExpertIllusion,000C44C5,Expert Illusion,,Fandom/UESP curated pass,Perk tree expansion
Perks,ExpertLocks,000C3681,Expert Locks,,Skyrim.esm,Perk
Perks,ExpertRestoration,000C44C9,Expert Restoration,,Skyrim.esm,Perk
Perks,ExtraEffect,00058F7F,Extra Effect,,Skyrim.esm,Perk
Perks,ExtraPockets,00096590,Extra Pockets,,Fandom/UESP curated pass,Perk tree expansion
Perks,Fence,00058F79,Fence,,Fandom/UESP curated pass,Perk tree expansion
Perks,FightingStance,00052D50,Fighting Stance,,Skyrim.esm,Perk
Perks,FireEnchanter,00058F80,Fire Enchanter,,Skyrim.esm,Perk
Perks,FistsOfSteel,00058F6E,Fists of Steel,,Fandom/UESP curated pass,Perk tree expansion
Perks,FrostEnchanter,00058F81,Frost Enchanter,,Skyrim.esm,Perk
Perks,GlassSmithing,000CB411,Glass Smithing,,Skyrim.esm,Perk
Perks,GoldenTouch,0005820A,Golden Touch,,Skyrim.esm,Perk
Perks,GreatCriticalCharge,000CB407,Great Critical Charge,,Skyrim.esm,Perk
Perks,GreenThumb,0005821A,Green Thumb,,Skyrim.esm,Perk
Perks,HackandSlashRank1,0003FFFA,Hack and Slash Rank 1,,Skyrim.esm,Perk
Perks,HackandSlashRank2,000C3678,Hack and Slash Rank 2,,Skyrim.esm,Perk
Perks,HackandSlashRank3,000C3679,Hack and Slash Rank 3,,Skyrim.esm,Perk
Perks,HagglingRank1,000BE128,Haggling Rank 1,,Fandom/UESP curated pass,Perk tree expansion
Perks,HagglingRank2,000C07CE,Haggling Rank 2,,Fandom/UESP curated pass,Perk tree expansion
Perks,HagglingRank3,000C07CF,Haggling Rank 3,,Fandom/UESP curated pass,Perk tree expansion
Perks,HagglingRank4,000C07D0,Haggling Rank 4,,Fandom/UESP curated pass,Perk tree expansion
Perks,HagglingRank5,000C07D1,Haggling Rank 5,,Fandom/UESP curated pass,Perk tree expansion
Perks,HuntersDiscipline,00051B12,Hunter's Discipline,,Skyrim.esm,Perk
Perks,HypnoticGaze,00059B77,Hypnotic Gaze,,Fandom/UESP curated pass,Perk tree expansion
Perks,IllusionDualCasting,000153D0,Illusion Dual Casting,,Fandom/UESP curated pass,Perk tree expansion
Perks,Impact,000153D2,Impact,,Skyrim.esm,Perk
Perks,InsightfulEnchanter,00058F7E,Insightful Enchanter,,Skyrim.esm,Perk
Perks,Intimidation,00105F29,Intimidation,,Fandom/UESP curated pass,Perk tree expansion
Perks,Investor,00058F7B,Investor,,Fandom/UESP curated pass,Perk tree expansion
Perks,JuggernautRank1,000BCD2A,Juggernaut Rank 1,,Fandom/UESP curated pass,Perk tree expansion
Perks,JuggernautRank2,0007935E,Juggernaut Rank 2,,Fandom/UESP curated pass,Perk tree expansion
Perks,JuggernautRank3,00079361,Juggernaut Rank 3,,Fandom/UESP curated pass,Perk tree expansion
Perks,JuggernautRank4,00079362,Juggernaut Rank 4,,Fandom/UESP curated pass,Perk tree expansion
Perks,JuggernautRank5,00079374,Juggernaut Rank 5,,Fandom/UESP curated pass,Perk tree expansion
Perks,Keymaster,000D79A0,Keymaster,,Fandom/UESP curated pass,Perk tree expansion
Perks,KindredMage,000581E0,Kindred Mage,,Fandom/UESP curated pass,Perk tree expansion
Perks,LightFingersRank1,000BE124,Light Fingers Rank 1,,Fandom/UESP curated pass,Perk tree expansion
Perks,LightFingersRank2,00018E6A,Light Fingers Rank 2,,Fandom/UESP curated pass,Perk tree expansion
Perks,LightFingersRank3,00018E6B,Light Fingers Rank 3,,Fandom/UESP curated pass,Perk tree expansion
Perks,LightFingersRank4,00018E6C,Light Fingers Rank 4,,Fandom/UESP curated pass,Perk tree expansion
Perks,LightFingersRank5,00018E6D,Light Fingers Rank 5,,Fandom/UESP curated pass,Perk tree expansion
Perks,LightFoot,0005820C,Light Foot,,Skyrim.esm,Perk
Perks,Locksmith,00058208,Locksmith,,Skyrim.esm,Perk
Perks,MageArmorRank1,000D7999,Mage Armor Rank 1,,Fandom/UESP curated pass,Perk tree expansion
Perks,MageArmorRank2,000D799A,Mage Armor Rank 2,,Fandom/UESP curated pass,Perk tree expansion
Perks,MageArmorRank3,000D799B,Mage Armor Rank 3,,Fandom/UESP curated pass,Perk tree expansion
Perks,MagicResistanceRank1,00053128,Magic Resistance Rank 1,,Fandom/UESP curated pass,Perk tree expansion
Perks,MagicResistanceRank2,00053129,Magic Resistance Rank 2,,Fandom/UESP curated pass,Perk tree expansion
Perks,MagicResistanceRank3,0005312A,Magic Resistance Rank 3,,Fandom/UESP curated pass,Perk tree expansion
Perks,MasterAlteration,000C44BA,Master Alteration,,Fandom/UESP curated pass,Perk tree expansion
Perks,MasterConjuration,000C44BE,Master Conjuration,,Fandom/UESP curated pass,Perk tree expansion
Perks,MasterDestruction,000C44C2,Master Destruction,,Skyrim.esm,Perk
Perks,MasterIllusion,000C44C6,Master Illusion,,Fandom/UESP curated pass,Perk tree expansion
Perks,MasterLocks,000C3682,Master Locks,,Skyrim.esm,Perk
Perks,MasterOfTheMind,00059B76,Master of the Mind,,Fandom/UESP curated pass,Perk tree expansion
Perks,MasterRestoration,000C44CA,Master Restoration,,Skyrim.esm,Perk
Perks,MasterTrader,001090A5,Master Trader,,Fandom/UESP curated pass,Perk tree expansion
Perks,MatchingSetHeavy,00107832,Matching Set Heavy,,Fandom/UESP curated pass,Perk tree expansion
Perks,MatchingSetLight,00051B17,Matching Set Light,,Fandom/UESP curated pass,Perk tree expansion
Perks,Merchant,00058F7A,Merchant,,Fandom/UESP curated pass,Perk tree expansion
Perks,Misdirection,00058201,Misdirection,,Fandom/UESP curated pass,Perk tree expansion
Perks,MuffledMovement,00058213,Muffled Movement,,Skyrim.esm,Perk
Perks,MysticBinding,000640B3,Mystic Binding,,Fandom/UESP curated pass,Perk tree expansion
Perks,Necromage,000581E4,Necromage,,Skyrim.esm,Perk
Perks,Necromancy,000581E2,Necromancy,,Fandom/UESP curated pass,Perk tree expansion
Perks,NightThief,00058202,Night Thief,,Fandom/UESP curated pass,Perk tree expansion
Perks,NoviceAlteration,000F2CA6,Novice Alteration,,Fandom/UESP curated pass,Perk tree expansion
Perks,NoviceConjuration,000F2CA7,Novice Conjuration,,Fandom/UESP curated pass,Perk tree expansion
Perks,NoviceDestruction,000F2CA8,Novice Destruction,,Skyrim.esm,Perk
Perks,NoviceIllusion,000F2CA9,Novice Illusion,,Fandom/UESP curated pass,Perk tree expansion
Perks,NoviceLocks,000F392A,Novice Locks,,Skyrim.esm,Perk
Perks,NoviceRestoration,000F2CAA,Novice Restoration,,Skyrim.esm,Perk
Perks,OblivionBinding,000D799C,Oblivion Binding,,Fandom/UESP curated pass,Perk tree expansion
Perks,OrcishSmithing,000CB410,Orcish Smithing,,Skyrim.esm,Perk
Perks,OverdrawRank1,000BABED,Overdraw Rank 1,,Skyrim.esm,Perk
Perks,OverdrawRank2,0007934A,Overdraw Rank 2,,Skyrim.esm,Perk
Perks,OverdrawRank3,0007934B,Overdraw Rank 3,,Skyrim.esm,Perk
Perks,OverdrawRank4,0007934D,Overdraw Rank 4,,Skyrim.esm,Perk
Perks,OverdrawRank5,00079354,Overdraw Rank 5,,Skyrim.esm,Perk
Perks,ParalyzingStrike,0003AFA6,Paralyzing Strike,,Skyrim.esm,Perk
Perks,PerfectTouch,00058205,Perfect Touch,,Fandom/UESP curated pass,Perk tree expansion
Perks,Persuasion,001090A2,Persuasion,,Fandom/UESP curated pass,Perk tree expansion
Perks,Physician,00058215,Physician,,Skyrim.esm,Perk
Perks,Poisoned,00105F28,Poisoned,,Fandom/UESP curated pass,Perk tree expansion
Perks,Poisoner,00058217,Poisoner,,Skyrim.esm,Perk
Perks,PowerBash,00058F67,Power Bash,,Fandom/UESP curated pass,Perk tree expansion
Perks,PowerShot,00058F62,Power Shot,,Skyrim.esm,Perk
Perks,Purity,0005821D,Purity,,Skyrim.esm,Perk
Perks,QuickHands,00106259,Quick Hands,,Skyrim.esm,Perk
Perks,QuickReflexes,000D8C33,Quick Reflexes,,Fandom/UESP curated pass,Perk tree expansion
Perks,QuickShot,00105F19,Quick Shot,,Skyrim.esm,Perk
Perks,QuietCasting,000581FD,Quiet Casting,,Fandom/UESP curated pass,Perk tree expansion
Perks,Rage,000C44B5,Rage,,Fandom/UESP curated pass,Perk tree expansion
Perks,Ranger,00058F63,Ranger,,Skyrim.esm,Perk
Perks,RecoveryRank1,000581F4,Recovery Rank 1,,Skyrim.esm,Perk
Perks,RecoveryRank2,000581F5,Recovery Rank 2,,Skyrim.esm,Perk
Perks,ReflectBlows,00105F33,Reflect Blows,,Fandom/UESP curated pass,Perk tree expansion
Perks,Regeneration,000581F8,Regeneration,,Skyrim.esm,Perk
Perks,Respite,000581F9,Respite,,Skyrim.esm,Perk
Perks,RestorationDualCasting,000153D1,Restoration Dual Casting,,Skyrim.esm,Perk
Perks,SavageStrike,0003AF81,Savage Strike,,Skyrim.esm,Perk
Perks,ShadowWarrior,00058214,Shadow Warrior,,Skyrim.esm,Perk
Perks,ShieldCharge,00058F6A,Shield Charge,,Fandom/UESP curated pass,Perk tree expansion
Perks,ShieldWallRank1,000BCCAE,Shield Wall Rank 1,,Fandom/UESP curated pass,Perk tree expansion
Perks,ShieldWallRank2,00079355,Shield Wall Rank 2,,Fandom/UESP curated pass,Perk tree expansion
Perks,ShieldWallRank3,00079356,Shield Wall Rank 3,,Fandom/UESP curated pass,Perk tree expansion
Perks,ShieldWallRank4,00079357,Shield Wall Rank 4,,Fandom/UESP curated pass,Perk tree expansion
Perks,ShieldWallRank5,00079358,Shield Wall Rank 5,,Fandom/UESP curated pass,Perk tree expansion
Perks,Silence,00105F23,Silence,,Skyrim.esm,Perk
Perks,Snakeblood,0005821B,Snakeblood,,Skyrim.esm,Perk
Perks,SoulStealer,000D799E,Soul Stealer,,Fandom/UESP curated pass,Perk tree expansion
Perks,Stability,000581FC,Stability,,Fandom/UESP curated pass,Perk tree expansion
Perks,SteadyHandRank1,00103ADA,Steady Hand Rank 1,,Skyrim.esm,Perk
Perks,SteadyHandRank2,00103ADB,Steady Hand Rank 2,,Skyrim.esm,Perk
Perks,StealthRank1,000BE126,Stealth Rank 1,,Skyrim.esm,Perk
Perks,StealthRank2,000C07C6,Stealth Rank 2,,Skyrim.esm,Perk
Perks,StealthRank3,000C07C7,Stealth Rank 3,,Skyrim.esm,Perk
Perks,StealthRank4,000C07C8,Stealth Rank 4,,Skyrim.esm,Perk
Perks,StealthRank5,000C07C9,Stealth Rank 5,,Skyrim.esm,Perk
Perks,SteelSmithing,000CB40D,Steel Smithing,,Skyrim.esm,Perk
Perks,StormEnchanter,00058F82,Storm Enchanter,,Skyrim.esm,Perk
Perks,SummonerRank1,000581DD,Summoner Rank 1,,Fandom/UESP curated pass,Perk tree expansion
Perks,SummonerRank2,000581DE,Summoner Rank 2,,Fandom/UESP curated pass,Perk tree expansion
Perks,Sweep,0003AF9E,Sweep,,Skyrim.esm,Perk
Perks,TowerOfStrength,00058F6C,Tower of Strength,,Fandom/UESP curated pass,Perk tree expansion
Perks,TreasureHunter,00105F26,Treasure Hunter,,Skyrim.esm,Perk
Perks,TwinSouls,000D5F1C,Twin Souls,,Fandom/UESP curated pass,Perk tree expansion
Perks,Unbreakable,00058209,Unbreakable,,Skyrim.esm,Perk
Perks,Unhindered,00051B1C,Unhindered,,Fandom/UESP curated pass,Perk tree expansion
Perks,WardAbsorb,00068BCC,Ward Absorb,,Skyrim.esm,Perk
Perks,Warmaster,0003AFA7,Warmaster,,Skyrim.esm,Perk
Perks,WaxKey,00107830,Wax Key,,Skyrim.esm,Perk
Perks,WellFitted,00058F6F,Well Fitted,,Fandom/UESP curated pass,Perk tree expansion
Perks,WindWalker,00105F22,Wind Walker,,Fandom/UESP curated pass,Perk tree expansion
Shouts,AHHunter,00046B8A,AH - Hunter,,Skyrim.esm,Call Dragon
Shouts,AUSSuffer,00060299,AUS - Suffer,,Skyrim.esm,Marked for Death
Shouts,BAHWrath,0006029B,BAH - Wrath,,Skyrim.esm,Storm Call
Shouts,DAHPush,00013E24,DAH - Push,,Skyrim.esm,Unrelenting Force
Shouts,DIINFreeze,000602A2,DIIN - Freeze,,Skyrim.esm,Frost Breath
Shouts,DUNGrace,0003291C,DUN - Grace,,Skyrim.esm,Elemental Fury
Shouts,DURCurse,XX0200E4,DUR - Curse,,Dragonborn.esm,Bend Will
Shouts,FAASFear,0003291D,FAAS - Fear,,Skyrim.esm,Dismay
Shouts,FOFrost,000602A0,FO - Frost,,Skyrim.esm,Frost Breath
Shouts,FRULTemporary,00044253,FRUL - Temporary,,Skyrim.esm,Dragonrend
Shouts,FUSForce,00013E22,FUS - Force,,Skyrim.esm,Unrelenting Force
Shouts,GRAHBattle,0003291B,GRAH - Battle,,Skyrim.esm,Elemental Fury
Shouts,GUTFar,00032919,GUT - Far,,Skyrim.esm,Throw Voice
Shouts,HAALHand,0005FB96,HAAL - Hand,,Skyrim.esm,Disarm
Shouts,IIZIce,000602A3,IIZ - Ice,,Skyrim.esm,Ice Form
Shouts,JOORMortal,00044251,JOOR - Mortal,,Skyrim.esm,Dragonrend
Shouts,KESTTempest,0002F7BD,KEST - Tempest,,Skyrim.esm,Whirlwind Sprint
Shouts,KLOSand,00048ACB,KLO - Sand,,Skyrim.esm,Slow Time
Shouts,KRAHCold,000602A1,KRAH - Cold,,Skyrim.esm,Frost Breath
Shouts,KRIKill,00060297,KRI - Kill,,Skyrim.esm,Marked for Death
Shouts,LAASLife,00060294,LAAS - Life,,Skyrim.esm,Aura Whisper
Shouts,LUNLeech,00060298,LUN - Leech,,Skyrim.esm,Marked for Death
Shouts,MAARTerror,0003291F,MAAR - Terror,,Skyrim.esm,Dismay
Shouts,MEYFool,00032918,MEY - Fool,,Skyrim.esm,Throw Voice
Shouts,MIRAllegiance,00060292,MIR - Allegiance,,Skyrim.esm,Animal Allegiance
Shouts,NAHFury,0002F7BC,NAH - Fury,,Skyrim.esm,Whirlwind Sprint
Shouts,NEHNever,XX0200E5,NEH - Never,,Dragonborn.esm,Bend Will
Shouts,NIRHunt,00060296,NIR - Hunt,,Skyrim.esm,Aura Whisper
Shouts,NUSStatue,000602A5,NUS - Statue,,Skyrim.esm,Ice Form
Shouts,ODSnow,00046B89,OD - Snow,,Skyrim.esm,Call Dragon
Shouts,QOLightning,0006029C,QO - Lightning,,Skyrim.esm,Storm Call
Shouts,RAANAnimal,00060291,RAAN - Animal,,Skyrim.esm,Animal Allegiance
Shouts,RIIEssence,XX007CB7,RII - Essence,,Dawnguard.esm,Soul Tear
Shouts,ROBalance,00013E23,RO - Balance,,Skyrim.esm,Unrelenting Force
Shouts,RURun,0003291E,RU - Run,,Skyrim.esm,Dismay
Shouts,SHULSun,00020E19,SHUL - Sun,,Skyrim.esm,Fire Breath
Shouts,SLENFlesh,000602A4,SLEN - Flesh,,Skyrim.esm,Ice Form
Shouts,STRUNStorm,0006029A,STRUN - Storm,,Skyrim.esm,Storm Call
Shouts,SUAir,0003291A,SU - Air,,Skyrim.esm,Elemental Fury
Shouts,TAHPack,00060293,TAH - Pack,,Skyrim.esm,Animal Allegiance
Shouts,TIIDTime,00048ACA,TIID - Time,,Skyrim.esm,Slow Time
Shouts,TOORInferno,00020E18,TOOR - Inferno,,Skyrim.esm,Fire Breath
Shouts,ULEternity,00048ACC,UL - Eternity,,Skyrim.esm,Slow Time
Shouts,VAAZTear,XX007CB8,VAAZ - Tear,,Dawnguard.esm,Soul Tear
Shouts,VIIKDefeat,0005FB97,VIIK - Defeat,,Skyrim.esm,Disarm
Shouts,VIINGWing,00046B8B,VIING - Wing,,Skyrim.esm,Call Dragon
Shouts,VIIRDying,XX0200E6,VIIR - Dying,,Dragonborn.esm,Bend Will
Shouts,WULDWhirlwind,0002F7BB,WULD - Whirlwind,,Skyrim.esm,Whirlwind Sprint
Shouts,YAHSeek,00060295,YAH - Seek,,Skyrim.esm,Aura Whisper
Shouts,YOLFire,00020E17,YOL - Fire,,Skyrim.esm,Fire Breath
Shouts,ZAHFinite,00044252,ZAH - Finite,,Skyrim.esm,Dragonrend
Shouts,ZOLZombie,XX007CB9,ZOL - Zombie,,Dawnguard.esm,Soul Tear
Shouts,ZULVoice,00032917,ZUL - Voice,,Skyrim.esm,Throw Voice
Shouts,ZUNWeapon,0005FB95,ZUN - Weapon,,Skyrim.esm,Disarm
Characters,Hadvar,0002BF9D,Hadvar,,Skyrim.esm,NPC
Characters,Player,00000014,Player,,Skyrim.esm,Reference ID for player
Characters,PlayerBase,00000007,PlayerBase,,Skyrim.esm,Base ID for player
Characters,Ralof,0002BF9E,Ralof,,Skyrim.esm,NPC
Factions,CollegeOfWinterhold,0001F259,College of Winterhold,,Fandom/UESP curated pass,Common faction seed
Factions,CollegeOfWinterholdFaction,0001F259,CollegeOfWinterholdFaction,,Skyrim.esm,Faction
Factions,Companions,00048362,Companions,,Fandom/UESP curated pass,Common faction seed
Factions,CompanionsFaction,00048362,CompanionsFaction,,Skyrim.esm,Faction
Factions,CrimeFactionEastmarch,000267E3,CrimeFactionEastmarch,,Skyrim.esm,Crime faction
Factions,CrimeFactionFalkreath,0002816D,CrimeFactionFalkreath,,Skyrim.esm,Crime faction
Factions,CrimeFactionHaafingar,00029DB0,CrimeFactionHaafingar,,Skyrim.esm,Crime faction
Factions,CrimeFactionHjaalmarch,0002816C,CrimeFactionHjaalmarch,,Skyrim.esm,Crime faction
Factions,CrimeFactionPale,0002816B,CrimeFactionPale,,Skyrim.esm,Crime faction
Factions,Crimefactionreach,0002816C,CrimeFactionReach,,Fandom/UESP curated pass,Common faction seed
Factions,CrimeFactionReach,0002816E,CrimeFactionReach,,Skyrim.esm,Crime faction
Factions,CrimeFactionRift,00028170,CrimeFactionRift,,Skyrim.esm,Crime faction
Factions,CrimeFactionWhiterun,000267EA,CrimeFactionWhiterun,,Skyrim.esm,Crime faction
Factions,CrimeFactionWinterhold,0002816F,CrimeFactionWinterhold,,Skyrim.esm,Crime faction
Factions,Currentfollowerfaction,0005C84E,CurrentFollowerFaction,,Fandom/UESP curated pass,Common faction seed
Factions,DarkBrotherhood,0001BDB3,Dark Brotherhood,,Fandom/UESP curated pass,Common faction seed
Factions,DarkBrotherhoodFaction,0002F3A4,DarkBrotherhoodFaction,,Skyrim.esm,Faction
Factions,DawnguardFaction,XX003376,DawnguardFaction,,Dawnguard.esm,Dawnguard; XX load-order placeholder
Factions,ImperialLegion,0002BF9B,Imperial Legion,,Fandom/UESP curated pass,Common faction seed
Factions,Marriagefaction,00019809,MarriageFaction,,Fandom/UESP curated pass,Common faction seed
Factions,PlayerFaction,00000DB1,PlayerFaction,,Skyrim.esm,Faction
Factions,Playerfaction,0001C21C,PlayerFaction,,Fandom/UESP curated pass,Common faction seed
Factions,Potentialfollowerfaction,0005C84D,PotentialFollowerFaction,,Fandom/UESP curated pass,Common faction seed
Factions,Stormcloaks,0002BF9A,Stormcloaks,,Fandom/UESP curated pass,Common faction seed
Factions,ThievesGuild,00029DA9,Thieves Guild,,Fandom/UESP curated pass,Common faction seed
Factions,ThievesGuildFaction,00029DA9,ThievesGuildFaction,,Skyrim.esm,Faction
Followers,AelatheHuntress,0001A696,Aela the Huntress,,Skyrim.esm,Follower base ID
Followers,Cicero,000550F0,Cicero,,Fandom/UESP curated pass,Common follower seed
Followers,Cicero,0009BCB0,Cicero,,Skyrim.esm,Follower base ID
Followers,Faendal,00013480,Faendal,,Skyrim.esm,Follower base ID
Followers,Farkas,0001A692,Farkas,,Skyrim.esm,Follower base ID
Followers,Farkas,0001A693,Farkas,,Fandom/UESP curated pass,Common follower seed
Followers,Jenassa,000B9982,Jenassa,,Skyrim.esm,Follower base ID
Followers,Lydia,000A2C8E,Lydia,,Skyrim.esm,Follower base ID
Followers,Marcurio,000B9980,Marcurio,,Skyrim.esm,Follower base ID
Followers,MjolltheLioness,0001336B,Mjoll the Lioness,,Skyrim.esm,Follower base ID
Followers,MjollTheLioness,00019DF7,Mjoll the Lioness,,Fandom/UESP curated pass,Common follower seed
Followers,Serana,XX002B74,Serana,,Dawnguard.esm,Dawnguard follower; XX load-order placeholder
Followers,Sven,00013491,Sven,,Skyrim.esm,Follower base ID
Followers,TeldrynSero,XX038565,Teldryn Sero,,Dragonborn.esm,Dragonborn follower; XX load-order placeholder
Followers,UthgerdtheUnbroken,00091918,Uthgerd the Unbroken,,Skyrim.esm,Follower base ID
Followers,Vilkas,0001A693,Vilkas,,Skyrim.esm,Follower base ID
Locations,Dawnstar,00018A50,Dawnstar,,Fandom/UESP curated pass,Common location/world cell seed
Locations,Falkreath,00018A52,Falkreath,,Fandom/UESP curated pass,Common location/world cell seed
Locations,Helgen,00018A4A,Helgen,,Fandom/UESP curated pass,Common location/world cell seed
Locations,HighHrothgar,00018A4B,High Hrothgar,,Fandom/UESP curated pass,Common location/world cell seed
Locations,Markarth,00018A59,Markarth,,Fandom/UESP curated pass,Common location/world cell seed
Locations,Morthal,00018A53,Morthal,,Fandom/UESP curated pass,Common location/world cell seed
Locations,Riften,00018A58,Riften,,Fandom/UESP curated pass,Common location/world cell seed
Locations,Riverwood,000133C8,Riverwood,,Fandom/UESP curated pass,Common location/world cell seed
Locations,Solitude,00018A49,Solitude,,Fandom/UESP curated pass,Common location/world cell seed
Locations,Sovngarde,000E8274,Sovngarde,,Fandom/UESP curated pass,Common location/world cell seed
Locations,Whiterun,00018A56,Whiterun,,Fandom/UESP curated pass,Common location/world cell seed
Locations,Windhelm,00018A57,Windhelm,,Fandom/UESP curated pass,Common location/world cell seed
Locations,Winterhold,00018A51,Winterhold,,Fandom/UESP curated pass,Common location/world cell seed
Weather,ApocryphaWeather,XX01A3EA,Apocrypha Weather,,Dragonborn.esm,Dragonborn weather; XX load-order placeholder
Weather,ClearSkies,00048AC9,Clear Skies,,Fandom/UESP curated pass,Weather seed
Weather,ClearWeather,0000081A,Clear Weather,,Skyrim.esm,Weather
Weather,SkyrimClear,00012F89,Skyrim Clear,,Fandom/UESP curated pass,Weather seed
Weather,SkyrimClear,0010E1F2,Skyrim Clear,,Skyrim.esm,Weather
Weather,SkyrimCloudy,00012F8A,Skyrim Cloudy,,Fandom/UESP curated pass,Weather seed
Weather,SkyrimFog,00012F8B,Skyrim Fog,,Fandom/UESP curated pass,Weather seed
Weather,SkyrimFog,000C821F,Skyrim Fog,,Skyrim.esm,Weather
Weather,SkyrimOvercast,00012F8C,Skyrim Overcast,,Fandom/UESP curated pass,Weather seed
Weather,SkyrimOvercastRain,000C821E,Skyrim Overcast Rain,,Skyrim.esm,Weather
Weather,SkyrimRain,00012F8D,Skyrim Rain,,Fandom/UESP curated pass,Weather seed
Weather,SkyrimSnow,00012F8E,Skyrim Snow,,Fandom/UESP curated pass,Weather seed
Weather,SkyrimStorm,00012F8F,Skyrim Storm,,Fandom/UESP curated pass,Weather seed
Weather,SkyrimStormRain,000C8220,Skyrim Storm Rain,,Skyrim.esm,Weather
Weather,SkyrimThunderstorm,000C8220,Skyrim Thunderstorm,,Fandom/UESP curated pass,Weather seed
Weather,SovngardeClear,000E8275,Sovngarde Clear,,Fandom/UESP curated pass,Weather seed
Weather,SovngardeClear,0010E1F1,Sovngarde Clear,,Skyrim.esm,Weather
Alchemy,BlacksmithSDraught,0003995D,Blacksmith's Draught,,Fandom Alchemy,Fortify Smithing
Alchemy,BlacksmithSElixir,00039967,Blacksmith's Elixir,,Fandom Alchemy,Fortify Smithing
Alchemy,BlacksmithSPhilter,00039962,Blacksmith's Philter,,Fandom Alchemy,Fortify Smithing
Alchemy,BlacksmithPotion,0003EB2E,Blacksmith's Potion,,Fandom Alchemy,Fortify Smithing
Alchemy,ConjurerSDraught,000398AD,Conjurer's Draught,,Fandom Alchemy,Fortify Conjuration
Alchemy,ConjurerSElixir,000398ED,Conjurer's Elixir,,Fandom Alchemy,Fortify Conjuration
Alchemy,ConjurerSPhilter,000398EC,Conjurer's Philter,,Fandom Alchemy,Fortify Conjuration
Alchemy,ConjurerSPotion,0003EB37,Conjurer's Potion,,Fandom Alchemy,Fortify Conjuration
Alchemy,DraughtOfAlteration,0003988E,Draught of Alteration,,Fandom Alchemy,Fortify Alteration
Alchemy,DraughtOfConflict,000F84B6,Draught of Conflict,,Fandom linked page seed,Exact row seed from linked Alchemy/Potions page
Alchemy,DraughtOfDestruction,000398EE,Draught of Destruction,,Fandom Alchemy,Fortify Destruction
Alchemy,DraughtOfEnhancedStamina,0003EB00,Draught of Enhanced Stamina,,Fandom Alchemy,Fortify Stamina
Alchemy,DraughtOfEscape,000F84AF,Draught of Escape,,Fandom linked page seed,Exact row seed from linked Alchemy/Potions page
Alchemy,DraughtOfExtraMagicka,0003EAFA,Draught of Extra Magicka,,Fandom Alchemy,Fortify Magicka
Alchemy,DraughtOfGlibness,000D6949,Draught of Glibness,,Fandom Alchemy,Fortify Speech
Alchemy,DraughtOfHaggling,00039970,Draught of Haggling,,Fandom Alchemy,Fortify Barter
Alchemy,DraughtOfHealth,0003EAF4,Draught of Health,,Fandom Alchemy,Fortify Health
Alchemy,DraughtOfIllusion,0003994F,Draught of Illusion,,Fandom Alchemy,Fortify Illusion
Alchemy,DraughtOfKeenshot,000F84BC,Draught of Keenshot,,Fandom linked page seed,Exact row seed from linked Alchemy/Potions page
Alchemy,DraughtOfLarceny,000F84A8,Draught of Larceny,,Fandom linked page seed,Exact row seed from linked Alchemy/Potions page
Alchemy,DraughtOfLastingPotency,0003EB0E,Draught of Lasting Potency,,Fandom Alchemy,Regenerate Magicka
Alchemy,DraughtOfLightFeet,00039968,Draught of Light Feet,,Fandom Alchemy,Fortify Sneak
Alchemy,DraughtOfLockpicking,00039945,Draught of Lockpicking,,Fandom Alchemy,Fortify Lockpicking
Alchemy,DraughtOfPickpocketing,00039957,Draught of Pickpocketing,,Fandom Alchemy,Fortify Pickpocket
Alchemy,DraughtOfPlunder,000F84C2,Draught of Plunder,,Fandom linked page seed,Exact row seed from linked Alchemy/Potions page
Alchemy,DraughtOfRegeneration,0003EB0A,Draught of Regeneration,,Fandom Alchemy,Regenerate Health
Alchemy,DraughtOfResistCold,0003EAED,Draught of Resist Cold,,Fandom Alchemy,Resist Frost
Alchemy,DraughtOfResistFire,0003EAE9,Draught of Resist Fire,,Fandom Alchemy,Resist Fire
Alchemy,DraughtOfResistMagic,00039E53,Draught of Resist Magic,,Fandom Alchemy,Resist Magic
Alchemy,DraughtOfResistShock,0003EAEE,Draught of Resist Shock,,Fandom Alchemy,Resist Shock
Alchemy,DraughtOfStrength,0003EB05,Draught of Strength,,Fandom Alchemy,Fortify Carry Weight
Alchemy,DraughtOfTheBerserker,00039974,Draught of the Berserker,,Fandom Alchemy,Fortify Two-Handed
Alchemy,DraughtOfTheDefender,0003989B,Draught of the Defender,,Fandom Alchemy,Fortify Blocking
Alchemy,DraughtOfTheHealer,0003995A,Draught of the Healer,,Fandom Alchemy,Fortify Restoration
Alchemy,DraughtOfTheKnight,000398F4,Draught of the Knight,,Fandom Alchemy,Fortify Heavy Armor
Alchemy,DraughtOfTheWarrior,00039954,Draught of the Warrior,,Fandom Alchemy,Fortify One-Handed
Alchemy,DraughtOfTrueShot,00039949,Draught of True Shot,,Fandom Alchemy,Fortify Marksman
Alchemy,DraughtOfVigor,0003EB12,Draught of Vigor,,Fandom Alchemy,Regenerate Stamina
Alchemy,DraughtOfWaterbreathing,0003AC2F,Draught of Waterbreathing,,Fandom Alchemy,Waterbreathing
Alchemy,ElixirOfAlteration,0003989A,Elixir of Alteration,,Fandom Alchemy,Fortify Alteration
Alchemy,ElixirOfConflict,000F84B8,Elixir of Conflict,,Fandom linked page seed,Exact row seed from linked Alchemy/Potions page
Alchemy,ElixirOfDestruction,000398F3,Elixir of Destruction,,Fandom Alchemy,Fortify Destruction
Alchemy,ElixirOfEnhancedStamina,000FFA01,Elixir of Enhanced Stamina,,Fandom Alchemy,Fortify Stamina
Alchemy,ElixirOfEscape,000F84B1,Elixir of Escape,,Fandom linked page seed,Exact row seed from linked Alchemy/Potions page
Alchemy,ElixirOfExtraMagicka,000FF9FD,Elixir of Extra Magicka,,Fandom Alchemy,Fortify Magicka
Alchemy,ElixirOfGlibness,000D6980,Elixir of Glibness,,Fandom Alchemy,Fortify Speech
Alchemy,ElixirOfHaggling,00039973,Elixir of Haggling,,Fandom Alchemy,Fortify Barter
Alchemy,ElixirOfHealth,000FF9FC,Elixir of Health,,Fandom Alchemy,Fortify Health
Alchemy,ElixirOfIllusion,00039951,Elixir of Illusion,,Fandom Alchemy,Fortify Illusion
Alchemy,ElixirOfKeenshot,000F84BE,Elixir of Keenshot,,Fandom linked page seed,Exact row seed from linked Alchemy/Potions page
Alchemy,ElixirOfLarceny,000F84AA,Elixir of Larceny,,Fandom linked page seed,Exact row seed from linked Alchemy/Potions page
Alchemy,ElixirOfLastingPotency,000FFA00,Elixir of Lasting Potency,,Fandom Alchemy,Regenerate Magicka
Alchemy,ElixirOfLightFeet,0003996F,Elixir of Light Feet,,Fandom Alchemy,Fortify Sneak
Alchemy,ElixirOfLockpicking,00039948,Elixir of Lockpicking,,Fandom Alchemy,Fortify Lockpicking
Alchemy,ElixirOfPickpocketing,00039958,Elixir of Pickpocketing,,Fandom Alchemy,Fortify Pickpocket
Alchemy,ElixirOfPlunder,000F84C4,Elixir of Plunder,,Fandom linked page seed,Exact row seed from linked Alchemy/Potions page
Alchemy,ElixirOfRegeneration,000FF9FF,Elixir of Regeneration,,Fandom Alchemy,Regenerate Health
Alchemy,ElixirOfResistCold,0003EAF0,Elixir of Resist Cold,,Fandom Alchemy,Resist Frost
Alchemy,ElixirOfResistFire,0003EAEF,Elixir of Resist Fire,,Fandom Alchemy,Resist Fire
Alchemy,ElixirOfResistMagic,00039E55,Elixir of Resist Magic,,Fandom Alchemy,Resist Magic
Alchemy,ElixirOfResistShock,0003EAF1,Elixir of Resist Shock,,Fandom Alchemy,Resist Shock
Alchemy,ElixirOfStrength,000FF9FE,Elixir of Strength,,Fandom Alchemy,Fortify Carry Weight
Alchemy,ElixirOfTheBerserker,00039AA6,Elixir of the Berserker,,Fandom Alchemy,Fortify Two-Handed
Alchemy,ElixirOfTheDefender,000398AC,Elixir of the Defender,,Fandom Alchemy,Fortify Blocking
Alchemy,ElixirOfTheHealer,0003995C,Elixir of the Healer,,Fandom Alchemy,Fortify Restoration
Alchemy,ElixirOfTheKnight,000398F6,Elixir of the Knight,,Fandom Alchemy,Fortify Heavy Armor
Alchemy,ElixirOfTheWarrior,00039956,Elixir of the Warrior,,Fandom Alchemy,Fortify One-Handed
Alchemy,ElixirOfTrueShot,0003994E,Elixir of True Shot,,Fandom Alchemy,Fortify Marksman
Alchemy,ElixirOfVigor,000FFA02,Elixir of Vigor,,Fandom Alchemy,Regenerate Stamina
Alchemy,ElixirOfWaterbreathing,0003AC31,Elixir of Waterbreathing,,Fandom Alchemy,Waterbreathing
Alchemy,EnchanterSDraught,00039D02,Enchanter's Draught,,Fandom Alchemy,Fortify Enchanting
Alchemy,EnchanterSElixir,00039D12,Enchanter's Elixir,,Fandom Alchemy,Fortify Enchanting
Alchemy,EnchanterSPhilter,00039D0A,Enchanter's Philter,,Fandom Alchemy,Fortify Enchanting
Alchemy,EnchanterSPotion,00039CFB,Enchanter's Potion,,Fandom Alchemy,Fortify Enchanting
Alchemy,EsbernSPotion,000E6DF5,Esbern's Potion,,Fandom Alchemy,Unique potion
Alchemy,FalmerBloodElixir,00076F17,Falmer Blood Elixir,,Fandom Alchemy,Unique potion
Alchemy,GrandElixirOfConflict,000F84B9,Grand Elixir of Conflict,,Fandom linked page seed,Exact row seed from linked Alchemy/Potions page
Alchemy,GrandElixirOfEscape,000F84B2,Grand Elixir of Escape,,Fandom linked page seed,Exact row seed from linked Alchemy/Potions page
Alchemy,GrandElixirOfKeenshot,000F84BF,Grand Elixir of Keenshot,,Fandom linked page seed,Exact row seed from linked Alchemy/Potions page
Alchemy,GrandElixirOfLarceny,000F84AB,Grand Elixir of Larceny,,Fandom linked page seed,Exact row seed from linked Alchemy/Potions page
Alchemy,GrandElixirOfPlunder,000F84C5,Grand Elixir of Plunder,,Fandom linked page seed,Exact row seed from linked Alchemy/Potions page
Alchemy,IceWraithEssence,000F9642,Ice Wraith Essence,,Fandom Alchemy,Unique potion
Alchemy,PhilterOfAlteration,00039899,Philter of Alteration,,Fandom Alchemy,Fortify Alteration
Alchemy,PhilterOfConflict,000F84B7,Philter of Conflict,,Fandom linked page seed,Exact row seed from linked Alchemy/Potions page
Alchemy,PhilterOfDestruction,000398F1,Philter of Destruction,,Fandom Alchemy,Fortify Destruction
Alchemy,PhilterOfEnhancedStamina,0003EAFF,Philter of Enhanced Stamina,,Fandom Alchemy,Fortify Stamina
Alchemy,PhilterOfEscape,000F84B0,Philter of Escape,,Fandom linked page seed,Exact row seed from linked Alchemy/Potions page
Alchemy,PhilterOfExtraMagicka,0003EAFC,Philter of Extra Magicka,,Fandom Alchemy,Fortify Magicka
Alchemy,PhilterOfGlibness,000D697F,Philter of Glibness,,Fandom Alchemy,Fortify Speech
Alchemy,PhilterOfHaggling,00039971,Philter of Haggling,,Fandom Alchemy,Fortify Barter
Alchemy,PhilterOfHealth,0003EAF5,Philter of Health,,Fandom Alchemy,Fortify Health
Alchemy,PhilterOfIllusion,00039950,Philter of Illusion,,Fandom Alchemy,Fortify Illusion
Alchemy,PhilterOfKeenshot,000F84BD,Philter of Keenshot,,Fandom linked page seed,Exact row seed from linked Alchemy/Potions page
Alchemy,PhilterOfLarceny,000F84A9,Philter of Larceny,,Fandom linked page seed,Exact row seed from linked Alchemy/Potions page
Alchemy,PhilterOfLastingPotency,0003EB10,Philter of Lasting Potency,,Fandom Alchemy,Regenerate Magicka
Alchemy,PhilterOfLightFeet,00039969,Philter of Light Feet,,Fandom Alchemy,Fortify Sneak
Alchemy,PhilterOfLockpicking,00039946,Philter of Lockpicking,,Fandom Alchemy,Fortify Lockpicking
Alchemy,PhilterOfPickpocketing,00039959,Philter of Pickpocketing,,Fandom Alchemy,Fortify Pickpocket
Alchemy,PhilterOfPlunder,000F84C3,Philter of Plunder,,Fandom linked page seed,Exact row seed from linked Alchemy/Potions page
Alchemy,PhilterOfRegeneration,0003EB0C,Philter of Regeneration,,Fandom Alchemy,Regenerate Health
Alchemy,PhilterOfResistCold,00039BDF,Philter of Resist Cold,,Fandom Alchemy,Resist Frost
Alchemy,PhilterOfResistFire,00039B4B,Philter of Resist Fire,,Fandom Alchemy,Resist Fire
Alchemy,PhilterOfResistMagic,00039E54,Philter of Resist Magic,,Fandom Alchemy,Resist Magic
Alchemy,PhilterOfResistShock,00039BE3,Philter of Resist Shock,,Fandom Alchemy,Resist Shock
Alchemy,PhilterOfStrength,0003EB04,Philter of Strength,,Fandom Alchemy,Fortify Carry Weight
Alchemy,PhilterOfTheBerserker,00039980,Philter of the Berserker,,Fandom Alchemy,Fortify Two-Handed
Alchemy,PhilterOfTheDefender,000398AB,Philter of the Defender,,Fandom Alchemy,Fortify Blocking
Alchemy,PhilterOfTheHealer,0003995B,Philter of the Healer,,Fandom Alchemy,Fortify Restoration
Alchemy,PhilterOfTheKnight,000398F5,Philter of the Knight,,Fandom Alchemy,Fortify Heavy Armor
Alchemy,PhilterOfThePhantom,000663E1,Philter of the Phantom,,Fandom Alchemy,Unique potion
Alchemy,PhilterOfTheWarrior,00039955,Philter of the Warrior,,Fandom Alchemy,Fortify One-Handed
Alchemy,PhilterOfTrueShot,0003994B,Philter of True Shot,,Fandom Alchemy,Fortify Marksman
Alchemy,PhilterOfVigor,0003EB14,Philter of Vigor,,Fandom Alchemy,Regenerate Stamina
Alchemy,PhilterOfWaterbreathing,0003AC30,Philter of Waterbreathing,,Fandom Alchemy,Waterbreathing
Alchemy,PotionOfAlteration,0003EB36,Potion of Alteration,,Fandom Alchemy,Fortify Alteration
Alchemy,PotionOfBlood,XX018EF3,Potion of Blood,,Fandom linked page seed,Exact row seed from linked Alchemy/Potions page
Alchemy,PotionOfBriefInvisibility,0003EB3E,Potion of Brief Invisibility,,Fandom Alchemy,Invisibility
Alchemy,PotionOfConflict,000F84B5,Potion of Conflict,,Fandom linked page seed,Exact row seed from linked Alchemy/Potions page
Alchemy,PotionOfCureDisease,000AE723,Potion of Cure Disease,,Fandom Alchemy,Cure Condition
Alchemy,PotionOfCurePoison,00065A64,Potion of Cure Poison,,Fandom Alchemy,Cure Condition
Alchemy,PotionOfDestruction,0003EB38,Potion of Destruction,,Fandom Alchemy,Fortify Destruction
Alchemy,PotionOfEnduringInvisibility,0003EB3F,Potion of Enduring Invisibility,,Fandom Alchemy,Invisibility
Alchemy,PotionOfEnhancedStamina,0003EAFD,Potion of Enhanced Stamina,,Fandom Alchemy,Fortify Stamina
Alchemy,PotionOfEscape,000F84AE,Potion of Escape,,Fandom linked page seed,Exact row seed from linked Alchemy/Potions page
Alchemy,PotionOfExtendedInvisibility,0003EB40,Potion of Extended Invisibility,,Fandom Alchemy,Invisibility
Alchemy,PotionOfExtraMagicka,0003EAF7,Potion of Extra Magicka,,Fandom Alchemy,Fortify Magicka
Alchemy,PotionOfExtremeHealing,00039BE4,Potion of Extreme Healing,,Fandom Alchemy,Restore Health
Alchemy,PotionOfExtremeMagicka,00039BE6,Potion of Extreme Magicka,,Fandom Alchemy,Restore Magicka
Alchemy,PotionOfExtremeStamina,0003EAE6,Potion of Extreme Stamina,,Fandom Alchemy,Restore Stamina
Alchemy,PotionOfExtremeWellBeing,XX01AAE1,Potion of Extreme Well-being,,Fandom linked page seed,Exact row seed from linked Alchemy/Potions page
Alchemy,PotionOfGlibness,000D6948,Potion of Glibness,,Fandom Alchemy,Fortify Speech
Alchemy,PotionOfHaggling,0003EB35,Potion of Haggling,,Fandom Alchemy,Fortify Barter
Alchemy,PotionHealing,0003EADE,Potion of Healing,,Fandom Alchemy,Restore Health
Alchemy,PotionOfHealth,0003EAF2,Potion of Health,,Fandom Alchemy,Fortify Health
Alchemy,PotionOfIllusion,0003EB39,Potion of Illusion,,Fandom Alchemy,Fortify Illusion
Alchemy,PotionOfKeenshot,000F84BB,Potion of Keenshot,,Fandom linked page seed,Exact row seed from linked Alchemy/Potions page
Alchemy,PotionOfLarceny,000F84A7,Potion of Larceny,,Fandom linked page seed,Exact row seed from linked Alchemy/Potions page
Alchemy,PotionOfLastingPotency,0003EB0D,Potion of Lasting Potency,,Fandom Alchemy,Regenerate Magicka
Alchemy,PotionLightFeet,0003EB33,Potion of Light Feet,,Fandom Alchemy,Fortify Sneak
Alchemy,PotionOfLockpicking,00039930,Potion of Lockpicking,,Fandom Alchemy,Fortify Lockpicking
Alchemy,PotionMagicka,0003EAE1,Potion of Magicka,,Fandom Alchemy,Restore Magicka
Alchemy,PotionMinorHealing,0003EADD,Potion of Minor Healing,,Fandom Alchemy,Restore Health
Alchemy,PotionMinorMagicka,0003EAE0,Potion of Minor Magicka,,Fandom Alchemy,Restore Magicka
Alchemy,PotionMinorStamina,0003EAE5,Potion of Minor Stamina,,Fandom Alchemy,Restore Stamina
Alchemy,PotionOfMinorWellBeing,XX01AADD,Potion of Minor Well-being,,Fandom linked page seed,Exact row seed from linked Alchemy/Potions page
Alchemy,PotionOfPickpocketing,0003EB31,Potion of Pickpocketing,,Fandom Alchemy,Fortify Pickpocket
Alchemy,PotionPlentifulHealing,0003EADF,Potion of Plentiful Healing,,Fandom Alchemy,Restore Health
Alchemy,PotionOfPlentifulMagicka,0003EAE2,Potion of Plentiful Magicka,,Fandom Alchemy,Restore Magicka
Alchemy,PotionOfPlentifulStamina,0003EAE7,Potion of Plentiful Stamina,,Fandom Alchemy,Restore Stamina
Alchemy,PotionOfPlentifulWellBeing,XX01AADF,Potion of Plentiful Well-being,,Fandom linked page seed,Exact row seed from linked Alchemy/Potions page
Alchemy,PotionOfPlunder,000F84C1,Potion of Plunder,,Fandom linked page seed,Exact row seed from linked Alchemy/Potions page
Alchemy,PotionOfProlongedInvisibility,0003EB41,Potion of Prolonged Invisibility,,Fandom Alchemy,Invisibility
Alchemy,PotionOfRegeneration,0003EB09,Potion of Regeneration,,Fandom Alchemy,Regenerate Health
Alchemy,PotionOfResistCold,00039B8A,Potion of Resist Cold,,Fandom Alchemy,Resist Frost
Alchemy,PotionResistFire,00039B4A,Potion of Resist Fire,,Fandom Alchemy,Resist Fire
Alchemy,PotionOfResistMagic,00039E52,Potion of Resist Magic,,Fandom Alchemy,Resist Magic
Alchemy,PotionOfResistShock,00039BE1,Potion of Resist Shock,,Fandom Alchemy,Resist Shock
Alchemy,PotionStamina,00039BE8,Potion of Stamina,,Fandom Alchemy,Restore Stamina
Alchemy,PotionOfStrength,0003EB02,Potion of Strength,,Fandom Alchemy,Fortify Carry Weight
Alchemy,PotionOfTheBerserker,0003EB2B,Potion of the Berserker,,Fandom Alchemy,Fortify Two-Handed
Alchemy,PotionOfTheDefender,0003EB32,Potion of the Defender,,Fandom Alchemy,Fortify Blocking
Alchemy,PotionOfTheHealer,0003EB3A,Potion of the Healer,,Fandom Alchemy,Fortify Restoration
Alchemy,PotionOfTheKnight,0003EB2F,Potion of the Knight,,Fandom Alchemy,Fortify Heavy Armor
Alchemy,PotionWarrior,0003EB2A,Potion of the Warrior,,Fandom Alchemy,Fortify One-Handed
Alchemy,PotionTrueShot,0003EB2C,Potion of True Shot,,Fandom Alchemy,Fortify Marksman
Alchemy,PotionOfUltimateHealing,00039BE5,Potion of Ultimate Healing,,Fandom Alchemy,Restore Health
Alchemy,PotionOfUltimateMagicka,00039BE7,Potion of Ultimate Magicka,,Fandom Alchemy,Restore Magicka
Alchemy,PotionOfUltimateStamina,00039CF3,Potion of Ultimate Stamina,,Fandom Alchemy,Restore Stamina
Alchemy,PotionOfUltimateWellBeing,XX01AAE2,Potion of Ultimate Well-being,,Fandom linked page seed,Exact row seed from linked Alchemy/Potions page
Alchemy,PotionOfVigor,0003EB11,Potion of Vigor,,Fandom Alchemy,Regenerate Stamina
Alchemy,PotionOfVigorousHealing,0003EAE3,Potion of Vigorous Healing,,Fandom Alchemy,Restore Health
Alchemy,PotionOfVigorousMagicka,0003EAE4,Potion of Vigorous Magicka,,Fandom Alchemy,Restore Magicka
Alchemy,PotionOfVigorousStamina,0003EAE8,Potion of Vigorous Stamina,,Fandom Alchemy,Restore Stamina
Alchemy,PotionOfVigorousWellBeing,XX01AAE0,Potion of Vigorous Well-being,,Fandom linked page seed,Exact row seed from linked Alchemy/Potions page
Alchemy,PotionOfWaterbreathing,0003AC2E,Potion of Waterbreathing,,Fandom Alchemy,Waterbreathing
Alchemy,PotionOfWaterwalking,XX0390E0,Potion of Waterwalking,,Fandom linked page seed,Exact row seed from linked Alchemy/Potions page
Alchemy,PotionOfWellBeing,XX01AADE,Potion of Well-being,,Fandom linked page seed,Exact row seed from linked Alchemy/Potions page
Alchemy,PrimeElixirOfConflict,000F84BA,Prime Elixir of Conflict,,Fandom linked page seed,Exact row seed from linked Alchemy/Potions page
Alchemy,PrimeElixirOfEscape,000F84B3,Prime Elixir of Escape,,Fandom linked page seed,Exact row seed from linked Alchemy/Potions page
Alchemy,PrimeElixirOfKeenshot,000F84C0,Prime Elixir of Keenshot,,Fandom linked page seed,Exact row seed from linked Alchemy/Potions page
Alchemy,PrimeElixirOfLarceny,000F84AC,Prime Elixir of Larceny,,Fandom linked page seed,Exact row seed from linked Alchemy/Potions page
Alchemy,PrimeElixirOfPlunder,000F84C6,Prime Elixir of Plunder,,Fandom linked page seed,Exact row seed from linked Alchemy/Potions page
Alchemy,SkirmisherSDraught,000398FD,Skirmisher's Draught,,Fandom Alchemy,Fortify Light Armor
Alchemy,SkirmisherSElixir,00039904,Skirmisher's Elixir,,Fandom Alchemy,Fortify Light Armor
Alchemy,SkirmisherSPhilter,00039903,Skirmisher's Philter,,Fandom Alchemy,Fortify Light Armor
Alchemy,SkirmisherSPotion,0003EB30,Skirmisher's Potion,,Fandom Alchemy,Fortify Light Armor
Alchemy,SolutionOfEnhancedStamina,0003EAFE,Solution of Enhanced Stamina,,Fandom Alchemy,Fortify Stamina
Alchemy,SolutionOfExtraMagicka,0003EAFB,Solution of Extra Magicka,,Fandom Alchemy,Fortify Magicka
Alchemy,SolutionOfHealth,0003EAF6,Solution of Health,,Fandom Alchemy,Fortify Health
Alchemy,SolutionOfLastingPotency,0003EB0F,Solution of Lasting Potency,,Fandom Alchemy,Regenerate Magicka
Alchemy,SolutionOfRegeneration,0003EB0B,Solution of Regeneration,,Fandom Alchemy,Regenerate Health
Alchemy,SolutionOfStrength,0003EB03,Solution of Strength,,Fandom Alchemy,Fortify Carry Weight
Alchemy,SolutionOfVigor,00039B0C,Solution of Vigor,,Fandom Alchemy,Regenerate Stamina
Alchemy,SoulHuskExtract,XX015A1E,Soul Husk Extract,,Fandom linked page seed,Exact row seed from linked Alchemy/Potions page
Alchemy,VaerminaSTorpor,0005F6DF,Vaermina's Torpor,,Fandom Alchemy,Unique potion
Alchemy,WhitePhial,0002C25A,White Phial,,Fandom Alchemy,Unique potion
Alchemy,WhitePhialFortifyOneHanded,0010201C,White Phial - Fortify One-Handed,,Fandom linked page seed,Exact row seed from linked Alchemy/Potions page
Alchemy,WhitePhialFortifySneak,0010201E,White Phial - Fortify Sneak,,Fandom linked page seed,Exact row seed from linked Alchemy/Potions page
Alchemy,WhitePhialResistMagic,0010201D,White Phial - Resist Magic,,Fandom linked page seed,Exact row seed from linked Alchemy/Potions page
Alchemy,WhitePhialRestoreHealth,00102019,White Phial - Restore Health,,Fandom linked page seed,Exact row seed from linked Alchemy/Potions page
Alchemy,WhitePhialRestoreMagicka,0010201A,White Phial - Restore Magicka,,Fandom linked page seed,Exact row seed from linked Alchemy/Potions page
Alchemy,WhitePhialRestoreStamina,0010201B,White Phial - Restore Stamina,,Fandom linked page seed,Exact row seed from linked Alchemy/Potions page
Poisons,AversionToFire,00073F49,Aversion to Fire,,Fandom linked page seed,Exact row seed from linked Alchemy/Poisons page
Poisons,AversionToFrost,00073F4D,Aversion to Frost,,Fandom linked page seed,Exact row seed from linked Alchemy/Poisons page
Poisons,AversionToMagic,00073F56,Aversion to Magic,,Fandom linked page seed,Exact row seed from linked Alchemy/Poisons page
Poisons,AversionToShock,00065A6D,Aversion to Shock,,Fandom linked page seed,Exact row seed from linked Alchemy/Poisons page
Poisons,DeadlyAversionToFire,00073F4C,Deadly Aversion to Fire,,Fandom linked page seed,Exact row seed from linked Alchemy/Poisons page
Poisons,DeadlyAversionToFrost,00073F50,Deadly Aversion to Frost,,Fandom linked page seed,Exact row seed from linked Alchemy/Poisons page
Poisons,DeadlyAversionToMagic,00073F59,Deadly Aversion to Magic,,Fandom linked page seed,Exact row seed from linked Alchemy/Poisons page
Poisons,DeadlyAversionToShock,00073F55,Deadly Aversion to Shock,,Fandom linked page seed,Exact row seed from linked Alchemy/Poisons page
Poisons,DeadlyFearPoison,00073F61,Deadly Fear Poison,,Fandom linked page seed,Exact row seed from linked Alchemy/Poisons page
Poisons,DeadlyFrenzyPoison,00073F5D,Deadly Frenzy Poison,,Fandom linked page seed,Exact row seed from linked Alchemy/Poisons page
Poisons,DeadlyLingeringPoison,00073F38,Deadly Lingering Poison,,Fandom linked page seed,Exact row seed from linked Alchemy/Poisons page
Poisons,DeadlyMagickaPoison,00073F3C,Deadly Magicka Poison,,Fandom Alchemy,Damage Magicka
Poisons,DeadlyParalysisPoison,00074A3B,Deadly Paralysis Poison,,Fandom linked page seed,Exact row seed from linked Alchemy/Poisons page
Poisons,DeadlyPoison,00073F34,Deadly Poison,,Fandom Alchemy,Damage Health
Poisons,DeadlyRecoveryPoison,00073F94,Deadly Recovery Poison,,Fandom Alchemy,Damage Magicka Regen
Poisons,DeadlyStaminaPoison,00073F44,Deadly Stamina Poison,,Fandom Alchemy,Damage Stamina
Poisons,EnduringMagickaPoison,00073F3D,Enduring Magicka Poison,,Fandom linked page seed,Exact row seed from linked Alchemy/Poisons page
Poisons,EnduringStaminaPoison,00073F45,Enduring Stamina Poison,,Fandom linked page seed,Exact row seed from linked Alchemy/Poisons page
Poisons,FearPoison,00073F5E,Fear Poison,,Fandom Alchemy,Fear
Poisons,FrenzyPoison,00073F5A,Frenzy Poison,,Fandom linked page seed,Exact row seed from linked Alchemy/Poisons page
Poisons,FrostbiteVenom,000E41B8,Frostbite Venom,,Fandom linked page seed,Exact row seed from linked Alchemy/Poisons page
Poisons,IceWraithBane,000E2D3D,Ice Wraith Bane,,Fandom linked page seed,Exact row seed from linked Alchemy/Poisons page
Poisons,LastingMagickaPoison,00073F3E,Lasting Magicka Poison,,Fandom linked page seed,Exact row seed from linked Alchemy/Poisons page
Poisons,LastingStaminaPoison,00073F46,Lasting Stamina Poison,,Fandom linked page seed,Exact row seed from linked Alchemy/Poisons page
Poisons,LingeringMagickaPoison,00065A70,Lingering Magicka Poison,,Fandom linked page seed,Exact row seed from linked Alchemy/Poisons page
Poisons,LingeringPoison,00073F35,Lingering Poison,,Fandom linked page seed,Exact row seed from linked Alchemy/Poisons page
Poisons,LingeringStaminaPoison,00065A71,Lingering Stamina Poison,,Fandom linked page seed,Exact row seed from linked Alchemy/Poisons page
Poisons,LotusExtract,00058CFB,Lotus Extract,,Fandom linked page seed,Exact row seed from linked Alchemy/Poisons page
Poisons,MagickaPoison,00073F39,Magicka Poison,,Fandom Alchemy,Damage Magicka
Poisons,MagickaRecoveryPoison,00073F91,Magicka Recovery Poison,,Fandom Alchemy,Damage Magicka Regen
Poisons,MalignAversionToFire,00073F4B,Malign Aversion to Fire,,Fandom linked page seed,Exact row seed from linked Alchemy/Poisons page
Poisons,MalignAversionToFrost,00073F4F,Malign Aversion to Frost,,Fandom linked page seed,Exact row seed from linked Alchemy/Poisons page
Poisons,MalignAversionToMagic,00073F58,Malign Aversion to Magic,,Fandom linked page seed,Exact row seed from linked Alchemy/Poisons page
Poisons,MalignAversionToShock,00073F54,Malign Aversion to Shock,,Fandom linked page seed,Exact row seed from linked Alchemy/Poisons page
Poisons,MalignLingeringPoison,00073F37,Malign Lingering Poison,,Fandom linked page seed,Exact row seed from linked Alchemy/Poisons page
Poisons,MalignMagickaPoison,00073F3B,Malign Magicka Poison,,Fandom Alchemy,Damage Magicka
Poisons,MalignRecoveryPoison,00073F93,Malign Recovery Poison,,Fandom Alchemy,Damage Magicka Regen
Poisons,MalignVigorPoison,00073F8E,Malign Vigor Poison,,Fandom Alchemy,Damage Stamina Regen
Poisons,NightshadeExtract,000CD883,Nightshade Extract,,Fandom linked page seed,Exact row seed from linked Alchemy/Poisons page
Poisons,ParalysisPoison,00074A38,Paralysis Poison,,Fandom linked page seed,Exact row seed from linked Alchemy/Poisons page
Poisons,PersistingMagickaPoison,00073F3F,Persisting Magicka Poison,,Fandom linked page seed,Exact row seed from linked Alchemy/Poisons page
Poisons,PersistingStaminaPoison,00073F47,Persisting Stamina Poison,,Fandom linked page seed,Exact row seed from linked Alchemy/Poisons page
Poisons,Poison,00073F31,Poison,,Fandom Alchemy,Damage Health
Poisons,PotentAversionToFire,00073F4A,Potent Aversion to Fire,,Fandom linked page seed,Exact row seed from linked Alchemy/Poisons page
Poisons,PotentAversionToFrost,00073F4E,Potent Aversion to Frost,,Fandom linked page seed,Exact row seed from linked Alchemy/Poisons page
Poisons,PotentAversionToMagic,00073F57,Potent Aversion to Magic,,Fandom linked page seed,Exact row seed from linked Alchemy/Poisons page
Poisons,PotentAversionToShock,00073F53,Potent Aversion to Shock,,Fandom linked page seed,Exact row seed from linked Alchemy/Poisons page
Poisons,PotentFearPoison,00073F5F,Potent Fear Poison,,Fandom Alchemy,Fear
Poisons,PotentFrenzyPoison,00073F5B,Potent Frenzy Poison,,Fandom linked page seed,Exact row seed from linked Alchemy/Poisons page
Poisons,PotentLingeringPoison,00073F36,Potent Lingering Poison,,Fandom linked page seed,Exact row seed from linked Alchemy/Poisons page
Poisons,PotentMagickaPoison,00073F3A,Potent Magicka Poison,,Fandom Alchemy,Damage Magicka
Poisons,PotentParalysisPoison,00074A39,Potent Paralysis Poison,,Fandom linked page seed,Exact row seed from linked Alchemy/Poisons page
Poisons,PotentPoison,00073F32,Potent Poison,,Fandom Alchemy,Damage Health
Poisons,PotentRecoveryPoison,00073F92,Potent Recovery Poison,,Fandom Alchemy,Damage Magicka Regen
Poisons,PotentStaminaPoison,00073F42,Potent Stamina Poison,,Fandom Alchemy,Damage Stamina
Poisons,PotentVigorPoison,00073F8D,Potent Vigor Poison,,Fandom Alchemy,Damage Stamina Regen
Poisons,StaminaPoison,00073F41,Stamina Poison,,Fandom Alchemy,Damage Stamina
Poisons,UnceasingMagickaPoison,00073F40,Unceasing Magicka Poison,,Fandom linked page seed,Exact row seed from linked Alchemy/Poisons page
Poisons,UnceasingStaminaPoison,00073F48,Unceasing Stamina Poison,,Fandom linked page seed,Exact row seed from linked Alchemy/Poisons page
Poisons,VigorPoison,00073F8C,Vigor Poison,,Fandom Alchemy,Damage Stamina Regen
Poisons,VirulentFearPoison,00073F60,Virulent Fear Poison,,Fandom Alchemy,Fear
Poisons,VirulentFrenzyPoison,00073F5C,Virulent Frenzy Poison,,Fandom linked page seed,Exact row seed from linked Alchemy/Poisons page
Poisons,VirulentParalysisPoison,00074A3A,Virulent Paralysis Poison,,Fandom linked page seed,Exact row seed from linked Alchemy/Poisons page
Poisons,VirulentPoison,00073F33,Virulent Poison,,Fandom Alchemy,Damage Health
Poisons,VirulentStaminaPoison,00073F43,Virulent Stamina Poison,,Fandom Alchemy,Damage Stamina
Poisons,WeakAversionToFire,00065A6B,Weak Aversion to Fire,,Fandom linked page seed,Exact row seed from linked Alchemy/Poisons page
Poisons,WeakAversionToFrost,00065A6C,Weak Aversion to Frost,,Fandom linked page seed,Exact row seed from linked Alchemy/Poisons page
Poisons,WeakAversionToMagic,00065A6E,Weak Aversion to Magic,,Fandom linked page seed,Exact row seed from linked Alchemy/Poisons page
Poisons,WeakAversionToShock,00073F52,Weak Aversion to Shock,,Fandom linked page seed,Exact row seed from linked Alchemy/Poisons page
Poisons,WeakFearPoison,00065A68,Weak Fear Poison,,Fandom Alchemy,Fear
Poisons,WeakFrenzyPoison,00065A69,Weak Frenzy Poison,,Fandom linked page seed,Exact row seed from linked Alchemy/Poisons page
Poisons,WeakLingeringPoison,00065A6F,Weak Lingering Poison,,Fandom linked page seed,Exact row seed from linked Alchemy/Poisons page
Poisons,WeakMagickaPoison,00065A65,Weak Magicka Poison,,Fandom Alchemy,Damage Magicka
Poisons,WeakParalysisPoison,00065A6A,Weak Paralysis Poison,,Fandom linked page seed,Exact row seed from linked Alchemy/Poisons page
Poisons,WeakPoison,0003A5A4,Weak Poison,,Fandom Alchemy,Damage Health
Poisons,WeakRecoveryPoison,00073F90,Weak Recovery Poison,,Fandom Alchemy,Damage Magicka Regen
Poisons,WeakStaminaPoison,00065A66,Weak Stamina Poison,,Fandom Alchemy,Damage Stamina
Poisons,WeakVigorPoison,00073F8B,Weak Vigor Poison,,Fandom Alchemy,Damage Stamina Regen
Food,AppleCabbageStew,000EBA01,Apple Cabbage Stew,,Fandom/UESP curated pass,Food expansion
Food,AppleDumpling,XX003533,Apple Dumpling,,Fandom/UESP curated pass,Food expansion
Food,ApplePie,00064B43,Apple Pie,,Fandom linked page seed,Exact row seed from linked Alchemy/Food page
Food,AshHopperLeg,XX03D125,Ash Hopper Leg,,Fandom linked page seed,Exact row seed from linked Alchemy/Food page
Food,AshHopperMeat,XX03BD15,Ash Hopper Meat,,Fandom linked page seed,Exact row seed from linked Alchemy/Food page
Food,AshYam,XX0206E7,Ash Yam,,Fandom linked page seed,Exact row seed from linked Alchemy/Food page
Food,FoodBakedPotato,00064B3A,Baked Potatoes,,Fandom Food,Food item
Food,Beef,00065C99,Beef,,Fandom Alchemy/Food,Food item
Food,BeefStew,000F4314,Beef Stew,,Fandom/UESP curated pass,Food expansion
Food,BoarMeat,XX03BD14,Boar Meat,,Fandom linked page seed,Exact row seed from linked Alchemy/Food page
Food,BoiledCremeTreat,00064B30,Boiled Creme Treat,,Fandom Alchemy/Food,Food item
Food,BraidedBread,XX0009DB,Braided Bread,,Fandom/UESP curated pass,Food expansion
Food,FoodBread,00065C97,Bread,,Fandom Food,Food item
Food,Butter,XX00353C,Butter,,Fandom linked page seed,Exact row seed from linked Alchemy/Food page
Food,FoodCabbage,00064B3F,Cabbage,,Fandom Food,Food item
Food,Cabbage,000954BF,Cabbage,,Fandom linked page seed,Exact row seed from linked Alchemy/Food page
Food,CabbagePotatoSoup,000F431B,Cabbage Potato Soup,,Fandom Alchemy/Food,Food item
Food,CabbageSoup,000EBA02,Cabbage Soup,,Fandom/UESP curated pass,Food expansion
Food,FoodCarrot,00064B40,Carrot,,Fandom Food,Food item
Food,CharredSkeeverMeat,000E8448,Charred Skeever Meat,,Fandom Alchemy/Food,Food item
Food,CheeseWedge,00064B33,Cheese Wedge,,Fandom Alchemy/Food,Food item
Food,ChickenBreast,000E8947,Chicken Breast,,Fandom Alchemy/Food,Food item
Food,ChickenBreast,000F2011,Chicken Breast,,Fandom linked page seed,Exact row seed from linked Alchemy/Food page
Food,ChickenDumpling,XX0117FF,Chicken Dumpling,,Fandom linked page seed,Exact row seed from linked Alchemy/Food page
Food,ClamChowder,XX00353E,Clam Chowder,,Fandom/UESP curated pass,Food expansion
Food,ClamMeat,000EBA03,Clam Meat,,Fandom linked page seed,Exact row seed from linked Alchemy/Food page
Food,CookedBeef,000721E8,Cooked Beef,,Fandom linked page seed,Exact row seed from linked Alchemy/Food page
Food,CookedBeef,000722BB,Cooked Beef,,Fandom Alchemy/Food,Food item
Food,CookedBoarMeat,XX03CF72,Cooked Boar Meat,,Fandom linked page seed,Exact row seed from linked Alchemy/Food page
Food,CookedBrookBass,000F431A,Cooked Brook Bass,,Fandom Alchemy/Food,Food item
Food,CookedHorkerMeat,000722BD,Cooked Horker Meat,,Fandom Alchemy/Food,Food item
Food,CookedRabbitLeg,000722C2,Cooked Rabbit Leg,,Fandom Alchemy/Food,Food item
Food,DogMeat,000EDB2E,Dog Meat,,Fandom Alchemy/Food,Food item
Food,EidarCheeseWedge,00064B32,Eidar Cheese Wedge,,Fandom linked page seed,Exact row seed from linked Alchemy/Food page
Food,EidarCheeseWheel,00064B32,Eidar Cheese Wheel,,Fandom Alchemy/Food,Food item
Food,EidarCheeseWheel,00064B34,Eidar Cheese Wheel,,Fandom linked page seed,Exact row seed from linked Alchemy/Food page
Food,ElsweyrFondue,000F4320,Elsweyr Fondue,,Fandom/UESP curated pass,Food expansion
Food,FreshMeat,0010211A,Fresh Meat,,Fandom linked page seed,Exact row seed from linked Alchemy/Food page
Food,GarlicBread,XX0009DC,Garlic Bread,,Fandom linked page seed,Exact row seed from linked Alchemy/Food page
Food,GarlicBread,XX003534,Garlic Bread,,Fandom/UESP curated pass,Food expansion
Food,GoatCheeseWedge,00064B31,Goat Cheese Wedge,,Fandom Alchemy/Food,Food item
Food,GoatCheeseWheel,00064B33,Goat Cheese Wheel,,Fandom linked page seed,Exact row seed from linked Alchemy/Food page
Food,Gourd,0010D666,Gourd,,Fandom linked page seed,Exact row seed from linked Alchemy/Food page
Food,FoodGreenApple,00064B2F,Green Apple,,Fandom Food,Food item
Food,GrilledChickenBreast,000E8947,Grilled Chicken Breast,,Fandom linked page seed,Exact row seed from linked Alchemy/Food page
Food,GrilledChickenBreast,000E8948,Grilled Chicken Breast,,Fandom Alchemy/Food,Food item
Food,GrilledLeeks,00064B3E,Grilled Leeks,,Fandom linked page seed,Exact row seed from linked Alchemy/Food page
Food,HomecookedMeal,000CD614,Homecooked Meal,,Fandom linked page seed,Exact row seed from linked Alchemy/Food page
Food,Honey,0010394D,Honey,,Fandom linked page seed,Exact row seed from linked Alchemy/Food page
Food,HoneyNutTreat,00064B38,Honey Nut Treat,,Fandom linked page seed,Exact row seed from linked Alchemy/Food page
Food,HorkerAndAshYamStew,XX03CD5B,Horker and Ash Yam Stew,,Fandom/UESP curated pass,Food expansion
Food,HorkerLoaf,0007224E,Horker Loaf,,Fandom linked page seed,Exact row seed from linked Alchemy/Food page
Food,HorkerLoaf,000722BC,Horker Loaf,,Fandom Alchemy/Food,Food item
Food,HorkerMeat,00065C9B,Horker Meat,,Fandom linked page seed,Exact row seed from linked Alchemy/Food page
Food,HorkerStew,000F4315,Horker Stew,,Fandom/UESP curated pass,Food expansion
Food,HorseHaunch,000722B0,Horse Haunch,,Fandom linked page seed,Exact row seed from linked Alchemy/Food page
Food,HorseHaunch,000722B1,Horse Haunch,,Fandom Alchemy/Food,Food item
Food,HorseMeat,00065C9C,Horse Meat,,Fandom linked page seed,Exact row seed from linked Alchemy/Food page
Food,JazbayCrostata,XX003538,Jazbay Crostata,,Fandom/UESP curated pass,Food expansion
Food,JazbayCrostata,XX00353A,Jazbay Crostata,,Fandom linked page seed,Exact row seed from linked Alchemy/Food page
Food,JugOfMilk,XX003534,Jug of Milk,,Fandom linked page seed,Exact row seed from linked Alchemy/Food page
Food,JuniperBerryCrostata,XX003537,Juniper Berry Crostata,,Fandom/UESP curated pass,Food expansion
Food,JuniperBerryCrostata,XX003539,Juniper Berry Crostata,,Fandom linked page seed,Exact row seed from linked Alchemy/Food page
Food,LavenderDumpling,XX003536,Lavender Dumpling,,Fandom/UESP curated pass,Food expansion
Food,LavenderDumpling,XX011801,Lavender Dumpling,,Fandom linked page seed,Exact row seed from linked Alchemy/Food page
Food,FoodLeek,000669A5,Leek,,Fandom Food,Food item
Food,LegOfGoat,00065C9A,Leg of Goat,,Fandom Alchemy/Food,Food item
Food,LegOfGoatRoast,0007224C,Leg of Goat Roast,,Fandom/UESP curated pass,Food expansion
Food,LongTaffyTreat,00064B39,Long Taffy Treat,,Fandom linked page seed,Exact row seed from linked Alchemy/Food page
Food,MammothCheeseBowl,000669A3,Mammoth Cheese Bowl,,Fandom linked page seed,Exact row seed from linked Alchemy/Food page
Food,MammothSnout,000669A4,Mammoth Snout,,Fandom linked page seed,Exact row seed from linked Alchemy/Food page
Food,MammothSteak,000722BB,Mammoth Steak,,Fandom linked page seed,Exact row seed from linked Alchemy/Food page
Food,MudcrabLegs,XX003540,Mudcrab Legs,,Fandom linked page seed,Exact row seed from linked Alchemy/Food page
Food,PheasantBreast,00065C9D,Pheasant Breast,,Fandom linked page seed,Exact row seed from linked Alchemy/Food page
Food,PheasantRoast,000722C7,Pheasant Roast,,Fandom/UESP curated pass,Food expansion
Food,FoodPotato,00064B41,Potato,,Fandom Food,Food item
Food,PotatoBread,XX003537,Potato Bread,,Fandom linked page seed,Exact row seed from linked Alchemy/Food page
Food,PotatoSoup,XX00353D,Potato Soup,,Fandom/UESP curated pass,Food expansion
Food,RabbitHaunch,000722C2,Rabbit Haunch,,Fandom linked page seed,Exact row seed from linked Alchemy/Food page
Food,RawBeef,00065C99,Raw Beef,,Fandom linked page seed,Exact row seed from linked Alchemy/Food page
Food,RawRabbitLeg,00065C9E,Raw Rabbit Leg,,Fandom linked page seed,Exact row seed from linked Alchemy/Food page
Food,FoodRedApple,00064B2E,Red Apple,,Fandom Food,Food item
Food,SackOfFlour,XX003538,Sack of Flour,,Fandom linked page seed,Exact row seed from linked Alchemy/Food page
Food,SalmonMeat,00065C9F,Salmon Meat,,Fandom linked page seed,Exact row seed from linked Alchemy/Food page
Food,SalmonSteak,00064B3B,Salmon Steak,,Fandom Alchemy/Food,Food item
Food,SearedSlaughterfish,00064B3C,Seared Slaughterfish,,Fandom linked page seed,Exact row seed from linked Alchemy/Food page
Food,SlicedEidarCheese,00064B34,Sliced Eidar Cheese,,Fandom Alchemy/Food,Food item
Food,SlicedEidarCheese,00064B36,Sliced Eidar Cheese,,Fandom linked page seed,Exact row seed from linked Alchemy/Food page
Food,SlicedGoatCheese,00064B35,Sliced Goat Cheese,,Fandom Alchemy/Food,Food item
Food,SnowberryCrostata,XX003535,Snowberry Crostata,,Fandom/UESP curated pass,Food expansion
Food,SnowberryCrostata,XX00353B,Snowberry Crostata,,Fandom linked page seed,Exact row seed from linked Alchemy/Food page
Food,SoulHusk,XX014DC4,Soul Husk,,Fandom linked page seed,Exact row seed from linked Alchemy/Food page
Food,SpicedBeef,000CADFB,Spiced Beef,,Fandom linked page seed,Exact row seed from linked Alchemy/Food page
Food,SteamedMudcrabLegs,XX00353F,Steamed Mudcrab Legs,,Fandom/UESP curated pass,Food expansion
Food,FoodSweetRoll,00064B3D,Sweet Roll,,Fandom Food,Food item
Food,FoodTomato,00064B42,Tomato,,Fandom Food,Food item
Food,TomatoSoup,000F431C,Tomato Soup,,Fandom/UESP curated pass,Food expansion
Food,VegetableSoup,000F431E,Vegetable Soup,,Fandom/UESP curated pass,Food expansion
Food,Venison,000669A2,Venison,,Fandom linked page seed,Exact row seed from linked Alchemy/Food page
Food,VenisonChop,000722BD,Venison Chop,,Fandom/UESP curated pass,Food expansion
Food,VenisonStew,000F431D,Venison Stew,,Fandom/UESP curated pass,Food expansion
Beverages,Ale,00034C5E,Ale,,Fandom linked page seed,Exact row seed from linked Alchemy/Beverages page
Beverages,AltoWine,0003133B,Alto Wine,,Fandom/UESP curated pass,Beverage expansion
Beverages,AltoWine,000C5349,Alto Wine,,Fandom linked page seed,Exact row seed from linked Alchemy/Beverages page
Beverages,AltoWineVariant,0003133B,Alto Wine Variant,,Fandom linked page seed,Exact row seed from linked Alchemy/Beverages page
Beverages,ArgonianAle,0009380D,Argonian Ale,,Fandom/UESP curated pass,Beverage expansion
Beverages,ArgonianBloodwine,XX003535,Argonian Bloodwine,,Fandom linked page seed,Exact row seed from linked Alchemy/Beverages page
Beverages,AshfireMead,XX03572F,Ashfire Mead,,Fandom/UESP curated pass,Beverage expansion
Beverages,BalmoraBlue,000DC172,Balmora Blue,,Fandom linked page seed,Exact row seed from linked Alchemy/Beverages page
Beverages,BlackBriarMead,0002C35A,Black-Briar Mead,,Fandom/UESP curated pass,Beverage expansion
Beverages,BlackBriarReserve,000F257E,Black-Briar Reserve,,Fandom/UESP curated pass,Beverage expansion
Beverages,BlackBriarReserve,000F693F,Black-Briar Reserve,,Fandom linked page seed,Exact row seed from linked Alchemy/Beverages page
Beverages,CliffRacer,00065C39,Cliff Racer,,Fandom linked page seed,Exact row seed from linked Alchemy/Beverages page
Beverages,CliffRacer,XX03572E,Cliff Racer,,Fandom/UESP curated pass,Beverage expansion
Beverages,ColovianBrandy,00036D53,Colovian Brandy,,Fandom/UESP curated pass,Beverage expansion
Beverages,CyrodilicBrandy,000B91D7,Cyrodilic Brandy,,Fandom linked page seed,Exact row seed from linked Alchemy/Beverages page
Beverages,DoubleDistilledSkooma,0003F4BD,Double-Distilled Skooma,,Fandom linked page seed,Exact row seed from linked Alchemy/Beverages page
Beverages,DragonSBreathMead,000555E8,Dragon's Breath Mead,,Fandom/UESP curated pass,Beverage expansion
Beverages,EmberbrandWine,XX0320DF,Emberbrand Wine,,Fandom linked page seed,Exact row seed from linked Alchemy/Beverages page
Beverages,FirebrandWine,0001895F,Firebrand Wine,,Fandom linked page seed,Exact row seed from linked Alchemy/Beverages page
Beverages,Flin,XX0207E5,Flin,,Fandom linked page seed,Exact row seed from linked Alchemy/Beverages page
Beverages,HonningbrewMead,000508CA,Honningbrew Mead,,Fandom/UESP curated pass,Beverage expansion
Beverages,JessicaSWine,000F257E,Jessica's Wine,,Fandom linked page seed,Exact row seed from linked Alchemy/Beverages page
Beverages,KordirSSkooma,00057A7B,Kordir's Skooma,,Fandom linked page seed,Exact row seed from linked Alchemy/Beverages page
Beverages,Matze,XX0248CE,Matze,,Fandom linked page seed,Exact row seed from linked Alchemy/Beverages page
Beverages,Matze,XX03572D,Matze,,Fandom/UESP curated pass,Beverage expansion
Beverages,MeadWithJuniperBerry,000E0E56,Mead with Juniper Berry,,Fandom/UESP curated pass,Beverage expansion
Beverages,MeadWithJuniperBerry,00107A8A,Mead with Juniper Berry,,Fandom linked page seed,Exact row seed from linked Alchemy/Beverages page
Beverages,NordMead,00034C5D,Nord Mead,,Fandom/UESP curated pass,Beverage expansion
Beverages,RedwaterSkooma,XX01391D,Redwater Skooma,,Fandom linked page seed,Exact row seed from linked Alchemy/Beverages page
Beverages,SadriSSujamma,XX024E0B,Sadri's Sujamma,,Fandom linked page seed,Exact row seed from linked Alchemy/Beverages page
Beverages,Shein,XX0248CC,Shein,,Fandom linked page seed,Exact row seed from linked Alchemy/Beverages page
Beverages,Shein,XX03572C,Shein,,Fandom/UESP curated pass,Beverage expansion
Beverages,Skooma,00057A7A,Skooma,,Fandom/UESP curated pass,Beverage expansion
Beverages,SleepingTreeSap,000AED90,Sleeping Tree Sap,,Fandom linked page seed,Exact row seed from linked Alchemy/Beverages page
Beverages,SleepingTreeSap,000D8E3F,Sleeping Tree Sap,,Fandom/UESP curated pass,Beverage expansion
Beverages,SpicedWine,00085368,Spiced Wine,,Fandom/UESP curated pass,Beverage expansion
Beverages,StrosMKaiRum,000D055E,Stros M'Kai Rum,,Fandom linked page seed,Exact row seed from linked Alchemy/Beverages page
Beverages,Sujamma,XX0207E6,Sujamma,,Fandom linked page seed,Exact row seed from linked Alchemy/Beverages page
Beverages,SurilieBrothersWine,0003133C,Surilie Brothers Wine,,Fandom/UESP curated pass,Beverage expansion
Beverages,SurilieBrothersWine,XX003536,Surilie Brothers Wine,,Fandom linked page seed,Exact row seed from linked Alchemy/Beverages page
Beverages,VelvetLechance,00065C37,Velvet LeChance,,Fandom linked page seed,Exact row seed from linked Alchemy/Beverages page
Beverages,WhiteGoldTower,00065C38,White-Gold Tower,,Fandom linked page seed,Exact row seed from linked Alchemy/Beverages page
Beverages,Wine,0003133A,Wine,,Fandom/UESP curated pass,Beverage expansion
Beverages,Wine,0003133C,Wine,,Fandom linked page seed,Exact row seed from linked Alchemy/Beverages page
Beverages,WineVariant,000C5348,Wine Variant,,Fandom linked page seed,Exact row seed from linked Alchemy/Beverages page
Misc,Basket,00012FDF,Basket,,Fandom/UESP curated pass,Misc/crafting clutter expansion
Misc,MiscBasket01,00012FE7,Basket,,Fandom Miscellaneous Items,Basket variant
Misc,MiscBasket02,00012FE8,Basket,,Fandom Miscellaneous Items,Basket variant
Misc,MiscBasket03,00012FE9,Basket,,Fandom Miscellaneous Items,Basket variant
Misc,MiscBasket04,00012FEA,Basket,,Fandom Miscellaneous Items,Basket variant
Misc,MiscBasket05,00012FEB,Basket,,Fandom Miscellaneous Items,Basket variant
Misc,MiscBasket06,00012FEC,Basket,,Fandom Miscellaneous Items,Basket variant
Misc,BearPelt,0003AD52,Bear Pelt,,Fandom/UESP curated pass,Misc/crafting clutter expansion
Misc,BentDwemerScrapMetal,000C8878,Bent Dwemer Scrap Metal,,Fandom/UESP curated pass,Misc/crafting clutter expansion
Misc,MiscBroom,0006717F,Broom,,Fandom Miscellaneous Items,Misc item
Misc,Broom,00067180,Broom,,Fandom/UESP curated pass,Misc/crafting clutter expansion
Misc,MiscBucket01,00012FDF,Bucket,,Fandom Miscellaneous Items,Misc item
Misc,MiscBucket02,000747FB,Bucket,,Fandom Miscellaneous Items,Alternate bucket ID
Misc,MiscBucket03,000747FE,Bucket,,Fandom Miscellaneous Items,Alternate bucket ID
Misc,CastIronPot,0001EBC3,Cast Iron Pot,,Fandom/UESP curated pass,Misc/crafting clutter expansion
Misc,MiscCastIronPot02,000318FA,Cast Iron Pot,,Fandom Miscellaneous Items,Alternate ID
Misc,MiscCastIronPot01,000318FB,Cast Iron Pot,,Fandom Miscellaneous Items,Misc item
Misc,CaveBearPelt,0003AD53,Cave Bear Pelt,,Fandom/UESP curated pass,Misc/crafting clutter expansion
Misc,Charcoal,00033760,Charcoal,,Fandom/UESP curated pass,Misc/crafting clutter expansion
Misc,Clay,XX003043,Clay,,Fandom/UESP curated pass,Misc/crafting clutter expansion
Misc,MiscClothesIron,00067180,Clothes Iron,,Fandom Miscellaneous Items,Misc item
Misc,MiscCup,000B9BDC,Cup,,Fandom Miscellaneous Items,Misc item
Misc,DragonBone,0003ADA4,Dragon Bone,,Fandom linked page seed,Common exact row seed for linked console-command category
Misc,DragonScales,0003ADA3,Dragon Scales,,Fandom linked page seed,Common exact row seed for linked console-command category
Misc,DwarvenMetalIngot,000DB8A2,Dwarven Metal Ingot,,Fandom/UESP curated pass,Misc/crafting clutter expansion
Misc,DwemerCog,000AEBF1,Dwemer Cog,,Fandom/UESP curated pass,Misc/crafting clutter expansion
Misc,DwemerGyro,000C8861,Dwemer Gyro,,Fandom/UESP curated pass,Misc/crafting clutter expansion
Misc,DwemerScrapMetal,000C886A,Dwemer Scrap Metal,,Fandom/UESP curated pass,Misc/crafting clutter expansion
Misc,Firewood,0006F993,Firewood,,Skyrim.esm,Misc item
Misc,MiscFlagon,00044E70,Flagon,,Fandom Miscellaneous Items,Misc item
Misc,FoxPelt,000D4B35,Fox Pelt,,Fandom/UESP curated pass,Misc/crafting clutter expansion
Misc,Glass,XX005A69,Glass,,Fandom/UESP curated pass,Misc/crafting clutter expansion
Misc,GoatHide,0003AD8E,Goat Hide,,Fandom/UESP curated pass,Misc/crafting clutter expansion
Misc,GoatHorns,XX00303F,Goat Horns,,Fandom/UESP curated pass,Misc/crafting clutter expansion
Misc,Gold,0000000F,Gold,,Fandom/UESP curated pass,Misc/crafting clutter expansion
Misc,Hinge,XX003011,Hinge,,Fandom/UESP curated pass,Misc/crafting clutter expansion
Misc,HorkerTusk,0003AD68,Horker Tusk,,Fandom/UESP curated pass,Misc/crafting clutter expansion
Misc,HorseHide,0003AD93,Horse Hide,,Fandom/UESP curated pass,Misc/crafting clutter expansion
Misc,Inkwell,0004C3C6,Inkwell,,Fandom/UESP curated pass,Misc/crafting clutter expansion
Misc,IronFittings,XX003035,Iron Fittings,,Fandom/UESP curated pass,Misc/crafting clutter expansion
Misc,MiscKettle,00012FE6,Kettle,,Fandom Miscellaneous Items,Misc item
Misc,Kettle,0001F8F9,Kettle,,Fandom/UESP curated pass,Misc/crafting clutter expansion
Misc,MiscLantern,000318EC,Lantern,,Fandom Miscellaneous Items,Misc item
Misc,LargeDecorativeDwemerStrut,000C8864,Large Decorative Dwemer Strut,,Fandom/UESP curated pass,Misc/crafting clutter expansion
Misc,LargeDwemerPlateMetal,000C8866,Large Dwemer Plate Metal,,Fandom/UESP curated pass,Misc/crafting clutter expansion
Misc,LargeDwemerStrut,000C8867,Large Dwemer Strut,,Fandom/UESP curated pass,Misc/crafting clutter expansion
Misc,Leather,000DB5D2,Leather,,Fandom/UESP curated pass,Misc/crafting clutter expansion
Misc,LeatherStrips,000800E4,Leather Strips,,Fandom/UESP curated pass,Misc/crafting clutter expansion
Misc,LinenWrap,00034CD6,Linen Wrap,,Fandom Console Commands,Common clutter/material
Misc,Lock,XX003012,Lock,,Fandom/UESP curated pass,Misc/crafting clutter expansion
Misc,Lockpick,0000000A,Lockpick,,Skyrim.esm,Common inventory testing item
Misc,Nails,XX00300F,Nails,,Fandom/UESP curated pass,Misc/crafting clutter expansion
Misc,PaperRoll,00033761,Paper Roll,,Fandom/UESP curated pass,Misc/crafting clutter expansion
Misc,MiscPlatter,00098625,Platter,,Fandom Miscellaneous Items,Misc item
Misc,QuarriedStone,XX00306C,Quarried Stone,,Fandom/UESP curated pass,Misc/crafting clutter expansion
Misc,Quill,0004C3C8,Quill,,Fandom/UESP curated pass,Misc/crafting clutter expansion
Misc,MiscRollOfPaper,00033761,Roll of Paper,,Fandom Miscellaneous Items,Misc item
Misc,RuinedBook,000CE70B,Ruined Book,,Skyrim.esm,Misc book/item
Misc,SabreCatPelt,0003AD6D,Sabre Cat Pelt,,Fandom/UESP curated pass,Misc/crafting clutter expansion
Misc,SawnLog,XX00300E,Sawn Log,,Fandom/UESP curated pass,Misc/crafting clutter expansion
Misc,SmallDwemerPlateMetal,000C8868,Small Dwemer Plate Metal,,Fandom/UESP curated pass,Misc/crafting clutter expansion
Misc,SnowBearPelt,0003AD54,Snow Bear Pelt,,Fandom/UESP curated pass,Misc/crafting clutter expansion
Misc,SnowFoxPelt,000D4BE7,Snow Fox Pelt,,Fandom/UESP curated pass,Misc/crafting clutter expansion
Misc,SnowSabreCatPelt,0003AD6E,Snow Sabre Cat Pelt,,Fandom/UESP curated pass,Misc/crafting clutter expansion
Misc,SolidDwemerMetal,000C8874,Solid Dwemer Metal,,Fandom/UESP curated pass,Misc/crafting clutter expansion
Misc,Straw,XX005A68,Straw,,Fandom/UESP curated pass,Misc/crafting clutter expansion
Misc,Tankard,00024A38,Tankard,,Fandom/UESP curated pass,Misc/crafting clutter expansion
Misc,MiscTankard,000319E3,Tankard,,Fandom Miscellaneous Items,Misc item
Misc,Tongs,0001F8FA,Tongs,,Fandom/UESP curated pass,Misc/crafting clutter expansion
Misc,MiscTongs,0005CAE0,Tongs,,Fandom Miscellaneous Items,Misc item
Misc,Torch,0001D4EC,Torch,,Skyrim.esm,Light source
Misc,WolfPelt,0003AD74,Wolf Pelt,,Fandom/UESP curated pass,Misc/crafting clutter expansion
Misc,WoodenBowl,00015F1D,Wooden Bowl,,Fandom/UESP curated pass,Misc/crafting clutter expansion
Misc,MiscWoodenBowl,0003199A,Wooden Bowl,,Fandom Miscellaneous Items,Misc item
Misc,MiscWoodenLadle,000319E5,Wooden Ladle,,Fandom Miscellaneous Items,Misc item
Misc,WoodenPlate,000222A9,Wooden Plate,,Fandom/UESP curated pass,Misc/crafting clutter expansion
Misc,MiscWoodenPlate,00031941,Wooden Plate,,Fandom Miscellaneous Items,Misc item
Crafting,Charcoal,00033760,Charcoal,,Fandom Console Commands,Crafting material
Crafting,DragonBone,0003ADA4,Dragon Bone,,Skyrim.esm,Smithing material
Crafting,DragonScales,0003ADA3,Dragon Scales,,Skyrim.esm,Smithing material
Crafting,DwemerScrapMetal,000C886A,Dwemer Scrap Metal,,Skyrim.esm,Dwarven material
Crafting,Leather,000DB5D2,Leather,,Skyrim.esm,Crafting material
Crafting,LeatherStrips,000800E4,Leather Strips,,Skyrim.esm,Smithing material
Crafting,SolidDwemerMetal,000C8874,Solid Dwemer Metal,,Skyrim.esm,Dwarven material
Ores and Ingots,CorundumIngot,0005AD93,Corundum Ingot,,Skyrim.esm,Ingot
Ores and Ingots,CorundumOre,0005ACDB,Corundum Ore,,Skyrim.esm,Ore
Ores and Ingots,DwarvenMetalIngot,000DB8A2,Dwarven Metal Ingot,,Skyrim.esm,Ingot
Ores and Ingots,EbonyIngot,0005AD9D,Ebony Ingot,,Skyrim.esm,Ingot
Ores and Ingots,EbonyOre,0005ACDC,Ebony Ore,,Skyrim.esm,Ore
Ores and Ingots,GoldIngot,0005AD9E,Gold Ingot,,Skyrim.esm,Ingot
Ores and Ingots,GoldOre,0005ACDE,Gold Ore,,Skyrim.esm,Ore
Ores and Ingots,IronIngot,0005ACE4,Iron Ingot,,Skyrim.esm,Ingot
Ores and Ingots,IronOre,00071CF3,Iron Ore,,Skyrim.esm,Ore
Ores and Ingots,MalachiteOre,0005ACE1,Malachite Ore,,Skyrim.esm,Ore
Ores and Ingots,MoonstoneOre,0005ACE0,Moonstone Ore,,Skyrim.esm,Ore
Ores and Ingots,OrichalcumIngot,0005AD99,Orichalcum Ingot,,Skyrim.esm,Ingot
Ores and Ingots,OrichalcumOre,0005ACDD,Orichalcum Ore,,Skyrim.esm,Ore
Ores and Ingots,QuicksilverIngot,0005ADA0,Quicksilver Ingot,,Skyrim.esm,Ingot
Ores and Ingots,QuicksilverOre,0005ACE2,Quicksilver Ore,,Skyrim.esm,Ore
Ores and Ingots,RefinedMalachite,0005ADA1,Refined Malachite,,Skyrim.esm,Ingot
Ores and Ingots,RefinedMoonstone,0005AD9F,Refined Moonstone,,Skyrim.esm,Ingot
Ores and Ingots,SilverIngot,0005ACE3,Silver Ingot,,Skyrim.esm,Ingot
Ores and Ingots,SilverOre,0005ACDF,Silver Ore,,Skyrim.esm,Ore
Ores and Ingots,Stalhrim,XX02B06B,Stalhrim,,Skyrim.esm,Dragonborn material; XX load-order placeholder
Ores and Ingots,SteelIngot,0005ACE5,Steel Ingot,,Skyrim.esm,Ingot
Building Materials,Clay,XX003043,Clay,,Skyrim.esm,Hearthfire; XX load-order placeholder
Building Materials,Glass,XX005A69,Glass,,Skyrim.esm,Hearthfire; XX load-order placeholder
Building Materials,GoatHorns,XX00303F,Goat Horns,,Skyrim.esm,Hearthfire; XX load-order placeholder
Building Materials,QuarriedStone,XX00306C,Quarried Stone,,Skyrim.esm,Hearthfire; XX load-order placeholder
Building Materials,SawnLog,XX00300E,Sawn Log,,Skyrim.esm,Hearthfire; XX load-order placeholder
Building Materials,Straw,XX005A68,Straw,,Skyrim.esm,Hearthfire; XX load-order placeholder
Gems,Amethyst,00063B46,Amethyst,,Skyrim.esm,Gem
Gems,Diamond,00063B47,Diamond,,Skyrim.esm,Gem
Gems,Emerald,00063B43,Emerald,,Skyrim.esm,Gem
Gems,FlawlessAmethyst,0006851E,Flawless Amethyst,,Skyrim.esm,Gem
Gems,FlawlessDiamond,0006851F,Flawless Diamond,,Skyrim.esm,Gem
Gems,FlawlessEmerald,00068520,Flawless Emerald,,Skyrim.esm,Gem
Gems,FlawlessGarnet,00068521,Flawless Garnet,,Skyrim.esm,Gem
Gems,FlawlessRuby,00068522,Flawless Ruby,,Skyrim.esm,Gem
Gems,FlawlessSapphire,00068523,Flawless Sapphire,,Skyrim.esm,Gem
Gems,Garnet,00063B45,Garnet,,Skyrim.esm,Gem
Gems,Ruby,00063B42,Ruby,,Skyrim.esm,Gem
Gems,Sapphire,00063B44,Sapphire,,Skyrim.esm,Gem
Soul Gems,AzurasStar,00063B27,Azura's Star,,Skyrim.esm,Reusable soul gem
Soul Gems,BlackSoulGemEmpty,0002E500,Black Soul Gem (Empty),,Skyrim.esm,Empty
Soul Gems,BlackSoulGemFilled,0002E504,Black Soul Gem (Filled),,Skyrim.esm,Filled
Soul Gems,BlackSoulGemEmpty,0002E500,Black Soul Gem Empty,,Fandom linked page seed,Common exact row seed for linked console-command category
Soul Gems,BlackSoulGemFull,0002E504,Black Soul Gem Full,,Fandom linked page seed,Common exact row seed for linked console-command category
Soul Gems,CommonSoulGemEmpty,0002E4E6,Common Soul Gem (Empty),,Skyrim.esm,Empty
Soul Gems,CommonSoulGemFilled,0002E4F3,Common Soul Gem (Filled),,Skyrim.esm,Filled
Soul Gems,CommonSoulGemEmpty,0002E4E6,Common Soul Gem Empty,,Fandom linked page seed,Common exact row seed for linked console-command category
Soul Gems,CommonSoulGemFull,0002E4F3,Common Soul Gem Full,,Fandom linked page seed,Common exact row seed for linked console-command category
Soul Gems,GrandSoulGemEmpty,0002E4FC,Grand Soul Gem (Empty),,Skyrim.esm,Empty
Soul Gems,GrandSoulGemFilled,0002E4FF,Grand Soul Gem (Filled),,Skyrim.esm,Filled
Soul Gems,GrandSoulGemEmpty,0002E4FC,Grand Soul Gem Empty,,Fandom linked page seed,Common exact row seed for linked console-command category
Soul Gems,GrandSoulGemFull,0002E4FF,Grand Soul Gem Full,,Fandom linked page seed,Common exact row seed for linked console-command category
Soul Gems,GreaterSoulGemEmpty,0002E4F4,Greater Soul Gem (Empty),,Skyrim.esm,Empty
Soul Gems,GreaterSoulGemFilled,0002E4FB,Greater Soul Gem (Filled),,Skyrim.esm,Filled
Soul Gems,GreaterSoulGemEmpty,0002E4F4,Greater Soul Gem Empty,,Fandom linked page seed,Common exact row seed for linked console-command category
Soul Gems,GreaterSoulGemFull,0002E4FB,Greater Soul Gem Full,,Fandom linked page seed,Common exact row seed for linked console-command category
Soul Gems,LesserSoulGemEmpty,0002E4E4,Lesser Soul Gem (Empty),,Skyrim.esm,Empty
Soul Gems,LesserSoulGemFilled,0002E4E5,Lesser Soul Gem (Filled),,Skyrim.esm,Filled
Soul Gems,LesserSoulGemEmpty,0002E4E4,Lesser Soul Gem Empty,,Fandom linked page seed,Common exact row seed for linked console-command category
Soul Gems,LesserSoulGemFull,0002E4E5,Lesser Soul Gem Full,,Fandom linked page seed,Common exact row seed for linked console-command category
Soul Gems,PettySoulGemEmpty,0002E4E2,Petty Soul Gem (Empty),,Skyrim.esm,Empty
Soul Gems,PettySoulGemFilled,0002E4E3,Petty Soul Gem (Filled),,Skyrim.esm,Filled
Soul Gems,PettySoulGemEmpty,0002E4E2,Petty Soul Gem Empty,,Fandom linked page seed,Common exact row seed for linked console-command category
Soul Gems,PettySoulGemFull,0002E4E3,Petty Soul Gem Full,,Fandom linked page seed,Common exact row seed for linked console-command category
Soul Gems,TheBlackStar,00063B29,The Black Star,,Skyrim.esm,Reusable black soul gem
Soul Gems,TreatedSoulGem,00094E40,Treated Soul Gem,,Fandom Soul Gems,Soul gem
Soul Gems,WylandriahSSoulGem,00043E26,Wylandriah's Soul Gem,,Fandom Soul Gems,Soul gem
Ingredients,AbeceanLongfin,00106E1B,Abecean Longfin,,Skyrim.esm,Alchemy ingredient
Ingredients,AncestorMothWing,XX0059BA,Ancestor Moth Wing,,Fandom/UESP curated pass,Ingredient expansion
Ingredients,AshCreepCluster,XX01CD74,Ash Creep Cluster,,Fandom/UESP curated pass,Ingredient expansion
Ingredients,AshHopperJelly,XX01CD71,Ash Hopper Jelly,,Fandom/UESP curated pass,Ingredient expansion
Ingredients,AshenGrassPod,XX016E26,Ashen Grass Pod,,Fandom/UESP curated pass,Ingredient expansion
Ingredients,BearClaws,0006BC02,Bear Claws,,Skyrim.esm,Alchemy ingredient
Ingredients,Bee,000A9195,Bee,,Skyrim.esm,Alchemy ingredient
Ingredients,BeehiveHusk,000A9191,Beehive Husk,,Skyrim.esm,Alchemy ingredient
Ingredients,BeritsAshes,000705B7,Berit's Ashes,,Skyrim.esm,Alchemy ingredient
Ingredients,BleedingCrown,0004DA20,Bleeding Crown,,Skyrim.esm,Alchemy ingredient
Ingredients,Blisterwort,0004DA25,Blisterwort,,Skyrim.esm,Alchemy ingredient
Ingredients,BlueButterflyWing,000727DE,Blue Butterfly Wing,,Skyrim.esm,Alchemy ingredient
Ingredients,BlueDartwing,000E4F0C,Blue Dartwing,,Skyrim.esm,Alchemy ingredient
Ingredients,BlueMountainFlower,00077E1C,Blue Mountain Flower,,Skyrim.esm,Alchemy ingredient
Ingredients,BoarTusk,XX01CD6F,Boar Tusk,,Fandom/UESP curated pass,Ingredient expansion
Ingredients,BoneMeal,00034CDD,Bone Meal,,Skyrim.esm,Alchemy ingredient
Ingredients,BriarHeart,0003AD61,Briar Heart,,Skyrim.esm,Alchemy ingredient
Ingredients,BurntSprigganWood,XX01CD6E,Burnt Spriggan Wood,,Fandom/UESP curated pass,Ingredient expansion
Ingredients,ButterflyWing,000727E0,Butterfly Wing,,Skyrim.esm,Alchemy ingredient
Ingredients,CanisRoot,0006ABCB,Canis Root,,Skyrim.esm,Alchemy ingredient
Ingredients,CharredSkeeverHide,00052695,Charred Skeever Hide,,Skyrim.esm,Alchemy ingredient
Ingredients,ChaurusEggs,0003AD56,Chaurus Eggs,,Skyrim.esm,Alchemy ingredient
Ingredients,ChaurusHunterAntennae,XX0183B7,Chaurus Hunter Antennae,,Fandom/UESP curated pass,Ingredient expansion
Ingredients,ChickensEgg,00023D77,Chicken's Egg,,Skyrim.esm,Alchemy ingredient
Ingredients,CreepCluster,000B2183,Creep Cluster,,Skyrim.esm,Alchemy ingredient
Ingredients,CrimsonNirnroot,000B701A,Crimson Nirnroot,,Skyrim.esm,Alchemy ingredient
Ingredients,CyrodilicSpadetail,00106E19,Cyrodilic Spadetail,,Skyrim.esm,Alchemy ingredient
Ingredients,DaedraHeart,0003AD5B,Daedra Heart,,Skyrim.esm,Alchemy ingredient
Ingredients,Deathbell,000516C8,Deathbell,,Skyrim.esm,Alchemy ingredient
Ingredients,DragonsTongue,000889A2,Dragon's Tongue,,Skyrim.esm,Alchemy ingredient
Ingredients,DwarvenOil,000F11C0,Dwarven Oil,,Skyrim.esm,Alchemy ingredient
Ingredients,Ectoplasm,0003AD63,Ectoplasm,,Skyrim.esm,Alchemy ingredient
Ingredients,ElvesEar,00034D31,Elves Ear,,Skyrim.esm,Alchemy ingredient
Ingredients,EmperorParasolMoss,XX01FF75,Emperor Parasol Moss,,Fandom/UESP curated pass,Ingredient expansion
Ingredients,EyeofSabreCat,0006BC07,Eye of Sabre Cat,,Skyrim.esm,Alchemy ingredient
Ingredients,FalmerEar,0003AD5D,Falmer Ear,,Skyrim.esm,Alchemy ingredient
Ingredients,FelsaadTernFeathers,XX03CD8E,Felsaad Tern Feathers,,Fandom/UESP curated pass,Ingredient expansion
Ingredients,FineCutVoidSalts,0003AD60,Fine-Cut Void Salts,,Skyrim.esm,Alchemy ingredient
Ingredients,FireSalts,0003AD5E,Fire Salts,,Skyrim.esm,Alchemy ingredient
Ingredients,FlyAmanita,0004DA00,Fly Amanita,,Skyrim.esm,Alchemy ingredient
Ingredients,FrostMirriam,00034D32,Frost Mirriam,,Skyrim.esm,Alchemy ingredient
Ingredients,FrostSalts,0003AD5F,Frost Salts,,Skyrim.esm,Alchemy ingredient
Ingredients,Garlic,00034D22,Garlic,,Skyrim.esm,Alchemy ingredient
Ingredients,GiantLichen,0007E8C1,Giant Lichen,,Skyrim.esm,Alchemy ingredient
Ingredients,GiantsToe,0003AD64,Giant's Toe,,Skyrim.esm,Alchemy ingredient
Ingredients,Gleamblossom,XX00B097,Gleamblossom,,Fandom/UESP curated pass,Ingredient expansion
Ingredients,GlowDust,0003AD73,Glow Dust,,Skyrim.esm,Alchemy ingredient
Ingredients,GlowingMushroom,0007EE01,Glowing Mushroom,,Skyrim.esm,Alchemy ingredient
Ingredients,GrassPod,00083E64,Grass Pod,,Skyrim.esm,Alchemy ingredient
Ingredients,HagravenClaw,0006B689,Hagraven Claw,,Skyrim.esm,Alchemy ingredient
Ingredients,HagravenFeathers,0003AD66,Hagraven Feathers,,Skyrim.esm,Alchemy ingredient
Ingredients,HangingMoss,00057F91,Hanging Moss,,Skyrim.esm,Alchemy ingredient
Ingredients,HawkBeak,000E7EBC,Hawk Beak,,Skyrim.esm,Alchemy ingredient
Ingredients,HawkFeathers,000E7ED0,Hawk Feathers,,Skyrim.esm,Alchemy ingredient
Ingredients,HawkSEgg,XX00F1CC,Hawk's Egg,,Fandom/UESP curated pass,Ingredient expansion
Ingredients,Histcarp,00106E18,Histcarp,,Skyrim.esm,Alchemy ingredient
Ingredients,Honeycomb,000B08C5,Honeycomb,,Skyrim.esm,Alchemy ingredient
Ingredients,HumanFlesh,001016B3,Human Flesh,,Skyrim.esm,Alchemy ingredient
Ingredients,HumanHeart,000B18CD,Human Heart,,Skyrim.esm,Alchemy ingredient
Ingredients,IceWraithTeeth,0003AD6A,Ice Wraith Teeth,,Skyrim.esm,Alchemy ingredient
Ingredients,ImpStool,0004DA23,Imp Stool,,Skyrim.esm,Alchemy ingredient
Ingredients,JarrinRoot,0001BCBC,Jarrin Root,,Fandom/UESP curated pass,Ingredient expansion
Ingredients,JazbayGrapes,0006AC4A,Jazbay Grapes,,Skyrim.esm,Alchemy ingredient
Ingredients,JuniperBerries,0005076E,Juniper Berries,,Skyrim.esm,Alchemy ingredient
Ingredients,LargeAntlers,0006BC0A,Large Antlers,,Fandom/UESP curated pass,Ingredient expansion
Ingredients,Lavender,00045C28,Lavender,,Skyrim.esm,Alchemy ingredient
Ingredients,LunaMothWing,000727DF,Luna Moth Wing,,Skyrim.esm,Alchemy ingredient
Ingredients,MoonSugar,000D8E3F,Moon Sugar,,Skyrim.esm,Alchemy ingredient
Ingredients,MoraTapinella,000EC870,Mora Tapinella,,Skyrim.esm,Alchemy ingredient
Ingredients,MudcrabChitin,0006BC00,Mudcrab Chitin,,Skyrim.esm,Alchemy ingredient
Ingredients,NamirasRot,0004DA24,Namira's Rot,,Skyrim.esm,Alchemy ingredient
Ingredients,NetchJelly,XX01CD72,Netch Jelly,,Fandom/UESP curated pass,Ingredient expansion
Ingredients,Nightshade,0002F44C,Nightshade,,Skyrim.esm,Alchemy ingredient
Ingredients,Nirnroot,00059B86,Nirnroot,,Skyrim.esm,Alchemy ingredient
Ingredients,NordicBarnacle,0007EDF5,Nordic Barnacle,,Skyrim.esm,Alchemy ingredient
Ingredients,OrangeDartwing,000BB956,Orange Dartwing,,Skyrim.esm,Alchemy ingredient
Ingredients,Pearl,000854FE,Pearl,,Skyrim.esm,Alchemy ingredient
Ingredients,PineThrushEgg,00023D6F,Pine Thrush Egg,,Skyrim.esm,Alchemy ingredient
Ingredients,PoisonBloom,XX0185FB,Poison Bloom,,Fandom/UESP curated pass,Ingredient expansion
Ingredients,PowderedMammothTusk,0006BC10,Powdered Mammoth Tusk,,Skyrim.esm,Alchemy ingredient
Ingredients,PurpleMountainFlower,00077E1E,Purple Mountain Flower,,Skyrim.esm,Alchemy ingredient
Ingredients,RedMountainFlower,00077E1D,Red Mountain Flower,,Skyrim.esm,Alchemy ingredient
Ingredients,RiverBetty,00106E1A,River Betty,,Skyrim.esm,Alchemy ingredient
Ingredients,RockWarblerEgg,0007E8C8,Rock Warbler Egg,,Skyrim.esm,Alchemy ingredient
Ingredients,SabreCatTooth,0006BC04,Sabre Cat Tooth,,Skyrim.esm,Alchemy ingredient
Ingredients,SalmonRoe,XX003545,Salmon Roe,,Fandom/UESP curated pass,Ingredient expansion
Ingredients,SaltPile,00034CDF,Salt Pile,,Skyrim.esm,Alchemy ingredient
Ingredients,ScalyPholiota,0006F950,Scaly Pholiota,,Skyrim.esm,Alchemy ingredient
Ingredients,Scathecraw,XX017E97,Scathecraw,,Fandom/UESP curated pass,Ingredient expansion
Ingredients,SilversidePerch,00106E1C,Silverside Perch,,Skyrim.esm,Alchemy ingredient
Ingredients,SkeeverTail,0003AD6F,Skeever Tail,,Skyrim.esm,Alchemy ingredient
Ingredients,SlaughterfishEgg,0007E8C5,Slaughterfish Egg,,Skyrim.esm,Alchemy ingredient
Ingredients,SlaughterfishScales,0003AD70,Slaughterfish Scales,,Skyrim.esm,Alchemy ingredient
Ingredients,SmallAntlers,0006BC0B,Small Antlers,,Skyrim.esm,Alchemy ingredient
Ingredients,SmallPearl,00085500,Small Pearl,,Skyrim.esm,Alchemy ingredient
Ingredients,Snowberries,0001B3BD,Snowberries,,Skyrim.esm,Alchemy ingredient
Ingredients,SpawnAsh,XX01CD6D,Spawn Ash,,Fandom/UESP curated pass,Ingredient expansion
Ingredients,SpiderEgg,0009151B,Spider Egg,,Skyrim.esm,Alchemy ingredient
Ingredients,SprigganSap,00063B5F,Spriggan Sap,,Skyrim.esm,Alchemy ingredient
Ingredients,SwampFungalPod,0007E8B7,Swamp Fungal Pod,,Skyrim.esm,Alchemy ingredient
Ingredients,Taproot,0003AD71,Taproot,,Skyrim.esm,Alchemy ingredient
Ingredients,ThistleBranch,000134AA,Thistle Branch,,Skyrim.esm,Alchemy ingredient
Ingredients,TorchbugThorax,0004DA73,Torchbug Thorax,,Skyrim.esm,Alchemy ingredient
Ingredients,TramaRoot,XX017008,Trama Root,,Fandom/UESP curated pass,Ingredient expansion
Ingredients,TrollFat,0003AD72,Troll Fat,,Skyrim.esm,Alchemy ingredient
Ingredients,TundraCotton,0003F7F8,Tundra Cotton,,Skyrim.esm,Alchemy ingredient
Ingredients,VampireDust,0003AD76,Vampire Dust,,Skyrim.esm,Alchemy ingredient
Ingredients,VoidSalts,0003AD60,Void Salts,,Skyrim.esm,Alchemy ingredient
Ingredients,Wheat,0004B0BA,Wheat,,Skyrim.esm,Alchemy ingredient
Ingredients,WhiteCap,0004DA22,White Cap,,Skyrim.esm,Alchemy ingredient
Ingredients,WispWrappings,0006BC0E,Wisp Wrappings,,Skyrim.esm,Alchemy ingredient
Books,AeriSNote,00090E52,Aeri's Note,,Fandom: Console Commands (Skyrim)/Books,Deep linked-page seed pass: Books
Books,AevarStoneSinger,0001ACE6,Aevar Stone-Singer,,Fandom: Console Commands (Skyrim)/Books,Deep linked-page seed pass: Books
Books,AfflictedSNote,00045F94,Afflicted's Note,,Fandom: Console Commands (Skyrim)/Books,Deep linked-page seed pass: Books
Books,AgriusSJournal,00083AE8,Agrius's Journal,,Fandom: Console Commands (Skyrim)/Books,Deep linked-page seed pass: Books
Books,AhzirrTraajijazeri,0001AFF3,Ahzirr Traajijazeri,,Fandom: Console Commands (Skyrim)/Books,Deep linked-page seed pass: Books
Books,AicantarSLabJournal,00065C35,Aicantar's Lab Journal,,Fandom: Console Commands (Skyrim)/Books,Deep linked-page seed pass: Books
Books,AlchemistSJournal,0003A523,Alchemist's Journal,,Fandom: Console Commands (Skyrim)/Books,Deep linked-page seed pass: Books
Books,AlchemistSJournal,000CE5BD,Alchemist's Journal,,Fandom: Console Commands (Skyrim)/Books,Deep linked-page seed pass: Books
Books,AlchemistSNote,0006DF90,Alchemist's Note,,Fandom: Console Commands (Skyrim)/Books,Deep linked-page seed pass: Books
Books,AlduinIsReal,000EA5B0,Alduin is Real,,Fandom: Console Commands (Skyrim)/Books,Deep linked-page seed pass: Books
Books,AlethiusSNotes,000C370E,Alethius's Notes,,Fandom: Console Commands (Skyrim)/Books,Deep linked-page seed pass: Books
Books,AllEmployeesMustRead,000F68A2,All Employees Must Read!,,Fandom: Console Commands (Skyrim)/Books,Deep linked-page seed pass: Books
Books,AlvaSJournal,0002A96D,Alva's Journal,,Fandom: Console Commands (Skyrim)/Books,Deep linked-page seed pass: Books
Books,AmaundMotierreSSealedLetter,0005BF2E,Amaund Motierre's Sealed Letter,,Fandom: Console Commands (Skyrim)/Books,Deep linked-page seed pass: Books
Books,AmongstTheDraugr,000ED03F,Amongst the Draugr,,Fandom: Console Commands (Skyrim)/Books,Deep linked-page seed pass: Books
Books,AnAccountingOfTheScrolls,000ED03A,An Accounting of the Scrolls,,Fandom: Console Commands (Skyrim)/Books,Deep linked-page seed pass: Books
Books,AnApology,000F68A4,An Apology,,Fandom: Console Commands (Skyrim)/Books,Deep linked-page seed pass: Books
Books,AnExplorerSGuideToSkyrim,00083B38,An Explorer's Guide to Skyrim,,Fandom: Console Commands (Skyrim)/Books,Deep linked-page seed pass: Books
Books,AncestorsAndTheDunmer,0001B22D,Ancestors and the Dunmer,,Fandom: Console Commands (Skyrim)/Books,Deep linked-page seed pass: Books
Books,AncientEdict,000ED441,Ancient Edict,,Fandom: Console Commands (Skyrim)/Books,Deep linked-page seed pass: Books
Books,AndersSMessage,000FF223,Anders's Message,,Fandom: Console Commands (Skyrim)/Books,Deep linked-page seed pass: Books
Books,AniseSLetter,000DDFB6,Anise's Letter,,Fandom: Console Commands (Skyrim)/Books,Deep linked-page seed pass: Books
Books,AnnalsOfTheDragonguard,0003636A,Annals of the Dragonguard,,Fandom: Console Commands (Skyrim)/Books,Deep linked-page seed pass: Books
Books,AnonymousLetter,000504EF,Anonymous Letter,,Fandom: Console Commands (Skyrim)/Books,Deep linked-page seed pass: Books
Books,AnonymousLetter,000504EE,Anonymous Letter,,Fandom: Console Commands (Skyrim)/Books,Deep linked-page seed pass: Books
Books,AntecedantsOfDwemerLaw,0001B22F,Antecedants of Dwemer Law,,Fandom: Console Commands (Skyrim)/Books,Deep linked-page seed pass: Books
Books,ArcanaRestored,0001ACFE,Arcana Restored,,Fandom: Console Commands (Skyrim)/Books,Deep linked-page seed pass: Books
Books,ArgonianAccountBook1,0001AFD7,"Argonian Account, Book 1",,Fandom: Console Commands (Skyrim)/Books,Deep linked-page seed pass: Books
Books,ArgonianAccountBook2,0001ACE7,"Argonian Account, Book 2",,Fandom: Console Commands (Skyrim)/Books,Deep linked-page seed pass: Books
Books,ArgonianAccountBook3,0001AFFC,"Argonian Account, Book 3",,Fandom: Console Commands (Skyrim)/Books,Deep linked-page seed pass: Books
Books,ArgonianAccountBook4,0001ACE8,"Argonian Account, Book 4",,Fandom: Console Commands (Skyrim)/Books,Deep linked-page seed pass: Books
Books,ArgonianCeremony,000F68A8,Argonian Ceremony,,Fandom: Console Commands (Skyrim)/Books,Deep linked-page seed pass: Books
Books,ArondilSJournalPart1,00080D63,"Arondil's Journal, Part 1",,Fandom: Console Commands (Skyrim)/Books,Deep linked-page seed pass: Books
Books,ArondilSJournalPart2,00080D64,"Arondil's Journal, Part 2",,Fandom: Console Commands (Skyrim)/Books,Deep linked-page seed pass: Books
Books,ArondilSJournalPart3,00080D65,"Arondil's Journal, Part 3",,Fandom: Console Commands (Skyrim)/Books,Deep linked-page seed pass: Books
Books,ArondilSJournalPart4,00080D66,"Arondil's Journal, Part 4",,Fandom: Console Commands (Skyrim)/Books,Deep linked-page seed pass: Books
Books,ArvelSJournal,00039654,Arvel's Journal,,Fandom: Console Commands (Skyrim)/Books,Deep linked-page seed pass: Books
Books,AtlasOfDragons,000FF227,Atlas of Dragons,,Fandom: Console Commands (Skyrim)/Books,Deep linked-page seed pass: Books
Books,AtronachForgeManual,0006CE1C,Atronach Forge Manual,,Fandom: Console Commands (Skyrim)/Books,Deep linked-page seed pass: Books
Books,AtronachForgeRecipe,0010F776,Atronach Forge Recipe,,Fandom: Console Commands (Skyrim)/Books,Deep linked-page seed pass: Books
Books,AtronachForgeRecipe,0010F777,Atronach Forge Recipe,,Fandom: Console Commands (Skyrim)/Books,Deep linked-page seed pass: Books
Books,AtronachForgeRecipe,0010F778,Atronach Forge Recipe,,Fandom: Console Commands (Skyrim)/Books,Deep linked-page seed pass: Books
Books,AtronachForgeRecipe,0010F779,Atronach Forge Recipe,,Fandom: Console Commands (Skyrim)/Books,Deep linked-page seed pass: Books
Books,AtronachForgeRecipe,0010F77A,Atronach Forge Recipe,,Fandom: Console Commands (Skyrim)/Books,Deep linked-page seed pass: Books
Books,AtronachForgeRecipe,0010F76C,Atronach Forge Recipe,,Fandom: Console Commands (Skyrim)/Books,Deep linked-page seed pass: Books
Books,AtronachForgeRecipe,0010F77B,Atronach Forge Recipe,,Fandom: Console Commands (Skyrim)/Books,Deep linked-page seed pass: Books
Books,AtronachForgeRecipe,0010F766,Atronach Forge Recipe,,Fandom: Console Commands (Skyrim)/Books,Deep linked-page seed pass: Books
Books,AtronachForgeRecipe,0010F76D,Atronach Forge Recipe,,Fandom: Console Commands (Skyrim)/Books,Deep linked-page seed pass: Books
Books,AtronachForgeRecipe,0010F76E,Atronach Forge Recipe,,Fandom: Console Commands (Skyrim)/Books,Deep linked-page seed pass: Books
Books,AtronachForgeRecipe,0010F76F,Atronach Forge Recipe,,Fandom: Console Commands (Skyrim)/Books,Deep linked-page seed pass: Books
Books,AtronachForgeRecipe,0010F770,Atronach Forge Recipe,,Fandom: Console Commands (Skyrim)/Books,Deep linked-page seed pass: Books
Books,AtronachForgeRecipe,0010F771,Atronach Forge Recipe,,Fandom: Console Commands (Skyrim)/Books,Deep linked-page seed pass: Books
Books,AtronachForgeRecipe,0010F772,Atronach Forge Recipe,,Fandom: Console Commands (Skyrim)/Books,Deep linked-page seed pass: Books
Books,AtronachForgeRecipe,0010F773,Atronach Forge Recipe,,Fandom: Console Commands (Skyrim)/Books,Deep linked-page seed pass: Books
Books,AtronachForgeRecipe,0010F774,Atronach Forge Recipe,,Fandom: Console Commands (Skyrim)/Books,Deep linked-page seed pass: Books
Books,AtronachForgeRecipe,0010F775,Atronach Forge Recipe,,Fandom: Console Commands (Skyrim)/Books,Deep linked-page seed pass: Books
Books,AtronachForgeRecipe,0010F76B,Atronach Forge Recipe,,Fandom: Console Commands (Skyrim)/Books,Deep linked-page seed pass: Books
Books,AtronachForgeRecipe,0010F76A,Atronach Forge Recipe,,Fandom: Console Commands (Skyrim)/Books,Deep linked-page seed pass: Books
Books,AtronachForgeRecipe,0010F769,Atronach Forge Recipe,,Fandom: Console Commands (Skyrim)/Books,Deep linked-page seed pass: Books
Books,AtronachForgeRecipe,0010F786,Atronach Forge Recipe,,Fandom: Console Commands (Skyrim)/Books,Deep linked-page seed pass: Books
Books,AtronachForgeRecipe,0010F785,Atronach Forge Recipe,,Fandom: Console Commands (Skyrim)/Books,Deep linked-page seed pass: Books
Books,AtronachForgeRecipe,0010F784,Atronach Forge Recipe,,Fandom: Console Commands (Skyrim)/Books,Deep linked-page seed pass: Books
Books,AtronachForgeRecipe,0010F783,Atronach Forge Recipe,,Fandom: Console Commands (Skyrim)/Books,Deep linked-page seed pass: Books
Books,AtronachForgeRecipe,0010F782,Atronach Forge Recipe,,Fandom: Console Commands (Skyrim)/Books,Deep linked-page seed pass: Books
Books,AtronachForgeRecipe,0010F781,Atronach Forge Recipe,,Fandom: Console Commands (Skyrim)/Books,Deep linked-page seed pass: Books
Books,AtronachForgeRecipe,0010F780,Atronach Forge Recipe,,Fandom: Console Commands (Skyrim)/Books,Deep linked-page seed pass: Books
Books,AtronachForgeRecipe,0010F77F,Atronach Forge Recipe,,Fandom: Console Commands (Skyrim)/Books,Deep linked-page seed pass: Books
Books,AtronachForgeRecipe,0010F77E,Atronach Forge Recipe,,Fandom: Console Commands (Skyrim)/Books,Deep linked-page seed pass: Books
Books,AtronachForgeRecipe,0010F77D,Atronach Forge Recipe,,Fandom: Console Commands (Skyrim)/Books,Deep linked-page seed pass: Books
Books,AtronachForgeRecipe,0010F77C,Atronach Forge Recipe,,Fandom: Console Commands (Skyrim)/Books,Deep linked-page seed pass: Books
Books,AttentionEmployees,000F68A0,Attention Employees!,,Fandom: Console Commands (Skyrim)/Books,Deep linked-page seed pass: Books
Books,AzuraAndTheBox,0001ACE9,Azura and the Box,,Fandom: Console Commands (Skyrim)/Books,Deep linked-page seed pass: Books
Books,BalmoraBlueNote,000DC176,Balmora Blue Note,,Fandom: Console Commands (Skyrim)/Books,Deep linked-page seed pass: Books
Books,BanditLeaderSJournal,00078DD2,Bandit Leader's Journal,,Fandom: Console Commands (Skyrim)/Books,Deep linked-page seed pass: Books
Books,BanditSJournal,00083AFB,Bandit's Journal,,Fandom: Console Commands (Skyrim)/Books,Deep linked-page seed pass: Books
Books,BanditSJournal,00083B01,Bandit's Journal,,Fandom: Console Commands (Skyrim)/Books,Deep linked-page seed pass: Books
Books,BattleOfRedMountain,0002F83C,Battle of Red Mountain,,Fandom: Console Commands (Skyrim)/Books,Deep linked-page seed pass: Books
Books,BattleOfSancreTor,0001AFDC,Battle of Sancre Tor,,Fandom: Console Commands (Skyrim)/Books,Deep linked-page seed pass: Books
Books,BeforeTheAgesOfMan,0001B012,Before the Ages of Man,,Fandom: Console Commands (Skyrim)/Books,Deep linked-page seed pass: Books
Books,Beggar,0001AFD6,Beggar,,Fandom: Console Commands (Skyrim)/Books,Deep linked-page seed pass: Books
Books,BeggarPrince,0001ACC7,Beggar Prince,,Fandom: Console Commands (Skyrim)/Books,Deep linked-page seed pass: Books
Books,BewareTheButcher,00021683,Beware the Butcher!,,Fandom: Console Commands (Skyrim)/Books,Deep linked-page seed pass: Books
Books,BiographyOfBarenziahV1,0001ACB5,"Biography of Barenziah, v1",,Fandom: Console Commands (Skyrim)/Books,Deep linked-page seed pass: Books
Books,BiographyOfBarenziahV2,0001ACB6,"Biography of Barenziah, v2",,Fandom: Console Commands (Skyrim)/Books,Deep linked-page seed pass: Books
Books,BiographyOfBarenziahV3,0001ACB7,"Biography of Barenziah, v3",,Fandom: Console Commands (Skyrim)/Books,Deep linked-page seed pass: Books
Books,BiographyOfTheWolfQueen,0001B023,Biography of the Wolf Queen,,Fandom: Console Commands (Skyrim)/Books,Deep linked-page seed pass: Books
Books,BloodHorkerOrders,000C58A6,Blood Horker Orders,,Fandom: Console Commands (Skyrim)/Books,Deep linked-page seed pass: Books
Books,BloodstainedNote,000D397A,Bloodstained note,,Fandom: Console Commands (Skyrim)/Books,Deep linked-page seed pass: Books
Books,BoethiahSGlory,0001B233,Boethiah's Glory,,Fandom: Console Commands (Skyrim)/Books,Deep linked-page seed pass: Books
Books,BoethiahSProving,00032E72,Boethiah's Proving,,Fandom: Console Commands (Skyrim)/Books,Deep linked-page seed pass: Books
Books,BolarSWrit,00083AF6,Bolar's Writ,,Fandom: Console Commands (Skyrim)/Books,Deep linked-page seed pass: Books
Books,Bounty,000BD780,Bounty,,Fandom: Console Commands (Skyrim)/Books,Deep linked-page seed pass: Books
Books,Bounty,000BD791,Bounty,,Fandom: Console Commands (Skyrim)/Books,Deep linked-page seed pass: Books
Books,Bounty,00095129,Bounty,,Fandom: Console Commands (Skyrim)/Books,Deep linked-page seed pass: Books
Books,Bounty,000BC0A2,Bounty,,Fandom: Console Commands (Skyrim)/Books,Deep linked-page seed pass: Books
Books,Bounty,000CBA9B,Bounty,,Fandom: Console Commands (Skyrim)/Books,Deep linked-page seed pass: Books
Books,BreathingWater,0001B236,Breathing Water,,Fandom: Console Commands (Skyrim)/Books,Deep linked-page seed pass: Books
Books,BriefHistoryOfTheEmpireV1,0001ACB9,"Brief History of the Empire, v1",,Fandom: Console Commands (Skyrim)/Books,Deep linked-page seed pass: Books
Books,BriefHistoryOfTheEmpireV2,0001ACBA,"Brief History of the Empire, v2",,Fandom: Console Commands (Skyrim)/Books,Deep linked-page seed pass: Books
Books,BriefHistoryOfTheEmpireV3,0001ACBB,"Brief History of the Empire, v3",,Fandom: Console Commands (Skyrim)/Books,Deep linked-page seed pass: Books
Books,BriefHistoryOfTheEmpireV4,0001ACBC,"Brief History of the Empire, v4",,Fandom: Console Commands (Skyrim)/Books,Deep linked-page seed pass: Books
Books,BrothersOfDarkness,0001ACFF,Brothers of Darkness,,Fandom: Console Commands (Skyrim)/Books,Deep linked-page seed pass: Books
Books,ButcherJournal,00024763,Butcher Journal,,Fandom: Console Commands (Skyrim)/Books,Deep linked-page seed pass: Books
Books,ButcherJournal1,00024737,Butcher Journal #1,,Fandom: Console Commands (Skyrim)/Books,Deep linked-page seed pass: Books
Books,ButcherJournal2,00066182,Butcher Journal #2,,Fandom: Console Commands (Skyrim)/Books,Deep linked-page seed pass: Books
Books,CatalogueOfArmorEnchantments,0002F83B,Catalogue of Armor Enchantments,,Fandom: Console Commands (Skyrim)/Books,Deep linked-page seed pass: Books
Books,CatalogueOfWeaponEnchantments,0002F83A,Catalogue of Weapon Enchantments,,Fandom: Console Commands (Skyrim)/Books,Deep linked-page seed pass: Books
Books,CatsOfSkyrim,000ED605,Cats of Skyrim,,Fandom: Console Commands (Skyrim)/Books,Deep linked-page seed pass: Books
Books,ChanceSFolly,0001B237,Chance's Folly,,Fandom: Console Commands (Skyrim)/Books,Deep linked-page seed pass: Books
Books,CharwichKoniingeLettersV1,0001B238,"Charwich-Koniinge Letters, v1",,Fandom: Console Commands (Skyrim)/Books,Deep linked-page seed pass: Books
Books,CharwichKoniingeLettersV3,0001B23A,"Charwich-Koniinge Letters, v3",,Fandom: Console Commands (Skyrim)/Books,Deep linked-page seed pass: Books
Books,CharwichKoniingeLettersV4,0001B23B,"Charwich-Koniinge Letters, v4",,Fandom: Console Commands (Skyrim)/Books,Deep linked-page seed pass: Books
Books,CharwichKoniingeV2,0001B239,"Charwich-Koniinge, v2",,Fandom: Console Commands (Skyrim)/Books,Deep linked-page seed pass: Books
Books,ChaurusPieARecipe,000ED032,Chaurus Pie: A Recipe,,Fandom: Console Commands (Skyrim)/Books,Deep linked-page seed pass: Books
Books,CherimSHeart,0001AFD1,Cherim's Heart,,Fandom: Console Commands (Skyrim)/Books,Deep linked-page seed pass: Books
Books,ChildrenOfTheSky,0001AD03,Children of the Sky,,Fandom: Console Commands (Skyrim)/Books,Deep linked-page seed pass: Books
Books,Chimarvamidium,0001B22E,Chimarvamidium,,Fandom: Console Commands (Skyrim)/Books,Deep linked-page seed pass: Books
Books,Chimarvamidium,0001AFF8,Chimarvamidium,,Fandom: Console Commands (Skyrim)/Books,Deep linked-page seed pass: Books
Books,ChroniclesOfNchuleft,0001B23C,Chronicles of Nchuleft,,Fandom: Console Commands (Skyrim)/Books,Deep linked-page seed pass: Books
Books,CiceroSJournalFinalVolume,00019514,Cicero's Journal - Final Volume,,Fandom: Console Commands (Skyrim)/Books,Deep linked-page seed pass: Books
Books,CiceroSJournalVolume1,0009DABE,Cicero's Journal - Volume 1,,Fandom: Console Commands (Skyrim)/Books,Deep linked-page seed pass: Books
Books,CiceroSJournalVolume2,0009DAC1,Cicero's Journal - Volume 2,,Fandom: Console Commands (Skyrim)/Books,Deep linked-page seed pass: Books
Books,CiceroSJournalVolume3,0009DAC4,Cicero's Journal - Volume 3,,Fandom: Console Commands (Skyrim)/Books,Deep linked-page seed pass: Books
Books,CiceroSJournalVolume4,0009DAC5,Cicero's Journal - Volume 4,,Fandom: Console Commands (Skyrim)/Books,Deep linked-page seed pass: Books
Books,CleansingOfTheFane,0001AD04,Cleansing of the Fane,,Fandom: Console Commands (Skyrim)/Books,Deep linked-page seed pass: Books
Books,CommanderSNote,00083B05,Commander's Note,,Fandom: Console Commands (Skyrim)/Books,Deep linked-page seed pass: Books
Books,ComplaintLetter,0008AA46,Complaint Letter,,Fandom: Console Commands (Skyrim)/Books,Deep linked-page seed pass: Books
Books,Contract,0004EF00,Contract,,Fandom: Console Commands (Skyrim)/Books,Deep linked-page seed pass: Books
Books,Contract,00035B65,Contract,,Fandom: Console Commands (Skyrim)/Books,Deep linked-page seed pass: Books
Books,CookSJournal,000951AE,Cook's Journal,,Fandom: Console Commands (Skyrim)/Books,Deep linked-page seed pass: Books
Books,CorpseNote,000BA300,Corpse Note,,Fandom: Console Commands (Skyrim)/Books,Deep linked-page seed pass: Books
Books,CourierSLetter,001065F5,Courier's Letter,,Fandom: Console Commands (Skyrim)/Books,Deep linked-page seed pass: Books
Books,CureDiseasePotionRecipe,000F5CB9,Cure Disease Potion Recipe,,Fandom: Console Commands (Skyrim)/Books,Deep linked-page seed pass: Books
Books,CureDiseasePotionRecipe,000F5CB8,Cure Disease Potion Recipe,,Fandom: Console Commands (Skyrim)/Books,Deep linked-page seed pass: Books
Books,DamageHealthPoisonRecipe,000F5CB6,Damage Health Poison Recipe,,Fandom: Console Commands (Skyrim)/Books,Deep linked-page seed pass: Books
Books,DamageHealthPoisonRecipe,000F5CB7,Damage Health Poison Recipe,,Fandom: Console Commands (Skyrim)/Books,Deep linked-page seed pass: Books
Books,DamageHealthPoisonRecipe,000F5CB5,Damage Health Poison Recipe,,Fandom: Console Commands (Skyrim)/Books,Deep linked-page seed pass: Books
Books,DarkBrotherhoodAssassinSNote,0010596A,Dark Brotherhood Assassin's Note,,Fandom: Console Commands (Skyrim)/Books,Deep linked-page seed pass: Books
Books,DarkestDarkness,0001ACC9,Darkest Darkness,,Fandom: Console Commands (Skyrim)/Books,Deep linked-page seed pass: Books
Books,DaughterOfTheNiben,0001AFC9,Daughter of the Niben,,Fandom: Console Commands (Skyrim)/Books,Deep linked-page seed pass: Books
Books,DaynasValenSJournal,00085FE2,Daynas Valen's Journal,,Fandom: Console Commands (Skyrim)/Books,Deep linked-page seed pass: Books
Books,DaynasValenSNotes,00085FE3,Daynas Valen's Notes,,Fandom: Console Commands (Skyrim)/Books,Deep linked-page seed pass: Books
Books,DeRerumDirennis,0001AFC7,De Rerum Dirennis,,Fandom: Console Commands (Skyrim)/Books,Deep linked-page seed pass: Books
Books,DeathBlowOfAbernanit,0001AFDD,Death Blow of Abernanit,,Fandom: Console Commands (Skyrim)/Books,Deep linked-page seed pass: Books
Books,DeathOfAWanderer,000ED040,Death of a Wanderer,,Fandom: Console Commands (Skyrim)/Books,Deep linked-page seed pass: Books
Books,DecreeOfMonument,000D55D9,Decree of Monument,,Fandom: Console Commands (Skyrim)/Books,Deep linked-page seed pass: Books
Books,DragonInvestigationCurrentStatus,00039F2A,Dragon Investigation: Current Status,,Fandom: Console Commands (Skyrim)/Books,Deep linked-page seed pass: Books
Books,DragonLanguageMythNoMore,000EF2C0,Dragon Language: Myth no More,,Fandom: Console Commands (Skyrim)/Books,Deep linked-page seed pass: Books
Books,DrystonSNote,000D672A,Dryston's Note,,Fandom: Console Commands (Skyrim)/Books,Deep linked-page seed pass: Books
Books,DunmerOfSkyrim,000E2FC5,Dunmer of Skyrim,,Fandom: Console Commands (Skyrim)/Books,Deep linked-page seed pass: Books
Books,DwarvesV1,00083168,"Dwarves, v1",,Fandom: Console Commands (Skyrim)/Books,Deep linked-page seed pass: Books
Books,DwarvesV2,00083169,"Dwarves, v2",,Fandom: Console Commands (Skyrim)/Books,Deep linked-page seed pass: Books
Books,DwarvesV3,0008316A,"Dwarves, v3",,Fandom: Console Commands (Skyrim)/Books,Deep linked-page seed pass: Books
Books,DwemerHistoryAndCulture,0001ACEA,Dwemer History and Culture,,Fandom: Console Commands (Skyrim)/Books,Deep linked-page seed pass: Books
Books,DwemerInquiriesVolI,000E7F31,Dwemer Inquiries Vol I,,Fandom: Console Commands (Skyrim)/Books,Deep linked-page seed pass: Books
Books,DwemerInquiriesVolIi,000E7F33,Dwemer Inquiries Vol II,,Fandom: Console Commands (Skyrim)/Books,Deep linked-page seed pass: Books
Books,DwemerInquiriesVolIii,000E7F34,Dwemer Inquiries Vol III,,Fandom: Console Commands (Skyrim)/Books,Deep linked-page seed pass: Books
Books,EastEmpireConnection,000F6932,East Empire Connection,,Fandom: Console Commands (Skyrim)/Books,Deep linked-page seed pass: Books
Books,EffectsOfTheElderScrolls,0003010B,Effects of the Elder Scrolls,,Fandom: Console Commands (Skyrim)/Books,Deep linked-page seed pass: Books
Books,EisaSJournal,000D0BF6,Eisa's Journal,,Fandom: Console Commands (Skyrim)/Books,Deep linked-page seed pass: Books
Books,ElderScroll,00048782,Elder Scroll,,Fandom: Console Commands (Skyrim)/Books,Deep linked-page seed pass: Books
Books,ElderScroll,0002D513,Elder Scroll,,Fandom: Console Commands (Skyrim)/Books,Deep linked-page seed pass: Books
Books,EltrysNote,000D1955,Eltrys' Note,,Fandom: Console Commands (Skyrim)/Books,Deep linked-page seed pass: Books
Books,EnchanterSPrimer,0002F837,Enchanter's Primer,,Fandom: Console Commands (Skyrim)/Books,Deep linked-page seed pass: Books
Books,EndrastSJournal,0008ACD0,Endrast's Journal,,Fandom: Console Commands (Skyrim)/Books,Deep linked-page seed pass: Books
Books,ErjSNotes,000C084B,Erj's Notes,,Fandom: Console Commands (Skyrim)/Books,Deep linked-page seed pass: Books
Books,ExpeditionManifest,0008ACD1,Expedition Manifest,,Fandom: Console Commands (Skyrim)/Books,Deep linked-page seed pass: Books
Books,EyesOpen,000F692F,Eyes Open,,Fandom: Console Commands (Skyrim)/Books,Deep linked-page seed pass: Books
Books,FadedDiary,000F0422,Faded Diary,,Fandom: Console Commands (Skyrim)/Books,Deep linked-page seed pass: Books
Books,FaendalSFakeLetterFromSven,0005C846,Faendal's Fake Letter from Sven,,Fandom: Console Commands (Skyrim)/Books,Deep linked-page seed pass: Books
Books,FaleenSLetterToCalcelmo,00026EFE,Faleen's Letter to Calcelmo,,Fandom: Console Commands (Skyrim)/Books,Deep linked-page seed pass: Books
Books,FallFromGlory,000ED033,Fall from Glory,,Fandom: Console Commands (Skyrim)/Books,Deep linked-page seed pass: Books
Books,FallOfTheSnowPrince,0001ACF7,Fall of the Snow Prince,,Fandom: Console Commands (Skyrim)/Books,Deep linked-page seed pass: Books
Books,FaraldaSNotes,0005D2EA,Faralda's Notes,,Fandom: Console Commands (Skyrim)/Books,Deep linked-page seed pass: Books
Books,FatherOfTheNiben,0001B008,Father Of The Niben,,Fandom: Console Commands (Skyrim)/Books,Deep linked-page seed pass: Books
Books,FatherSMissive,00037F89,Father's Missive,,Fandom: Console Commands (Skyrim)/Books,Deep linked-page seed pass: Books
Books,FearPoisonRecipe,000F5CC2,Fear Poison Recipe,,Fandom: Console Commands (Skyrim)/Books,Deep linked-page seed pass: Books
Books,FearPoisonRecipe,000F5CC1,Fear Poison Recipe,,Fandom: Console Commands (Skyrim)/Books,Deep linked-page seed pass: Books
Books,FeyfolkenI,0001ACEB,Feyfolken I,,Fandom: Console Commands (Skyrim)/Books,Deep linked-page seed pass: Books
Books,FeyfolkenIi,0001ACEC,Feyfolken II,,Fandom: Console Commands (Skyrim)/Books,Deep linked-page seed pass: Books
Books,FeyfolkenIii,0001ACED,Feyfolken III,,Fandom: Console Commands (Skyrim)/Books,Deep linked-page seed pass: Books
Books,FinalLesson,0001B267,Final Lesson,,Fandom: Console Commands (Skyrim)/Books,Deep linked-page seed pass: Books
Books,FireAndDarkness,0001AFDA,Fire and Darkness,,Fandom: Console Commands (Skyrim)/Books,Deep linked-page seed pass: Books
Books,FirstLetterFromLinwe,000D7773,First Letter from Linwe,,Fandom: Console Commands (Skyrim)/Books,Deep linked-page seed pass: Books
Books,FishermanSJournal,0007F667,Fisherman's Journal,,Fandom: Console Commands (Skyrim)/Books,Deep linked-page seed pass: Books
Books,FishermanSJournal,00088FE2,Fisherman's Journal,,Fandom: Console Commands (Skyrim)/Books,Deep linked-page seed pass: Books
Books,FiveSongsOfKingWulfharth,0001AD05,Five Songs of King Wulfharth,,Fandom: Console Commands (Skyrim)/Books,Deep linked-page seed pass: Books
Books,FlightFromTheThalmor,000ED04E,Flight from the Thalmor,,Fandom: Console Commands (Skyrim)/Books,Deep linked-page seed pass: Books
Books,ForShelly,000BB3D3,For Shelly,,Fandom: Console Commands (Skyrim)/Books,Deep linked-page seed pass: Books
Books,ForgeHammerAndAnvil,000E3E69,"Forge, Hammer and Anvil",,Fandom: Console Commands (Skyrim)/Books,Deep linked-page seed pass: Books
Books,ForswornMissive,000A4CE2,Forsworn Missive,,Fandom: Console Commands (Skyrim)/Books,Deep linked-page seed pass: Books
Books,ForswornNote,00083B0B,Forsworn Note,,Fandom: Console Commands (Skyrim)/Books,Deep linked-page seed pass: Books
Books,ForswornNote,00083AE3,Forsworn Note,,Fandom: Console Commands (Skyrim)/Books,Deep linked-page seed pass: Books
Books,FortNeugradTreasureMap,000F33D2,Fort Neugrad Treasure Map,,Fandom: Console Commands (Skyrim)/Books,Deep linked-page seed pass: Books
Books,FortifyCarryWeightPotionRecipe,000F5CC7,Fortify Carry Weight Potion Recipe,,Fandom: Console Commands (Skyrim)/Books,Deep linked-page seed pass: Books
Books,FortifyCarryWeightPotionRecipe,000F5CC6,Fortify Carry Weight Potion Recipe,,Fandom: Console Commands (Skyrim)/Books,Deep linked-page seed pass: Books
Books,FragmentOnArtaeum,00072841,Fragment: On Artaeum,,Fandom: Console Commands (Skyrim)/Books,Deep linked-page seed pass: Books
Books,FragmentOnArtaeum,0001AD06,Fragment: On Artaeum,,Fandom: Console Commands (Skyrim)/Books,Deep linked-page seed pass: Books
Books,FrontierConquest,0001ACCB,"Frontier, Conquest",,Fandom: Console Commands (Skyrim)/Books,Deep linked-page seed pass: Books
Books,FrostSIdentityPapers,000E8BDB,Frost's Identity Papers,,Fandom: Console Commands (Skyrim)/Books,Deep linked-page seed pass: Books
Books,GaiusMaroSSchedule,00015475,Gaius Maro's Schedule,,Fandom: Console Commands (Skyrim)/Books,Deep linked-page seed pass: Books
Books,GalerionTheMystic,0001ACCD,Galerion The Mystic,,Fandom: Console Commands (Skyrim)/Books,Deep linked-page seed pass: Books
Books,GallusSEncodedJournal,000CEDA6,Gallus's Encoded Journal,,Fandom: Console Commands (Skyrim)/Books,Deep linked-page seed pass: Books
Books,GallusSJournal,0001BB6D,Gallus's Journal,,Fandom: Console Commands (Skyrim)/Books,Deep linked-page seed pass: Books
Books,GeirmundSEpitaph,000E7A33,Geirmund's Epitaph,,Fandom: Console Commands (Skyrim)/Books,Deep linked-page seed pass: Books
Books,GhostsInTheStorm,000ED031,Ghosts in the Storm,,Fandom: Console Commands (Skyrim)/Books,Deep linked-page seed pass: Books
Books,GissurSNote,0006DEB6,Gissur's Note,,Fandom: Console Commands (Skyrim)/Books,Deep linked-page seed pass: Books
Books,GiveMeAChance,000F692A,Give Me A Chance,,Fandom: Console Commands (Skyrim)/Books,Deep linked-page seed pass: Books
Books,GloriesAndLaments,0001AD07,Glories and Laments,,Fandom: Console Commands (Skyrim)/Books,Deep linked-page seed pass: Books
Books,GodsAndWorship,0001ACD5,Gods and Worship,,Fandom: Console Commands (Skyrim)/Books,Deep linked-page seed pass: Books
Books,Goldenglow,000F692E,Goldenglow,,Fandom: Console Commands (Skyrim)/Books,Deep linked-page seed pass: Books
Books,GoldenglowBillOfSale,0007A508,Goldenglow Bill of Sale,,Fandom: Console Commands (Skyrim)/Books,Deep linked-page seed pass: Books
Books,GoldenglowBillOfSale,0004C6C8,Goldenglow Bill of Sale,,Fandom: Console Commands (Skyrim)/Books,Deep linked-page seed pass: Books
Books,GormSLetter,000AD8DE,Gorm's Letter,,Fandom: Console Commands (Skyrim)/Books,Deep linked-page seed pass: Books
Books,GourmetSWritOfPassage,0003BEB6,Gourmet's Writ of Passage,,Fandom: Console Commands (Skyrim)/Books,Deep linked-page seed pass: Books
Books,GreatHarbingers,000ED047,Great Harbingers,,Fandom: Console Commands (Skyrim)/Books,Deep linked-page seed pass: Books
Books,GuardSOrders,000E94DF,Guard's Orders,,Fandom: Console Commands (Skyrim)/Books,Deep linked-page seed pass: Books
Books,GuideToBetterThieving,0002F836,Guide to Better Thieving,,Fandom: Console Commands (Skyrim)/Books,Deep linked-page seed pass: Books
Books,GulumEiSConfession,000EF579,Gulum-Ei's Confession,,Fandom: Console Commands (Skyrim)/Books,Deep linked-page seed pass: Books
Books,HabdSDeathLetter,0004811F,Habd's Death Letter,,Fandom: Console Commands (Skyrim)/Books,Deep linked-page seed pass: Books
Books,HabdSJournal,00048160,Habd's Journal,,Fandom: Console Commands (Skyrim)/Books,Deep linked-page seed pass: Books
Books,HajvarrSJournal,000E1647,Hajvarr's Journal,,Fandom: Console Commands (Skyrim)/Books,Deep linked-page seed pass: Books
Books,HallgerdSTale,0001AFF6,Hallgerd's Tale,,Fandom: Console Commands (Skyrim)/Books,Deep linked-page seed pass: Books
Books,HamelynSJournal,0010B2CD,Hamelyn's Journal,,Fandom: Console Commands (Skyrim)/Books,Deep linked-page seed pass: Books
Books,HangingGardens,0001AD08,Hanging Gardens,,Fandom: Console Commands (Skyrim)/Books,Deep linked-page seed pass: Books
Books,HargarSJournal,000BABB4,Hargar's Journal,,Fandom: Console Commands (Skyrim)/Books,Deep linked-page seed pass: Books
Books,HarvestingFrostbiteSpiderVenom,000ED603,Harvesting Frostbite Spider Venom,,Fandom: Console Commands (Skyrim)/Books,Deep linked-page seed pass: Books
Books,HastilyScribbledNote,000F23BA,Hastily Scribbled Note,,Fandom: Console Commands (Skyrim)/Books,Deep linked-page seed pass: Books
Books,HaveNeedOfCynric,000F6933,Have Need of Cynric,,Fandom: Console Commands (Skyrim)/Books,Deep linked-page seed pass: Books
Books,HaveNeedOfCynric,000F6931,Have Need of Cynric,,Fandom: Console Commands (Skyrim)/Books,Deep linked-page seed pass: Books
Books,HeavyArmorForging,0001AFD2,Heavy Armor Forging,,Fandom: Console Commands (Skyrim)/Books,Deep linked-page seed pass: Books
Books,HeddicSVolunruudNotes,0008AD99,Heddic's Volunruud Notes,,Fandom: Console Commands (Skyrim)/Books,Deep linked-page seed pass: Books
Books,HerbalistSGuideToSkyrim,0001AFC8,Herbalist's Guide to Skyrim,,Fandom: Console Commands (Skyrim)/Books,Deep linked-page seed pass: Books
Books,HerbaneSBestiaryAutomatons,000ED60C,Herbane's Bestiary: Automatons,,Fandom: Console Commands (Skyrim)/Books,Deep linked-page seed pass: Books
Books,HerbaneSBestiaryHagravens,000ED60B,Herbane's Bestiary: Hagravens,,Fandom: Console Commands (Skyrim)/Books,Deep linked-page seed pass: Books
Books,HerbaneSBestiaryIceWraiths,000D6F0B,Herbane's Bestiary: Ice Wraiths,,Fandom: Console Commands (Skyrim)/Books,Deep linked-page seed pass: Books
Books,HiredThugSMissive,000F98B4,Hired Thug's Missive,,Fandom: Console Commands (Skyrim)/Books,Deep linked-page seed pass: Books
Books,HoldingsOfJarlGjalund,000FBA57,Holdings of Jarl Gjalund,,Fandom: Console Commands (Skyrim)/Books,Deep linked-page seed pass: Books
Books,HorkerAttacks,000ED604,Horker Attacks,,Fandom: Console Commands (Skyrim)/Books,Deep linked-page seed pass: Books
Books,HorrorOfCastleXyr,0001AFEC,Horror of Castle Xyr,,Fandom: Console Commands (Skyrim)/Books,Deep linked-page seed pass: Books
Books,HunterSJournal,000993FC,Hunter's Journal,,Fandom: Console Commands (Skyrim)/Books,Deep linked-page seed pass: Books
Books,HunterSJournal,000F54D4,Hunter's Journal,,Fandom: Console Commands (Skyrim)/Books,Deep linked-page seed pass: Books
Books,IceAndChitin,0001B001,Ice and Chitin,,Fandom: Console Commands (Skyrim)/Books,Deep linked-page seed pass: Books
Books,IdgrodSNote,000940DD,Idgrod's Note,,Fandom: Console Commands (Skyrim)/Books,Deep linked-page seed pass: Books
Books,ImmortalBlood,0001AFF1,Immortal Blood,,Fandom: Console Commands (Skyrim)/Books,Deep linked-page seed pass: Books
Books,ImperialCondolences,0009020C,Imperial Condolences,,Fandom: Console Commands (Skyrim)/Books,Deep linked-page seed pass: Books
Books,ImperialLetter,00083AED,Imperial Letter,,Fandom: Console Commands (Skyrim)/Books,Deep linked-page seed pass: Books
Books,ImperialMissive,00083AFD,Imperial Missive,,Fandom: Console Commands (Skyrim)/Books,Deep linked-page seed pass: Books
Books,ImperialMissive,00039C8E,Imperial Missive,,Fandom: Console Commands (Skyrim)/Books,Deep linked-page seed pass: Books
Books,ImperialOrder,000524DA,Imperial Order,,Fandom: Console Commands (Skyrim)/Books,Deep linked-page seed pass: Books
Books,ImperialReportOnSaarthal,000EDA90,Imperial Report on Saarthal,,Fandom: Console Commands (Skyrim)/Books,Deep linked-page seed pass: Books
Books,IncidentAtNecrom,0001B00F,Incident at Necrom,,Fandom: Console Commands (Skyrim)/Books,Deep linked-page seed pass: Books
Books,IncriminatingLetter,000749B5,Incriminating Letter,,Fandom: Console Commands (Skyrim)/Books,Deep linked-page seed pass: Books
Books,IncriminatingLetter,000E0BA1,Incriminating Letter,,Fandom: Console Commands (Skyrim)/Books,Deep linked-page seed pass: Books
Books,IncriminatingLetter,00050502,Incriminating Letter,,Fandom: Console Commands (Skyrim)/Books,Deep linked-page seed pass: Books
Books,InvisibilityPotionRecipe,000F5CB3,Invisibility Potion Recipe,,Fandom: Console Commands (Skyrim)/Books,Deep linked-page seed pass: Books
Books,InvisibilityPotionRecipe,000F5CB4,Invisibility Potion Recipe,,Fandom: Console Commands (Skyrim)/Books,Deep linked-page seed pass: Books
Books,InvitationToElenwenSReception,00042396,Invitation to Elenwen's Reception,,Fandom: Console Commands (Skyrim)/Books,Deep linked-page seed pass: Books
Books,InvocationOfAzura,0001B245,Invocation of Azura,,Fandom: Console Commands (Skyrim)/Books,Deep linked-page seed pass: Books
Books,IsabelleSLetter,00064EB2,Isabelle's Letter,,Fandom: Console Commands (Skyrim)/Books,Deep linked-page seed pass: Books
Books,JDatharrSNote,0005437D,J'datharr's Note,,Fandom: Console Commands (Skyrim)/Books,Deep linked-page seed pass: Books
Books,JZharSJournal,000F03E5,J'zhar's Journal,,Fandom: Console Commands (Skyrim)/Books,Deep linked-page seed pass: Books
Books,JaphetSJournal,000F6844,Japhet's Journal,,Fandom: Console Commands (Skyrim)/Books,Deep linked-page seed pass: Books
Books,JornibretSLastDance,0001B002,Jornibret's Last Dance,,Fandom: Console Commands (Skyrim)/Books,Deep linked-page seed pass: Books
Books,Journal,00077536,Journal,,Fandom: Console Commands (Skyrim)/Books,Deep linked-page seed pass: Books
Books,Journal,000DC198,Journal,,Fandom: Console Commands (Skyrim)/Books,Deep linked-page seed pass: Books
Books,Journal,0008E5DF,Journal,,Fandom: Console Commands (Skyrim)/Books,Deep linked-page seed pass: Books
Books,JournalOfDrokt,00026D85,Journal of Drokt,,Fandom: Console Commands (Skyrim)/Books,Deep linked-page seed pass: Books
Books,JusticiarExecutionOrder,000BA0BE,Justiciar Execution Order,,Fandom: Console Commands (Skyrim)/Books,Deep linked-page seed pass: Books
Books,KaranSJournal,0003A06F,Karan's Journal,,Fandom: Console Commands (Skyrim)/Books,Deep linked-page seed pass: Books
Books,KillingBeforeYouReKilled,000EDD35,Killing - Before You're Killed,,Fandom: Console Commands (Skyrim)/Books,Deep linked-page seed pass: Books
Books,King,0001AFE5,King,,Fandom: Console Commands (Skyrim)/Books,Deep linked-page seed pass: Books
Books,KingOlafSVerse,000AE324,King Olaf's Verse,,Fandom: Console Commands (Skyrim)/Books,Deep linked-page seed pass: Books
Books,KodlakSJournal,000F6841,Kodlak's Journal,,Fandom: Console Commands (Skyrim)/Books,Deep linked-page seed pass: Books
Books,KolbTheDragon,000EF53E,Kolb & the Dragon,,Fandom: Console Commands (Skyrim)/Books,Deep linked-page seed pass: Books
Books,KragSJournal,000C36EF,Krag's Journal,,Fandom: Console Commands (Skyrim)/Books,Deep linked-page seed pass: Books
Books,KyrSBounty,000D07B2,Kyr's Bounty,,Fandom: Console Commands (Skyrim)/Books,Deep linked-page seed pass: Books
Books,KyrSLog,000D0E4E,Kyr's Log,,Fandom: Console Commands (Skyrim)/Books,Deep linked-page seed pass: Books
Books,LastKingOfTheAyleids,0001AD09,Last King of the Ayleids,,Fandom: Console Commands (Skyrim)/Books,Deep linked-page seed pass: Books
Books,LastScabbardOfAkrash,0001AFCF,Last Scabbard of Akrash,,Fandom: Console Commands (Skyrim)/Books,Deep linked-page seed pass: Books
Books,LegendOfKratelyHouse,0001B021,Legend of Krately House,,Fandom: Console Commands (Skyrim)/Books,Deep linked-page seed pass: Books
Books,LifeOfUrielSeptimVii,0001ACDC,Life of Uriel Septim VII,,Fandom: Console Commands (Skyrim)/Books,Deep linked-page seed pass: Books
Books,LightArmorForging,0001AFD0,Light Armor Forging,,Fandom: Console Commands (Skyrim)/Books,Deep linked-page seed pass: Books
Books,LiminalBridges,0001AFE8,Liminal Bridges,,Fandom: Console Commands (Skyrim)/Books,Deep linked-page seed pass: Books
Books,LorcalinSOrders,000DD99C,Lorcalin's Orders,,Fandom: Console Commands (Skyrim)/Books,Deep linked-page seed pass: Books
Books,LostLegends,000ED608,Lost Legends,,Fandom: Console Commands (Skyrim)/Books,Deep linked-page seed pass: Books
Books,LovePoem,000211D7,Love Poem,,Fandom: Console Commands (Skyrim)/Books,Deep linked-page seed pass: Books
Books,LuAhSJournal,00090213,Lu'ah's Journal,,Fandom: Console Commands (Skyrim)/Books,Deep linked-page seed pass: Books
Books,LycanthropicLegendsOfSkyrim,000ED042,Lycanthropic Legends of Skyrim,,Fandom: Console Commands (Skyrim)/Books,Deep linked-page seed pass: Books
Books,LymdrennTenvanniSJournal,000E82BE,Lymdrenn Tenvanni's Journal,,Fandom: Console Commands (Skyrim)/Books,Deep linked-page seed pass: Books
Books,MaceEtiquette,0001AFE6,Mace Etiquette,,Fandom: Console Commands (Skyrim)/Books,Deep linked-page seed pass: Books
Books,MadanachSNote,000E2513,Madanach's Note,,Fandom: Console Commands (Skyrim)/Books,Deep linked-page seed pass: Books
Books,MagicFromTheSky,0001ACF1,Magic from the Sky,,Fandom: Console Commands (Skyrim)/Books,Deep linked-page seed pass: Books
Books,MalurilSJournal,0006BE25,Maluril's Journal,,Fandom: Console Commands (Skyrim)/Books,Deep linked-page seed pass: Books
Books,MalynVarenSGrimoire,00028ADC,Malyn Varen's Grimoire,,Fandom: Console Commands (Skyrim)/Books,Deep linked-page seed pass: Books
Books,ManiSLetter,000D0968,Mani's Letter,,Fandom: Console Commands (Skyrim)/Books,Deep linked-page seed pass: Books
Books,MannimarcoKingOfWorms,0001AFC5,"Mannimarco, King of Worms",,Fandom: Console Commands (Skyrim)/Books,Deep linked-page seed pass: Books
Books,ManyThanks,000F689B,Many Thanks,,Fandom: Console Commands (Skyrim)/Books,Deep linked-page seed pass: Books
Books,MaraSmilesUponYou,000F68A7,Mara Smiles Upon You!,,Fandom: Console Commands (Skyrim)/Books,Deep linked-page seed pass: Books
Books,MargretSJournal,000D3E6B,Margret's Journal,,Fandom: Console Commands (Skyrim)/Books,Deep linked-page seed pass: Books
Books,MarkarthHomeDecoratingGuide,000F1445,Markarth Home Decorating Guide,,Fandom: Console Commands (Skyrim)/Books,Deep linked-page seed pass: Books
Books,MasterIllusionText,000B3236,Master Illusion Text,,Fandom: Console Commands (Skyrim)/Books,Deep linked-page seed pass: Books
Books,MasterIllusionText,000B3237,Master Illusion Text,,Fandom: Console Commands (Skyrim)/Books,Deep linked-page seed pass: Books
Books,MasterIllusionText,000B3238,Master Illusion Text,,Fandom: Console Commands (Skyrim)/Books,Deep linked-page seed pass: Books
Books,MasterIllusionText,000B3239,Master Illusion Text,,Fandom: Console Commands (Skyrim)/Books,Deep linked-page seed pass: Books
Books,MedresiSNotes,000B716A,Medresi's Notes,,Fandom: Console Commands (Skyrim)/Books,Deep linked-page seed pass: Books
Books,MerchantSJournal,000DD125,Merchant's Journal,,Fandom: Console Commands (Skyrim)/Books,Deep linked-page seed pass: Books
Books,MiddenIncidentReport,000D30C8,Midden Incident Report,,Fandom: Console Commands (Skyrim)/Books,Deep linked-page seed pass: Books
Books,MinerSJournal,00055549,Miner's Journal,,Fandom: Console Commands (Skyrim)/Books,Deep linked-page seed pass: Books
Books,MixedUnitTactics,0001ACD1,Mixed Unit Tactics,,Fandom: Console Commands (Skyrim)/Books,Deep linked-page seed pass: Books
Books,MuseumPamphlet,00094D8B,Museum Pamphlet,,Fandom: Console Commands (Skyrim)/Books,Deep linked-page seed pass: Books
Books,MysteriousAkavir,0001ACD4,Mysterious Akavir,,Fandom: Console Commands (Skyrim)/Books,Deep linked-page seed pass: Books
Books,MysteriousNote,0003031F,Mysterious Note,,Fandom: Console Commands (Skyrim)/Books,Deep linked-page seed pass: Books
Books,MysteriousNote,0005224A,Mysterious Note,,Fandom: Console Commands (Skyrim)/Books,Deep linked-page seed pass: Books
Books,MysteryOfTalaraPart4,0001B013,"Mystery of Talara, Part 4",,Fandom: Console Commands (Skyrim)/Books,Deep linked-page seed pass: Books
Books,MysteryOfTalaraV1,0001AFC3,"Mystery of Talara, v 1",,Fandom: Console Commands (Skyrim)/Books,Deep linked-page seed pass: Books
Books,MysteryOfTalaraV2,0001B018,"Mystery of Talara, v 2",,Fandom: Console Commands (Skyrim)/Books,Deep linked-page seed pass: Books
Books,MysteryOfTalaraV3,0001AFF0,"Mystery of Talara, v3",,Fandom: Console Commands (Skyrim)/Books,Deep linked-page seed pass: Books
Books,MysteryOfTalaraV5,0001ACF5,"Mystery of Talara, v5",,Fandom: Console Commands (Skyrim)/Books,Deep linked-page seed pass: Books
Books,MythicDawnCommentaries1,00086EF8,Mythic Dawn Commentaries 1,,Fandom: Console Commands (Skyrim)/Books,Deep linked-page seed pass: Books
Books,MythicDawnCommentaries2,00086EF9,Mythic Dawn Commentaries 2,,Fandom: Console Commands (Skyrim)/Books,Deep linked-page seed pass: Books
Books,MythicDawnCommentaries3,00086EFA,Mythic Dawn Commentaries 3,,Fandom: Console Commands (Skyrim)/Books,Deep linked-page seed pass: Books
Books,MythicDawnCommentaries4,00086EFB,Mythic Dawn Commentaries 4,,Fandom: Console Commands (Skyrim)/Books,Deep linked-page seed pass: Books
Books,MythsOfSheogorath,0001ACB8,Myths of Sheogorath,,Fandom: Console Commands (Skyrim)/Books,Deep linked-page seed pass: Books
Books,MzinchaleftGuardSNote,000DB0D7,Mzinchaleft Guard's Note,,Fandom: Console Commands (Skyrim)/Books,Deep linked-page seed pass: Books
Books,MzinchaleftWorkOrder,00088FE8,Mzinchaleft Work Order,,Fandom: Console Commands (Skyrim)/Books,Deep linked-page seed pass: Books
Books,NGastaKvataKvakis,0001AD0E,N'Gasta! Kvata! Kvakis!,,Fandom: Console Commands (Skyrim)/Books,Deep linked-page seed pass: Books
Books,NecromancerSLetter,00083B08,Necromancer's Letter,,Fandom: Console Commands (Skyrim)/Books,Deep linked-page seed pass: Books
Books,NeposSJournal,000D672B,Nepos's Journal,,Fandom: Console Commands (Skyrim)/Books,Deep linked-page seed pass: Books
Books,NerevarMoonAndStar,0001AD0D,Nerevar Moon and Star,,Fandom: Console Commands (Skyrim)/Books,Deep linked-page seed pass: Books
Books,NightFallsOnSentinel,0001AFE4,Night Falls on Sentinel,,Fandom: Console Commands (Skyrim)/Books,Deep linked-page seed pass: Books
Books,NightOfTears,0004D249,Night of Tears,,Fandom: Console Commands (Skyrim)/Books,Deep linked-page seed pass: Books
Books,NightingalesFactOrFiction,000ED039,Nightingales: Fact or Fiction?,,Fandom: Console Commands (Skyrim)/Books,Deep linked-page seed pass: Books
Books,NoWordYet,000F692C,No Word Yet,,Fandom: Console Commands (Skyrim)/Books,Deep linked-page seed pass: Books
Books,NordsArise,000ED161,Nords Arise!,,Fandom: Console Commands (Skyrim)/Books,Deep linked-page seed pass: Books
Books,NordsOfSkyrim,000E0D66,Nords of Skyrim,,Fandom: Console Commands (Skyrim)/Books,Deep linked-page seed pass: Books
Books,NoteForelhost1,0006F63C,Note (Forelhost 1),,Fandom: Console Commands (Skyrim)/Books,Deep linked-page seed pass: Books
Books,NoteForelhost2,0006DFAF,Note (Forelhost 2),,Fandom: Console Commands (Skyrim)/Books,Deep linked-page seed pass: Books
Books,NoteMistwatch,000C0136,Note (Mistwatch),,Fandom: Console Commands (Skyrim)/Books,Deep linked-page seed pass: Books
Books,NoteStormcloak,000D120C,Note (Stormcloak),,Fandom: Console Commands (Skyrim)/Books,Deep linked-page seed pass: Books
Books,NoteTreasure,000D1246,Note (Treasure),,Fandom: Console Commands (Skyrim)/Books,Deep linked-page seed pass: Books
Books,NoteBlackHand,000C2BE4,Note (Black Hand),,Fandom: Console Commands (Skyrim)/Books,Deep linked-page seed pass: Books
Books,NoteGreenwall,0008B471,Note (Greenwall),,Fandom: Console Commands (Skyrim)/Books,Deep linked-page seed pass: Books
Books,NoteFromJareeRa,000F23E0,Note From Jaree-Ra,,Fandom: Console Commands (Skyrim)/Books,Deep linked-page seed pass: Books
Books,NoteFromMaven,000F68A3,Note from Maven,,Fandom: Console Commands (Skyrim)/Books,Deep linked-page seed pass: Books
Books,NoteFromAgna,000BC6FD,Note from Agna,,Fandom: Console Commands (Skyrim)/Books,Deep linked-page seed pass: Books
Books,NoteToRhorlak,00078621,Note to Rhorlak,,Fandom: Console Commands (Skyrim)/Books,Deep linked-page seed pass: Books
Books,NoteToRodulf,000E163F,Note to Rodulf,,Fandom: Console Commands (Skyrim)/Books,Deep linked-page seed pass: Books
Books,NoteToThomas,000C3B1A,Note to Thomas,,Fandom: Console Commands (Skyrim)/Books,Deep linked-page seed pass: Books
Books,NoteToTheAuthorities,0009793A,Note to the Authorities,,Fandom: Console Commands (Skyrim)/Books,Deep linked-page seed pass: Books
Books,NotesOnTheLunarForge,00063A0F,Notes On The Lunar Forge,,Fandom: Console Commands (Skyrim)/Books,Deep linked-page seed pass: Books
Books,NotesOnYngolBarrow,000B6426,Notes on Yngol Barrow,,Fandom: Console Commands (Skyrim)/Books,Deep linked-page seed pass: Books
Books,Notice,0008ACCC,Notice,,Fandom: Console Commands (Skyrim)/Books,Deep linked-page seed pass: Books
Books,NoticeOfCostIncrease,000F68A6,Notice of Cost Increase,,Fandom: Console Commands (Skyrim)/Books,Deep linked-page seed pass: Books
Books,NystromSJournal,000FF207,Nystrom's Journal,,Fandom: Console Commands (Skyrim)/Books,Deep linked-page seed pass: Books
Books,OdeToTheTundrastriders,000ED607,Ode To The Tundrastriders,,Fandom: Console Commands (Skyrim)/Books,Deep linked-page seed pass: Books
Books,OfCrossedDaggers,000ED035,Of Crossed Daggers,,Fandom: Console Commands (Skyrim)/Books,Deep linked-page seed pass: Books
Books,OfFjoriAndHolgeir,000B64B1,Of Fjori and Holgeir,,Fandom: Console Commands (Skyrim)/Books,Deep linked-page seed pass: Books
Books,OfficialWarning,00068253,Official warning,,Fandom: Console Commands (Skyrim)/Books,Deep linked-page seed pass: Books
Books,OghmaInfinium,0001A332,Oghma Infinium,,Fandom: Console Commands (Skyrim)/Books,Deep linked-page seed pass: Books
Books,OlafAndTheDragon,000EB090,Olaf and the Dragon,,Fandom: Console Commands (Skyrim)/Books,Deep linked-page seed pass: Books
Books,OldTome,0008F741,Old Tome,,Fandom: Console Commands (Skyrim)/Books,Deep linked-page seed pass: Books
Books,OnOblivion,0001ACF3,On Oblivion,,Fandom: Console Commands (Skyrim)/Books,Deep linked-page seed pass: Books
Books,OnSteppingLightly,000ED037,On Stepping Lightly,,Fandom: Console Commands (Skyrim)/Books,Deep linked-page seed pass: Books
Books,OnTheGreatCollapse,000EDA8E,On the Great Collapse,,Fandom: Console Commands (Skyrim)/Books,Deep linked-page seed pass: Books
Books,OpusculusLamaeBal,0001AF40,Opusculus Lamae Bal,,Fandom: Console Commands (Skyrim)/Books,Deep linked-page seed pass: Books
Books,Orders,0006DFAC,Orders,,Fandom: Console Commands (Skyrim)/Books,Deep linked-page seed pass: Books
Books,OrsiniumAndTheOrcs,0001AFF9,Orsinium and the Orcs,,Fandom: Console Commands (Skyrim)/Books,Deep linked-page seed pass: Books
Books,PallaVolume1,0001AFFE,"Palla, volume 1",,Fandom: Console Commands (Skyrim)/Books,Deep linked-page seed pass: Books
Books,PallaVolume2,0001ACF4,"Palla, volume 2",,Fandom: Console Commands (Skyrim)/Books,Deep linked-page seed pass: Books
Books,ParalysisPoisonRecipe,000F5CB2,Paralysis Poison Recipe,,Fandom: Console Commands (Skyrim)/Books,Deep linked-page seed pass: Books
Books,ParalysisPoisonRecipe,000F5CB1,Paralysis Poison Recipe,,Fandom: Console Commands (Skyrim)/Books,Deep linked-page seed pass: Books
Books,PensionOfTheAncestorMoth,0003010A,Pension of the Ancestor Moth,,Fandom: Console Commands (Skyrim)/Books,Deep linked-page seed pass: Books
Books,PerYourRequests,000F68AA,Per Your Requests,,Fandom: Console Commands (Skyrim)/Books,Deep linked-page seed pass: Books
Books,PhysicalitiesOfWerewolves,000ED041,Physicalities of Werewolves,,Fandom: Console Commands (Skyrim)/Books,Deep linked-page seed pass: Books
Books,PirateKingOfTheAbecean,000E7EF0,Pirate King of the Abecean,,Fandom: Console Commands (Skyrim)/Books,Deep linked-page seed pass: Books
Books,PossibleRivals,000F692D,Possible Rivals,,Fandom: Console Commands (Skyrim)/Books,Deep linked-page seed pass: Books
Books,PowerOfTheElements,0009C8C6,Power of the Elements,,Fandom: Console Commands (Skyrim)/Books,Deep linked-page seed pass: Books
Books,PowerOfTheElements,0009C8C1,Power of the Elements,,Fandom: Console Commands (Skyrim)/Books,Deep linked-page seed pass: Books
Books,PowerOfTheElements,0009C8C2,Power of the Elements,,Fandom: Console Commands (Skyrim)/Books,Deep linked-page seed pass: Books
Books,PowerOfTheElements,000F37D0,Power of the Elements,,Fandom: Console Commands (Skyrim)/Books,Deep linked-page seed pass: Books
Books,PowerOfTheElements,0009C8C0,Power of the Elements,,Fandom: Console Commands (Skyrim)/Books,Deep linked-page seed pass: Books
Books,PrisonerSPlan,000E94F1,Prisoner's Plan,,Fandom: Console Commands (Skyrim)/Books,Deep linked-page seed pass: Books
Books,PrivateLetter,000D9399,Private Letter,,Fandom: Console Commands (Skyrim)/Books,Deep linked-page seed pass: Books
Books,PromissoryNote,000813B6,Promissory Note,,Fandom: Console Commands (Skyrim)/Books,Deep linked-page seed pass: Books
Books,ProperLockDesign,0001B01B,Proper Lock Design,,Fandom: Console Commands (Skyrim)/Books,Deep linked-page seed pass: Books
Books,PurchaseAgreement,000557EC,Purchase Agreement,,Fandom: Console Commands (Skyrim)/Books,Deep linked-page seed pass: Books
Books,PurchaseAgreement,00085D4E,Purchase Agreement,,Fandom: Console Commands (Skyrim)/Books,Deep linked-page seed pass: Books
Books,PurloinedShadows,0001B022,Purloined Shadows,,Fandom: Console Commands (Skyrim)/Books,Deep linked-page seed pass: Books
Books,QuitePleased,000F689E,Quite Pleased,,Fandom: Console Commands (Skyrim)/Books,Deep linked-page seed pass: Books
Books,RaJirrSNote,000D0032,Ra'jirr's Note,,Fandom: Console Commands (Skyrim)/Books,Deep linked-page seed pass: Books
Books,RacialPhylogeny,0001B015,Racial Phylogeny,,Fandom: Console Commands (Skyrim)/Books,Deep linked-page seed pass: Books
Books,RahgotSReply,0006DF94,Rahgot's Reply,,Fandom: Console Commands (Skyrim)/Books,Deep linked-page seed pass: Books
Books,RamatiSJournal,000D3973,Ramati's Journal,,Fandom: Console Commands (Skyrim)/Books,Deep linked-page seed pass: Books
Books,RealityOtherFalsehoods,0001AFCC,Reality & Other Falsehoods,,Fandom: Console Commands (Skyrim)/Books,Deep linked-page seed pass: Books
Books,RedEagleSRite,000C2987,Red Eagle's Rite,,Fandom: Console Commands (Skyrim)/Books,Deep linked-page seed pass: Books
Books,RegardingYourLoss,000F6897,Regarding Your Loss,,Fandom: Console Commands (Skyrim)/Books,Deep linked-page seed pass: Books
Books,Remanada,0001AD14,Remanada,,Fandom: Console Commands (Skyrim)/Books,Deep linked-page seed pass: Books
Books,RepairSupplies,000F798C,Repair Supplies,,Fandom: Console Commands (Skyrim)/Books,Deep linked-page seed pass: Books
Books,ReportDisasterAtIonith,0001ACC6,Report: Disaster at Ionith,,Fandom: Console Commands (Skyrim)/Books,Deep linked-page seed pass: Books
Books,ReportsOfADisturbance,000F68A9,Reports of a Disturbance,,Fandom: Console Commands (Skyrim)/Books,Deep linked-page seed pass: Books
Books,RequestForHelp,000F689C,Request for Help!,,Fandom: Console Commands (Skyrim)/Books,Deep linked-page seed pass: Books
Books,RequestFrom,00039FC3,Request from,,Fandom: Console Commands (Skyrim)/Books,Deep linked-page seed pass: Books
Books,RequestedReport,000F6898,Requested Report,,Fandom: Console Commands (Skyrim)/Books,Deep linked-page seed pass: Books
Books,ResearchLog,00034CBC,Research Log,,Fandom: Console Commands (Skyrim)/Books,Deep linked-page seed pass: Books
Books,ResearchNotes,0006A80D,Research Notes,,Fandom: Console Commands (Skyrim)/Books,Deep linked-page seed pass: Books
Books,ResistFirePotionRecipe,000F5CC0,Resist Fire Potion Recipe,,Fandom: Console Commands (Skyrim)/Books,Deep linked-page seed pass: Books
Books,ResistFirePotionRecipe,000F5CBD,Resist Fire Potion Recipe,,Fandom: Console Commands (Skyrim)/Books,Deep linked-page seed pass: Books
Books,ResistFrostPotionRecipe,000F5CBE,Resist Frost Potion Recipe,,Fandom: Console Commands (Skyrim)/Books,Deep linked-page seed pass: Books
Books,ResistFrostPotionRecipe,000F5CBF,Resist Frost Potion Recipe,,Fandom: Console Commands (Skyrim)/Books,Deep linked-page seed pass: Books
Books,ResistPoisonPotionRecipe,000F5CC5,Resist Poison Potion Recipe,,Fandom: Console Commands (Skyrim)/Books,Deep linked-page seed pass: Books
Books,ResistShockPotionRecipe,000F5CC4,Resist Shock Potion Recipe,,Fandom: Console Commands (Skyrim)/Books,Deep linked-page seed pass: Books
Books,ResistShockPotionRecipe,000F5CC3,Resist Shock Potion Recipe,,Fandom: Console Commands (Skyrim)/Books,Deep linked-page seed pass: Books
Books,ResponseToBeroSSpeech,0001AFED,Response to Bero's Speech,,Fandom: Console Commands (Skyrim)/Books,Deep linked-page seed pass: Books
Books,RestoreHealthPotionRecipe,000F5CAF,Restore Health Potion Recipe,,Fandom: Console Commands (Skyrim)/Books,Deep linked-page seed pass: Books
Books,RestoreHealthPotionRecipe,000F5CAC,Restore Health Potion Recipe,,Fandom: Console Commands (Skyrim)/Books,Deep linked-page seed pass: Books
Books,RestoreHealthPotionRecipe,000F5CAE,Restore Health Potion Recipe,,Fandom: Console Commands (Skyrim)/Books,Deep linked-page seed pass: Books
Books,RestoreHealthPotionRecipe,000F5CAD,Restore Health Potion Recipe,,Fandom: Console Commands (Skyrim)/Books,Deep linked-page seed pass: Books
Books,RestoreMagickaPotionRecipe,000F5CBA,Restore Magicka Potion Recipe,,Fandom: Console Commands (Skyrim)/Books,Deep linked-page seed pass: Books
Books,RestoreMagickaPotionRecipe,000F5CBB,Restore Magicka Potion Recipe,,Fandom: Console Commands (Skyrim)/Books,Deep linked-page seed pass: Books
Books,RestoreMagickaPotionRecipe,000F5CBC,Restore Magicka Potion Recipe,,Fandom: Console Commands (Skyrim)/Books,Deep linked-page seed pass: Books
Books,RiftenHomeDecoratingGuide,000F11B7,Riften Home Decorating Guide,,Fandom: Console Commands (Skyrim)/Books,Deep linked-page seed pass: Books
Books,RigelSLetter,00037F87,Rigel's Letter,,Fandom: Console Commands (Skyrim)/Books,Deep linked-page seed pass: Books
Books,RisingThreatVolI,000ED5F4,"Rising Threat, Vol. I",,Fandom: Console Commands (Skyrim)/Books,Deep linked-page seed pass: Books
Books,RisingThreatVolIi,000ED5F5,"Rising Threat, Vol. II",,Fandom: Console Commands (Skyrim)/Books,Deep linked-page seed pass: Books
Books,RisingThreatVolIii,000ED5F6,"Rising Threat, Vol. III",,Fandom: Console Commands (Skyrim)/Books,Deep linked-page seed pass: Books
Books,RisingThreatVolIv,000ED5F7,"Rising Threat, Vol. IV",,Fandom: Console Commands (Skyrim)/Books,Deep linked-page seed pass: Books
Books,RislavTheRighteous,0001B004,Rislav The Righteous,,Fandom: Console Commands (Skyrim)/Books,Deep linked-page seed pass: Books
Books,RogatusSLetter,000931C2,Rogatus's Letter,,Fandom: Console Commands (Skyrim)/Books,Deep linked-page seed pass: Books
Books,RorasSLetter,00037F8A,Roras's Letter,,Fandom: Console Commands (Skyrim)/Books,Deep linked-page seed pass: Books
Books,RuinedTrailbook,000F0424,Ruined Trailbook,,Fandom: Console Commands (Skyrim)/Books,Deep linked-page seed pass: Books
Books,RuinsOfKemelZe,0001ACDB,Ruins of Kemel-Ze,,Fandom: Console Commands (Skyrim)/Books,Deep linked-page seed pass: Books
Books,RuminationsOnTheElderScrolls,00032785,Ruminations on the Elder Scrolls,,Fandom: Console Commands (Skyrim)/Books,Deep linked-page seed pass: Books
Books,RunilSJournal,000705C3,Runil's Journal,,Fandom: Console Commands (Skyrim)/Books,Deep linked-page seed pass: Books
Books,SacredWitness,0001B020,Sacred Witness,,Fandom: Console Commands (Skyrim)/Books,Deep linked-page seed pass: Books
Books,ScourgeOfTheGrayQuarter,000ED03B,Scourge of the Gray Quarter,,Fandom: Console Commands (Skyrim)/Books,Deep linked-page seed pass: Books
Books,ScrawledPage,000D3979,Scrawled page,,Fandom: Console Commands (Skyrim)/Books,Deep linked-page seed pass: Books
Books,ScribbledNote,0005B9C9,Scribbled Note,,Fandom: Console Commands (Skyrim)/Books,Deep linked-page seed pass: Books
Books,SecondLetterFromLinwe,0007D67D,Second Letter from Linwe,,Fandom: Console Commands (Skyrim)/Books,Deep linked-page seed pass: Books
Books,SergiusSNote,0003DD30,Sergius's Note,,Fandom: Console Commands (Skyrim)/Books,Deep linked-page seed pass: Books
Books,Shadowmarks,000F84A1,Shadowmarks,,Fandom: Console Commands (Skyrim)/Books,Deep linked-page seed pass: Books
Books,ShalidorSInsights,000F6278,Shalidor's Insights,,Fandom: Console Commands (Skyrim)/Books,Deep linked-page seed pass: Books
Books,ShalidorSInsights,000F6277,Shalidor's Insights,,Fandom: Console Commands (Skyrim)/Books,Deep linked-page seed pass: Books
Books,ShalidorSInsights,000F6275,Shalidor's Insights,,Fandom: Console Commands (Skyrim)/Books,Deep linked-page seed pass: Books
Books,ShalidorSInsights,000F6276,Shalidor's Insights,,Fandom: Console Commands (Skyrim)/Books,Deep linked-page seed pass: Books
Books,ShalidorSInsights,000C1E77,Shalidor's Insights,,Fandom: Console Commands (Skyrim)/Books,Deep linked-page seed pass: Books
Books,ShalidorSInsights,000C1E79,Shalidor's Insights,,Fandom: Console Commands (Skyrim)/Books,Deep linked-page seed pass: Books
Books,ShalidorSInsights,000C1E78,Shalidor's Insights,,Fandom: Console Commands (Skyrim)/Books,Deep linked-page seed pass: Books
Books,ShalidorSInsights,000C1E7A,Shalidor's Insights,,Fandom: Console Commands (Skyrim)/Books,Deep linked-page seed pass: Books
Books,ShavariSNote,0006DEB5,Shavari's Note,,Fandom: Console Commands (Skyrim)/Books,Deep linked-page seed pass: Books
Books,ShezarrAndTheDivines,0001AF93,Shezarr and the Divines,,Fandom: Console Commands (Skyrim)/Books,Deep linked-page seed pass: Books
Books,ShipmentSArrived,000F692B,Shipment's Arrived,,Fandom: Console Commands (Skyrim)/Books,Deep linked-page seed pass: Books
Books,ShipmentSReady,00065BDA,Shipment's Ready,,Fandom: Console Commands (Skyrim)/Books,Deep linked-page seed pass: Books
Books,ShoppingList,000F689A,Shopping List,,Fandom: Console Commands (Skyrim)/Books,Deep linked-page seed pass: Books
Books,ShortHistoryOfMorrowind,0001B22B,Short History of Morrowind,,Fandom: Console Commands (Skyrim)/Books,Deep linked-page seed pass: Books
Books,SibbiBlackBriar,000F68AB,Sibbi Black-Briar,,Fandom: Console Commands (Skyrim)/Books,Deep linked-page seed pass: Books
Books,SildSJournal,000AD430,Sild's Journal,,Fandom: Console Commands (Skyrim)/Books,Deep linked-page seed pass: Books
Books,SinderionSFieldJournal,000E4D6F,Sinderion's Field Journal,,Fandom: Console Commands (Skyrim)/Books,Deep linked-page seed pass: Books
Books,Sithis,0001AFCB,Sithis,,Fandom: Console Commands (Skyrim)/Books,Deep linked-page seed pass: Books
Books,SkormSnowStriderSJournal,0007E5B8,Skorm Snow-Strider's Journal,,Fandom: Console Commands (Skyrim)/Books,Deep linked-page seed pass: Books
Books,SkyrimSRule,000ED04C,Skyrim's Rule,,Fandom: Console Commands (Skyrim)/Books,Deep linked-page seed pass: Books
Books,SmallNote,000F5BC0,Small Note,,Fandom: Console Commands (Skyrim)/Books,Deep linked-page seed pass: Books
Books,SmugglerSJournal,000DC3AF,Smuggler's Journal,,Fandom: Console Commands (Skyrim)/Books,Deep linked-page seed pass: Books
Books,SmugglersNote,000DD998,Smugglers' Note,,Fandom: Console Commands (Skyrim)/Books,Deep linked-page seed pass: Books
Books,SoldierSRequest,0008AA45,Soldier's Request,,Fandom: Console Commands (Skyrim)/Books,Deep linked-page seed pass: Books
Books,SolitudeHomeDecoratingGuide,000F1447,Solitude Home Decorating Guide,,Fandom: Console Commands (Skyrim)/Books,Deep linked-page seed pass: Books
Books,SondasSNote,00069007,Sondas's Note,,Fandom: Console Commands (Skyrim)/Books,Deep linked-page seed pass: Books
Books,SongOfHrormir,0001AFDB,Song Of Hrormir,,Fandom: Console Commands (Skyrim)/Books,Deep linked-page seed pass: Books
Books,SongOfTheAlchemists,0001AFC6,Song of the Alchemists,,Fandom: Console Commands (Skyrim)/Books,Deep linked-page seed pass: Books
Books,SongOfTheAskeldeMen,000E7F37,Song of the Askelde Men,,Fandom: Console Commands (Skyrim)/Books,Deep linked-page seed pass: Books
Books,SongsOfSkyrim,000ED062,Songs of Skyrim,,Fandom: Console Commands (Skyrim)/Books,Deep linked-page seed pass: Books
Books,SongsOfSkyrimRevised,000F11D5,Songs of Skyrim: Revised,,Fandom: Console Commands (Skyrim)/Books,Deep linked-page seed pass: Books
Books,SongsOfTheReturnVol19,000ED03D,"Songs of the Return, Vol 19",,Fandom: Console Commands (Skyrim)/Books,Deep linked-page seed pass: Books
Books,SongsOfTheReturnVol2,000ED046,"Songs of the Return, Vol 2",,Fandom: Console Commands (Skyrim)/Books,Deep linked-page seed pass: Books
Books,SongsOfTheReturnVol56,000ED044,"Songs of the Return, Vol 56",,Fandom: Console Commands (Skyrim)/Books,Deep linked-page seed pass: Books
Books,SongsOfTheReturnVol7,000ED045,"Songs of the Return, Vol 7",,Fandom: Console Commands (Skyrim)/Books,Deep linked-page seed pass: Books
Books,SongsOfTheReturnVol24,000ED048,"Songs of the Return, vol 24",,Fandom: Console Commands (Skyrim)/Books,Deep linked-page seed pass: Books
Books,SoulsBlackAndWhite,0001AD0C,"Souls, Black and White",,Fandom: Console Commands (Skyrim)/Books,Deep linked-page seed pass: Books
Books,SovngardeAReexamination,000E2FC6,Sovngarde: A Reexamination,,Fandom: Console Commands (Skyrim)/Books,Deep linked-page seed pass: Books
Books,SpiritOfNirn,0001B25A,Spirit of Nirn,,Fandom: Console Commands (Skyrim)/Books,Deep linked-page seed pass: Books
Books,SpiritOfTheDaedra,0001AD15,Spirit of the Daedra,,Fandom: Console Commands (Skyrim)/Books,Deep linked-page seed pass: Books
Books,StaubinSDiary,0008E8FC,Staubin's Diary,,Fandom: Console Commands (Skyrim)/Books,Deep linked-page seed pass: Books
Books,StormcloakMissive,00083AFF,Stormcloak Missive,,Fandom: Console Commands (Skyrim)/Books,Deep linked-page seed pass: Books
Books,StormcloakMissive,00083B04,Stormcloak Missive,,Fandom: Console Commands (Skyrim)/Books,Deep linked-page seed pass: Books
Books,StrommSDiary,00093846,Stromm's Diary,,Fandom: Console Commands (Skyrim)/Books,Deep linked-page seed pass: Books
Books,SudiSJournal,000D0969,Sudi's Journal,,Fandom: Console Commands (Skyrim)/Books,Deep linked-page seed pass: Books
Books,SullaSJournal,0008ACD2,Sulla's Journal,,Fandom: Console Commands (Skyrim)/Books,Deep linked-page seed pass: Books
Books,SurfeitOfThieves,0001B01D,Surfeit of Thieves,,Fandom: Console Commands (Skyrim)/Books,Deep linked-page seed pass: Books
Books,SuvarisAtheronSLogbook,0001DBFE,Suvaris Atheron's Logbook,,Fandom: Console Commands (Skyrim)/Books,Deep linked-page seed pass: Books
Books,SvenSFakeLetterFromFaendal,0005C847,Sven's Fake Letter from Faendal,,Fandom: Console Commands (Skyrim)/Books,Deep linked-page seed pass: Books
Books,TatteredJournal,000B6D60,Tattered Journal,,Fandom: Console Commands (Skyrim)/Books,Deep linked-page seed pass: Books
Books,TatteredJournal,000F0423,Tattered Journal,,Fandom: Console Commands (Skyrim)/Books,Deep linked-page seed pass: Books
Books,TatteredNote,00108160,Tattered Note,,Fandom: Console Commands (Skyrim)/Books,Deep linked-page seed pass: Books
Books,ThalmorDossierDelphine,000F6845,Thalmor Dossier: Delphine,,Fandom: Console Commands (Skyrim)/Books,Deep linked-page seed pass: Books
Books,ThalmorDossierEsbern,0003AF29,Thalmor Dossier: Esbern,,Fandom: Console Commands (Skyrim)/Books,Deep linked-page seed pass: Books
Books,ThalmorDossierUlfricStormcloak,000F6846,Thalmor Dossier: Ulfric Stormcloak,,Fandom: Console Commands (Skyrim)/Books,Deep linked-page seed pass: Books
Books,ThalmorOrders,00097803,Thalmor Orders,,Fandom: Console Commands (Skyrim)/Books,Deep linked-page seed pass: Books
Books,TheAdabalA,0001AF94,The Adabal-a,,Fandom: Console Commands (Skyrim)/Books,Deep linked-page seed pass: Books
Books,TheAlduinAkatoshDichotomy,000ED04B,The Alduin/Akatosh Dichotomy,,Fandom: Console Commands (Skyrim)/Books,Deep linked-page seed pass: Books
Books,TheAmuletOfKings,0001ACE1,The Amulet of Kings,,Fandom: Console Commands (Skyrim)/Books,Deep linked-page seed pass: Books
Books,TheApprenticeSAssistant,000EDA8F,The Apprentice's Assistant,,Fandom: Console Commands (Skyrim)/Books,Deep linked-page seed pass: Books
Books,TheArcturianHeresy,0001B25E,The Arcturian Heresy,,Fandom: Console Commands (Skyrim)/Books,Deep linked-page seed pass: Books
Books,TheArmorerSChallenge,0001AFCE,The Armorer's Challenge,,Fandom: Console Commands (Skyrim)/Books,Deep linked-page seed pass: Books
Books,TheArtOfWarMagic,0001AFEF,The Art of War Magic,,Fandom: Console Commands (Skyrim)/Books,Deep linked-page seed pass: Books
Books,TheBearOfMarkarth,0007EB9E,The Bear of Markarth,,Fandom: Console Commands (Skyrim)/Books,Deep linked-page seed pass: Books
Books,TheBlackArrowV1,0001AFC2,"The Black Arrow, v1",,Fandom: Console Commands (Skyrim)/Books,Deep linked-page seed pass: Books
Books,TheBlackArrowV2,0001B009,"The Black Arrow, v2",,Fandom: Console Commands (Skyrim)/Books,Deep linked-page seed pass: Books
Books,TheBlackArtsOnTrial,0001B011,The Black Arts On Trial,,Fandom: Console Commands (Skyrim)/Books,Deep linked-page seed pass: Books
Books,TheBookOfDaedra,0001ACC8,The Book of Daedra,,Fandom: Console Commands (Skyrim)/Books,Deep linked-page seed pass: Books
Books,TheBookOfFate,00105A52,The Book of Fate,,Fandom: Console Commands (Skyrim)/Books,Deep linked-page seed pass: Books
Books,TheBookOfTheDragonborn,000F86FE,The Book of the Dragonborn,,Fandom: Console Commands (Skyrim)/Books,Deep linked-page seed pass: Books
Books,TheBuyingGame,0001B00A,The Buying Game,,Fandom: Console Commands (Skyrim)/Books,Deep linked-page seed pass: Books
Books,TheCabinInTheWoods,000EF638,The Cabin in the Woods,,Fandom: Console Commands (Skyrim)/Books,Deep linked-page seed pass: Books
Books,TheCakeAndTheDiamond,0001B262,The Cake and The Diamond,,Fandom: Console Commands (Skyrim)/Books,Deep linked-page seed pass: Books
Books,TheCityOfStone,0007EBC2,The City of Stone,,Fandom: Console Commands (Skyrim)/Books,Deep linked-page seed pass: Books
Books,TheCodeOfMalacath,0007EBC9,The Code of Malacath,,Fandom: Console Commands (Skyrim)/Books,Deep linked-page seed pass: Books
Books,TheDoorsOfOblivion,0001AFE7,The Doors of Oblivion,,Fandom: Console Commands (Skyrim)/Books,Deep linked-page seed pass: Books
Books,TheDowry,0001ACF2,The Dowry,,Fandom: Console Commands (Skyrim)/Books,Deep linked-page seed pass: Books
Books,TheDragonBreak,0001AFCA,The Dragon Break,,Fandom: Console Commands (Skyrim)/Books,Deep linked-page seed pass: Books
Books,TheDragonWar,000EDDD5,The Dragon War,,Fandom: Console Commands (Skyrim)/Books,Deep linked-page seed pass: Books
Books,TheDreamstride,0009DE3D,The Dreamstride,,Fandom: Console Commands (Skyrim)/Books,Deep linked-page seed pass: Books
Books,TheExodus,0001B016,The Exodus,,Fandom: Console Commands (Skyrim)/Books,Deep linked-page seed pass: Books
Books,TheFalmerAStudy,000E0D68,The Falmer: A Study,,Fandom: Console Commands (Skyrim)/Books,Deep linked-page seed pass: Books
Books,TheFirmament,0001ACD2,The Firmament,,Fandom: Console Commands (Skyrim)/Books,Deep linked-page seed pass: Books
Books,TheFirstholdRevolt,0001ACD3,The Firsthold Revolt,,Fandom: Console Commands (Skyrim)/Books,Deep linked-page seed pass: Books
Books,TheFourTotemsOfVolskygge,00068B5A,The Four Totems of Volskygge,,Fandom: Console Commands (Skyrim)/Books,Deep linked-page seed pass: Books
Books,TheGoldRibbonOfMerit,0001B005,The Gold Ribbon of Merit,,Fandom: Console Commands (Skyrim)/Books,Deep linked-page seed pass: Books
Books,TheGreatWar,000F456D,The Great War,,Fandom: Console Commands (Skyrim)/Books,Deep linked-page seed pass: Books
Books,TheHoldsOfSkyrim,000ED030,The Holds of Skyrim,,Fandom: Console Commands (Skyrim)/Books,Deep linked-page seed pass: Books
Books,TheHopeOfTheRedoran,0001B26A,The Hope of the Redoran,,Fandom: Console Commands (Skyrim)/Books,Deep linked-page seed pass: Books
Books,TheImportanceOfWhere,0001AFE3,The Importance of Where,,Fandom: Console Commands (Skyrim)/Books,Deep linked-page seed pass: Books
Books,TheKeepersOfTheRazor,000973AC,The Keepers of the Razor,,Fandom: Console Commands (Skyrim)/Books,Deep linked-page seed pass: Books
Books,TheKnightsOfTheNine,0001AFFA,The Knights of the Nine,,Fandom: Console Commands (Skyrim)/Books,Deep linked-page seed pass: Books
Books,TheLastKingOfTheAyleids,00072840,The Last King of the Ayleids,,Fandom: Console Commands (Skyrim)/Books,Deep linked-page seed pass: Books
Books,TheLegendOfRedEagle,000C1771,The Legend of Red Eagle,,Fandom: Console Commands (Skyrim)/Books,Deep linked-page seed pass: Books
Books,TheLegendarySancreTor,0001AFE2,The Legendary Sancre Tor,,Fandom: Console Commands (Skyrim)/Books,Deep linked-page seed pass: Books
Books,TheLegendaryScourge,0001AD0A,The Legendary Scourge,,Fandom: Console Commands (Skyrim)/Books,Deep linked-page seed pass: Books
Books,TheLockedRoom,0001B019,The Locked Room,,Fandom: Console Commands (Skyrim)/Books,Deep linked-page seed pass: Books
Books,TheLunarLorkhan,0001AFCD,The Lunar Lorkhan,,Fandom: Console Commands (Skyrim)/Books,Deep linked-page seed pass: Books
Books,TheLustyArgonianMaidV1,0001ACEF,"The Lusty Argonian Maid, v1",,Fandom: Console Commands (Skyrim)/Books,Deep linked-page seed pass: Books
Books,TheLustyArgonianMaidV2,000F699D,"The Lusty Argonian Maid, v2",,Fandom: Console Commands (Skyrim)/Books,Deep linked-page seed pass: Books
Books,TheMadmenOfTheReach,0007EB03,The Madmen of the Reach,,Fandom: Console Commands (Skyrim)/Books,Deep linked-page seed pass: Books
Books,TheMadnessOfPelagius,0001ACF0,The Madness of Pelagius,,Fandom: Console Commands (Skyrim)/Books,Deep linked-page seed pass: Books
Books,TheMarksmanshipLesson,0001B26D,The Marksmanship Lesson,,Fandom: Console Commands (Skyrim)/Books,Deep linked-page seed pass: Books
Books,TheMirror,0001AFDE,The Mirror,,Fandom: Console Commands (Skyrim)/Books,Deep linked-page seed pass: Books
Books,TheMonomyth,0001B26E,The Monomyth,,Fandom: Console Commands (Skyrim)/Books,Deep linked-page seed pass: Books
Books,TheNightMotherSTruth,000E0D67,The Night Mother's Truth,,Fandom: Console Commands (Skyrim)/Books,Deep linked-page seed pass: Books
Books,TheNightingalesVol1,000F68AC,The Nightingales Vol. 1,,Fandom: Console Commands (Skyrim)/Books,Deep linked-page seed pass: Books
Books,TheNightingalesVol2,000F68AD,The Nightingales Vol. 2,,Fandom: Console Commands (Skyrim)/Books,Deep linked-page seed pass: Books
Books,TheNirnootMissive,0010BEDF,The Nirnoot Missive,,Fandom: Console Commands (Skyrim)/Books,Deep linked-page seed pass: Books
Books,TheOblivionCrisis,00037DEA,The Oblivion Crisis,,Fandom: Console Commands (Skyrim)/Books,Deep linked-page seed pass: Books
Books,TheOldWays,0001AD0F,The Old Ways,,Fandom: Console Commands (Skyrim)/Books,Deep linked-page seed pass: Books
Books,ThePigChildren,0001AD11,The Pig Children,,Fandom: Console Commands (Skyrim)/Books,Deep linked-page seed pass: Books
Books,ThePostingOfTheHunt,0001AD12,The Posting of the Hunt,,Fandom: Console Commands (Skyrim)/Books,Deep linked-page seed pass: Books
Books,TheRansomOfZarek,0001AFD3,The Ransom of Zarek,,Fandom: Console Commands (Skyrim)/Books,Deep linked-page seed pass: Books
Books,TheRealBarenziahV1,0001ACD6,"The Real Barenziah, v1",,Fandom: Console Commands (Skyrim)/Books,Deep linked-page seed pass: Books
Books,TheRealBarenziahV2,0001ACD7,"The Real Barenziah, v2",,Fandom: Console Commands (Skyrim)/Books,Deep linked-page seed pass: Books
Books,TheRealBarenziahV3,0001ACD8,"The Real Barenziah, v3",,Fandom: Console Commands (Skyrim)/Books,Deep linked-page seed pass: Books
Books,TheRealBarenziahV4,0001ACD9,"The Real Barenziah, v4",,Fandom: Console Commands (Skyrim)/Books,Deep linked-page seed pass: Books
Books,TheRealBarenziahV5,0001ACDA,"The Real Barenziah, v5",,Fandom: Console Commands (Skyrim)/Books,Deep linked-page seed pass: Books
Books,TheRearGuard,0001B000,The Rear Guard,,Fandom: Console Commands (Skyrim)/Books,Deep linked-page seed pass: Books
Books,TheRedBookOfRiddles,0001AD13,The Red Book of Riddles,,Fandom: Console Commands (Skyrim)/Books,Deep linked-page seed pass: Books
Books,TheRedKitchenReader,0001AFD5,The Red Kitchen Reader,,Fandom: Console Commands (Skyrim)/Books,Deep linked-page seed pass: Books
Books,TheRefugees,0001B003,The Refugees,,Fandom: Console Commands (Skyrim)/Books,Deep linked-page seed pass: Books
Books,TheRiseAndFallOfTheBlades,000F4530,The Rise and Fall of the Blades,,Fandom: Console Commands (Skyrim)/Books,Deep linked-page seed pass: Books
Books,TheSecretsOfRagnvald,000DB0C7,The Secrets of Ragnvald,,Fandom: Console Commands (Skyrim)/Books,Deep linked-page seed pass: Books
Books,TheSeed,0001ACFA,The Seed,,Fandom: Console Commands (Skyrim)/Books,Deep linked-page seed pass: Books
Books,TheSongOfPelinalV1,0001AF8A,"The Song of Pelinal, v1",,Fandom: Console Commands (Skyrim)/Books,Deep linked-page seed pass: Books
Books,TheSongOfPelinalV2,0001AF8B,"The Song of Pelinal, v2",,Fandom: Console Commands (Skyrim)/Books,Deep linked-page seed pass: Books
Books,TheSongOfPelinalV3,0001AF8C,"The Song of Pelinal, v3",,Fandom: Console Commands (Skyrim)/Books,Deep linked-page seed pass: Books
Books,TheSongOfPelinalV4,0001AF8D,"The Song of Pelinal, v4",,Fandom: Console Commands (Skyrim)/Books,Deep linked-page seed pass: Books
Books,TheSongOfPelinalV5,0001AF8E,"The Song of Pelinal, v5",,Fandom: Console Commands (Skyrim)/Books,Deep linked-page seed pass: Books
Books,TheSongOfPelinalV6,0001AF8F,"The Song of Pelinal, v6",,Fandom: Console Commands (Skyrim)/Books,Deep linked-page seed pass: Books
Books,TheSongOfPelinalV7,0001AF90,"The Song of Pelinal, v7",,Fandom: Console Commands (Skyrim)/Books,Deep linked-page seed pass: Books
Books,TheSongOfPelinalV8,0001AF91,"The Song of Pelinal, v8",,Fandom: Console Commands (Skyrim)/Books,Deep linked-page seed pass: Books
Books,TheTaleOfDroZira,000F03E3,The Tale of Dro'Zira,,Fandom: Console Commands (Skyrim)/Books,Deep linked-page seed pass: Books
Books,TheTalosMistake,000ED04D,The Talos Mistake,,Fandom: Console Commands (Skyrim)/Books,Deep linked-page seed pass: Books
Books,TheThirdDoor,0001ACFB,The Third Door,,Fandom: Console Commands (Skyrim)/Books,Deep linked-page seed pass: Books
Books,TheThirdEraTimeline,000ED04F,The Third Era Timeline,,Fandom: Console Commands (Skyrim)/Books,Deep linked-page seed pass: Books
Books,TheTotemsOfHircine,000F683F,The Totems of Hircine,,Fandom: Console Commands (Skyrim)/Books,Deep linked-page seed pass: Books
Books,TheTotemsOfHircine,000F6840,The Totems of Hircine,,Fandom: Console Commands (Skyrim)/Books,Deep linked-page seed pass: Books
Books,TheTrueNatureOfOrcs,0001AD16,The True Nature of Orcs,,Fandom: Console Commands (Skyrim)/Books,Deep linked-page seed pass: Books
Books,TheWarmthOfMara,00053347,The Warmth of Mara,,Fandom: Console Commands (Skyrim)/Books,Deep linked-page seed pass: Books
Books,TheWarriorSCharge,0001AFEB,The Warrior's Charge,,Fandom: Console Commands (Skyrim)/Books,Deep linked-page seed pass: Books
Books,TheWatersOfOblivion,0001AD17,The Waters of Oblivion,,Fandom: Console Commands (Skyrim)/Books,Deep linked-page seed pass: Books
Books,TheWildElves,0001AD18,The Wild Elves,,Fandom: Console Commands (Skyrim)/Books,Deep linked-page seed pass: Books
Books,TheWindhelmLetters,000ED03C,The Windhelm Letters,,Fandom: Console Commands (Skyrim)/Books,Deep linked-page seed pass: Books
Books,TheWispmother,00083B3B,The Wispmother,,Fandom: Console Commands (Skyrim)/Books,Deep linked-page seed pass: Books
Books,TheWolfQueenV1,0001B01A,"The Wolf Queen, v1",,Fandom: Console Commands (Skyrim)/Books,Deep linked-page seed pass: Books
Books,TheWolfQueenV2,0001AFF2,"The Wolf Queen, v2",,Fandom: Console Commands (Skyrim)/Books,Deep linked-page seed pass: Books
Books,TheWolfQueenV3,0001AFFB,"The Wolf Queen, v3",,Fandom: Console Commands (Skyrim)/Books,Deep linked-page seed pass: Books
Books,TheWolfQueenV4,0001B00B,"The Wolf Queen, v4",,Fandom: Console Commands (Skyrim)/Books,Deep linked-page seed pass: Books
Books,TheWolfQueenV5,0001B024,"The Wolf Queen, v5",,Fandom: Console Commands (Skyrim)/Books,Deep linked-page seed pass: Books
Books,TheWolfQueenV6,0001B01E,"The Wolf Queen, v6",,Fandom: Console Commands (Skyrim)/Books,Deep linked-page seed pass: Books
Books,TheWolfQueenV7,0001B026,"The Wolf Queen, v7",,Fandom: Console Commands (Skyrim)/Books,Deep linked-page seed pass: Books
Books,TheWolfQueenV8,0001ACFD,"The Wolf Queen, v8",,Fandom: Console Commands (Skyrim)/Books,Deep linked-page seed pass: Books
Books,TheWoodcutterSWife,000ED601,The Woodcutter's Wife,,Fandom: Console Commands (Skyrim)/Books,Deep linked-page seed pass: Books
Books,ThereBeDragons,000ED5F8,There Be Dragons,,Fandom: Console Commands (Skyrim)/Books,Deep linked-page seed pass: Books
Books,Thief,0001AFBF,Thief,,Fandom: Console Commands (Skyrim)/Books,Deep linked-page seed pass: Books
Books,ThiefOfVirtue,0001ACDD,Thief of Virtue,,Fandom: Console Commands (Skyrim)/Books,Deep linked-page seed pass: Books
Books,ThiefSLastWords,000F0425,Thief's Last Words,,Fandom: Console Commands (Skyrim)/Books,Deep linked-page seed pass: Books
Books,ThingsToDo,000F689F,Things to Do,,Fandom: Console Commands (Skyrim)/Books,Deep linked-page seed pass: Books
Books,ThonarSJournal,000D674A,Thonar's Journal,,Fandom: Console Commands (Skyrim)/Books,Deep linked-page seed pass: Books
Books,ThreeThieves,0001B276,Three Thieves,,Fandom: Console Commands (Skyrim)/Books,Deep linked-page seed pass: Books
Books,TimelyOffer,000F6929,Timely Offer,,Fandom: Console Commands (Skyrim)/Books,Deep linked-page seed pass: Books
Books,ToAConcernedCitizen,000F68A5,To A Concerned Citizen,,Fandom: Console Commands (Skyrim)/Books,Deep linked-page seed pass: Books
Books,ToBeReadImmedately,000F68A1,To Be Read Immedately!,,Fandom: Console Commands (Skyrim)/Books,Deep linked-page seed pass: Books
Books,ToTheOwner,000F6899,To The Owner,,Fandom: Console Commands (Skyrim)/Books,Deep linked-page seed pass: Books
Books,ToTheBrotherhood,000F6896,To the Brotherhood,,Fandom: Console Commands (Skyrim)/Books,Deep linked-page seed pass: Books
Books,TolfdirSBook,00026700,Tolfdir's Book,,Fandom: Console Commands (Skyrim)/Books,Deep linked-page seed pass: Books
Books,TornNote,00074ADF,Torn Note,,Fandom: Console Commands (Skyrim)/Books,Deep linked-page seed pass: Books
Books,TovaSFarewell,000D2B09,Tova's Farewell,,Fandom: Console Commands (Skyrim)/Books,Deep linked-page seed pass: Books
Books,TrainingChests,000F6930,Training Chests,,Fandom: Console Commands (Skyrim)/Books,Deep linked-page seed pass: Books
Books,TreasureHunterSNote,000A17B0,Treasure Hunter's Note,,Fandom: Console Commands (Skyrim)/Books,Deep linked-page seed pass: Books
Books,TreasureMapI,000EF07A,Treasure Map I,,Fandom: Console Commands (Skyrim)/Books,Deep linked-page seed pass: Books
Books,TreasureMapIi,000F33CE,Treasure Map II,,Fandom: Console Commands (Skyrim)/Books,Deep linked-page seed pass: Books
Books,TreasureMapIii,000F33CF,Treasure Map III,,Fandom: Console Commands (Skyrim)/Books,Deep linked-page seed pass: Books
Books,TreasureMapIv,000F33D1,Treasure Map IV,,Fandom: Console Commands (Skyrim)/Books,Deep linked-page seed pass: Books
Books,TreasureMapIx,000F33CD,Treasure Map IX,,Fandom: Console Commands (Skyrim)/Books,Deep linked-page seed pass: Books
Books,TreasureMapV,000F33D4,Treasure Map V,,Fandom: Console Commands (Skyrim)/Books,Deep linked-page seed pass: Books
Books,TreasureMapVi,000F33D0,Treasure Map VI,,Fandom: Console Commands (Skyrim)/Books,Deep linked-page seed pass: Books
Books,TreasureMapVii,000F33D5,Treasure Map VII,,Fandom: Console Commands (Skyrim)/Books,Deep linked-page seed pass: Books
Books,TreasureMapViii,000F33D3,Treasure Map VIII,,Fandom: Console Commands (Skyrim)/Books,Deep linked-page seed pass: Books
Books,TreasureMapX,000F33E0,Treasure Map X,,Fandom: Console Commands (Skyrim)/Books,Deep linked-page seed pass: Books
Books,TreatiseOnAyleidicCities,0001ADB4,Treatise on Ayleidic Cities,,Fandom: Console Commands (Skyrim)/Books,Deep linked-page seed pass: Books
Books,TrialsOfStAlessia,0001ACE2,Trials of St. Alessia,,Fandom: Console Commands (Skyrim)/Books,Deep linked-page seed pass: Books
Books,TrollSlaying,000ED606,Troll Slaying,,Fandom: Console Commands (Skyrim)/Books,Deep linked-page seed pass: Books
Books,TwinSecrets,0002F839,Twin Secrets,,Fandom: Console Commands (Skyrim)/Books,Deep linked-page seed pass: Books
Books,UlfrSBook,000E1640,Ulfr's Book,,Fandom: Console Commands (Skyrim)/Books,Deep linked-page seed pass: Books
Books,UmanaSJournal,000F0417,Umana's Journal,,Fandom: Console Commands (Skyrim)/Books,Deep linked-page seed pass: Books
Books,UncommonTaste,0009F267,Uncommon Taste,,Fandom: Console Commands (Skyrim)/Books,Deep linked-page seed pass: Books
Books,UncommonTasteSigned,0006851B,Uncommon Taste - Signed,,Fandom: Console Commands (Skyrim)/Books,Deep linked-page seed pass: Books
Books,UnsentAfflictedLetter,000E7F39,Unsent Afflicted Letter,,Fandom: Console Commands (Skyrim)/Books,Deep linked-page seed pass: Books
Books,UntilNextTime,000F689D,Until Next Time,,Fandom: Console Commands (Skyrim)/Books,Deep linked-page seed pass: Books
Books,UragSNote,0003D29D,Urag's Note,,Fandom: Console Commands (Skyrim)/Books,Deep linked-page seed pass: Books
Books,ValdSDebt,00072B13,Vald's Debt,,Fandom: Console Commands (Skyrim)/Books,Deep linked-page seed pass: Books
Books,ValmirSOrders,00093CF6,Valmir's Orders,,Fandom: Console Commands (Skyrim)/Books,Deep linked-page seed pass: Books
Books,VarietiesOfDaedra,0001ACFC,Varieties of Daedra,,Fandom: Console Commands (Skyrim)/Books,Deep linked-page seed pass: Books
Books,VelehkSainSTreasureMap,000DDEFB,Velehk Sain's Treasure Map,,Fandom: Console Commands (Skyrim)/Books,Deep linked-page seed pass: Books
Books,VernaccusAndBourlor,0001B27A,Vernaccus and Bourlor,,Fandom: Console Commands (Skyrim)/Books,Deep linked-page seed pass: Books
Books,VernaccusAndBourlor,0001B007,Vernaccus and Bourlor,,Fandom: Console Commands (Skyrim)/Books,Deep linked-page seed pass: Books
Books,Wabbajack,0001AFBA,Wabbajack,,Fandom: Console Commands (Skyrim)/Books,Deep linked-page seed pass: Books
Books,WalkingTheWorldVolXi,000ED061,"Walking the World, Vol XI",,Fandom: Console Commands (Skyrim)/Books,Deep linked-page seed pass: Books
Books,WarOfTheFirstCouncil,0001B272,War of the First Council,,Fandom: Console Commands (Skyrim)/Books,Deep linked-page seed pass: Books
Books,Warning,00078561,Warning,,Fandom: Console Commands (Skyrim)/Books,Deep linked-page seed pass: Books
Books,Warrior,0001AFE0,Warrior,,Fandom: Console Commands (Skyrim)/Books,Deep linked-page seed pass: Books
Books,WatcherOfStones,000ED63F,Watcher of Stones,,Fandom: Console Commands (Skyrim)/Books,Deep linked-page seed pass: Books
Books,WatchtowerGuardSLetter,00083AEF,Watchtower Guard's Letter,,Fandom: Console Commands (Skyrim)/Books,Deep linked-page seed pass: Books
Books,WeylinSNote,000D670F,Weylin's Note,,Fandom: Console Commands (Skyrim)/Books,Deep linked-page seed pass: Books
Books,WhiterunHomeDecoratingGuide,000F11B6,Whiterun Home Decorating Guide,,Fandom: Console Commands (Skyrim)/Books,Deep linked-page seed pass: Books
Books,WindhelmHomeDecoratingGuide,000F1446,Windhelm Home Decorating Guide,,Fandom: Console Commands (Skyrim)/Books,Deep linked-page seed pass: Books
Books,Withershins,0001B014,Withershins,,Fandom: Console Commands (Skyrim)/Books,Deep linked-page seed pass: Books
Books,WordsAndPhilosophy,0001AFD8,Words and Philosophy,,Fandom: Console Commands (Skyrim)/Books,Deep linked-page seed pass: Books
Books,WordsOfClanMotherAhnissi,0001B27D,Words of Clan Mother Ahnissi,,Fandom: Console Commands (Skyrim)/Books,Deep linked-page seed pass: Books
Books,WraithSWeddingDowry,0001B273,Wraith's Wedding Dowry,,Fandom: Console Commands (Skyrim)/Books,Deep linked-page seed pass: Books
Books,WritOfSealing,000F1C17,Writ of Sealing,,Fandom: Console Commands (Skyrim)/Books,Deep linked-page seed pass: Books
Books,WritOfSealing,000F1C18,Writ of Sealing,,Fandom: Console Commands (Skyrim)/Books,Deep linked-page seed pass: Books
Books,WritOfSealing,000F1C19,Writ of Sealing,,Fandom: Console Commands (Skyrim)/Books,Deep linked-page seed pass: Books
Books,WyndeliusSJournal,000D9B6B,Wyndelius's Journal,,Fandom: Console Commands (Skyrim)/Books,Deep linked-page seed pass: Books
Books,YellowBookOfRiddles,0001B274,Yellow Book of Riddles,,Fandom: Console Commands (Skyrim)/Books,Deep linked-page seed pass: Books
Books,YngolAndTheSeaGhosts,0002A563,Yngol and the Sea-Ghosts,,Fandom: Console Commands (Skyrim)/Books,Deep linked-page seed pass: Books
Books,YsoldaSMessage,000E1A9F,Ysolda's Message,,Fandom: Console Commands (Skyrim)/Books,Deep linked-page seed pass: Books
Keys,BrandSheiSStrongboxKey,XX024FA7,Brand-Shei's Strongbox Key,,Fandom: Console Commands (Skyrim)/Keys,Deep linked-page seed pass: Keys
Keys,CageKey,000506D2,Cage Key,,Fandom: Console Commands (Skyrim)/Keys,Deep linked-page seed pass: Keys
Keys,ClanShatterShieldOfficeKey,0009C867,Clan Shatter-Shield Office Key,,Fandom: Console Commands (Skyrim)/Keys,Deep linked-page seed pass: Keys
Keys,ConfiscatedGoodsKey,0010E7E6,Confiscated Goods Key,,Fandom: Console Commands (Skyrim)/Keys,Deep linked-page seed pass: Keys
Keys,CowflopFarmKey,0009E134,Cowflop Farm Key,,Fandom: Console Commands (Skyrim)/Keys,Deep linked-page seed pass: Keys
Keys,CrackedTuskVaultKey,00066485,Cracked Tusk Vault Key,,Fandom: Console Commands (Skyrim)/Keys,Deep linked-page seed pass: Keys
Keys,CraglaneChestKey,000D81F9,Craglane Chest Key,,Fandom: Console Commands (Skyrim)/Keys,Deep linked-page seed pass: Keys
Keys,CraglaneDogCageKey,000D509B,Craglane Dog Cage Key,,Fandom: Console Commands (Skyrim)/Keys,Deep linked-page seed pass: Keys
Keys,CrossinghouseKey,0009C6D7,Crossinghouse Key,,Fandom: Console Commands (Skyrim)/Keys,Deep linked-page seed pass: Keys
Keys,DaintySloadFootlockerKey,0005B614,Dainty Sload Footlocker Key,,Fandom: Console Commands (Skyrim)/Keys,Deep linked-page seed pass: Keys
Keys,DarklightTowerClosetKey,0002E104,Darklight Tower Closet Key,,Fandom: Console Commands (Skyrim)/Keys,Deep linked-page seed pass: Keys
Keys,DarklightTowerKey,00041965,Darklight Tower Key,,Fandom: Console Commands (Skyrim)/Keys,Deep linked-page seed pass: Keys
Keys,DarkwaterPitKey,000D7772,Darkwater Pit Key,,Fandom: Console Commands (Skyrim)/Keys,Deep linked-page seed pass: Keys
Keys,DarkwaterPitKey,0003BB13,Darkwater Pit Key,,Fandom: Console Commands (Skyrim)/Keys,Deep linked-page seed pass: Keys
Keys,DawnguardCacheKey,XX0034FB,Dawnguard Cache Key,,Fandom: Console Commands (Skyrim)/Keys,Deep linked-page seed pass: Keys
Keys,DeadCroneRockKey,000A0D46,Dead Crone Rock Key,,Fandom: Console Commands (Skyrim)/Keys,Deep linked-page seed pass: Keys
Keys,DeepwoodRedoubtKey,00028440,Deepwood Redoubt Key,,Fandom: Console Commands (Skyrim)/Keys,Deep linked-page seed pass: Keys
Keys,DelphineSSecretDoorKey,000990DF,Delphine's Secret Door Key,,Fandom: Console Commands (Skyrim)/Keys,Deep linked-page seed pass: Keys
Keys,DeorSHouseKey,XX018FA4,Deor's House Key,,Fandom: Console Commands (Skyrim)/Keys,Deep linked-page seed pass: Keys
Keys,DoesnTExist,000C62A1,Doesn't Exist,,Fandom: Console Commands (Skyrim)/Keys,Deep linked-page seed pass: Keys
Keys,DragonBridgeChestKey,000F4A1A,Dragon Bridge Chest Key,,Fandom: Console Commands (Skyrim)/Keys,Deep linked-page seed pass: Keys
Keys,DustmanSCairnKey,0009AEFF,Dustman's Cairn Key,,Fandom: Console Commands (Skyrim)/Keys,Deep linked-page seed pass: Keys
Keys,DwemerMuseumKey,00094392,Dwemer Museum Key,,Fandom: Console Commands (Skyrim)/Keys,Deep linked-page seed pass: Keys
Keys,EastEmpireOfficeKey,00056AF7,East Empire Office Key,,Fandom: Console Commands (Skyrim)/Keys,Deep linked-page seed pass: Keys
Keys,EastEmpireWarehouseKey,0010080E,East Empire Warehouse Key,,Fandom: Console Commands (Skyrim)/Keys,Deep linked-page seed pass: Keys
Keys,EdlaSHouseKey,XX018FBB,Edla's House Key,,Fandom: Console Commands (Skyrim)/Keys,Deep linked-page seed pass: Keys
Keys,ElgrimSElixirsKey,000FDEBA,Elgrim's Elixirs Key,,Fandom: Console Commands (Skyrim)/Keys,Deep linked-page seed pass: Keys
Keys,EmbershardMineKey,000B6FE5,Embershard Mine Key,,Fandom: Console Commands (Skyrim)/Keys,Deep linked-page seed pass: Keys
Keys,FaldarSCageKey,000C007B,Faldar's Cage Key,,Fandom: Console Commands (Skyrim)/Keys,Deep linked-page seed pass: Keys
Keys,FaldarSToothKey,00043A71,Faldar's Tooth Key,,Fandom: Console Commands (Skyrim)/Keys,Deep linked-page seed pass: Keys
Keys,FalkreathJailKey,000FB90C,Falkreath Jail Key,,Fandom: Console Commands (Skyrim)/Keys,Deep linked-page seed pass: Keys
Keys,FellglowKeepKey,00071C07,Fellglow Keep Key,,Fandom: Console Commands (Skyrim)/Keys,Deep linked-page seed pass: Keys
Keys,FellglowRitualChamberKey,00071C08,Fellglow Ritual Chamber Key,,Fandom: Console Commands (Skyrim)/Keys,Deep linked-page seed pass: Keys
Keys,FellhammerMineKey,000446D8,Fellhammer Mine Key,,Fandom: Console Commands (Skyrim)/Keys,Deep linked-page seed pass: Keys
Keys,FellstarFarmKey,00106E23,Fellstar Farm Key,,Fandom: Console Commands (Skyrim)/Keys,Deep linked-page seed pass: Keys
Keys,FolgunthurCatacombKey,000AB6FE,Folgunthur Catacomb Key,,Fandom: Console Commands (Skyrim)/Keys,Deep linked-page seed pass: Keys
Keys,ForelhostBalconyKey,0003A691,Forelhost Balcony Key,,Fandom: Console Commands (Skyrim)/Keys,Deep linked-page seed pass: Keys
Keys,ForelhostEntranceKey,0003A694,Forelhost Entrance Key,,Fandom: Console Commands (Skyrim)/Keys,Deep linked-page seed pass: Keys
Keys,ForelhostWellKey,000241B4,Forelhost Well Key,,Fandom: Console Commands (Skyrim)/Keys,Deep linked-page seed pass: Keys
Keys,FortBlackmoorPrisonKey,00016FF1,Fort Blackmoor Prison Key,,Fandom: Console Commands (Skyrim)/Keys,Deep linked-page seed pass: Keys
Keys,FortFrostmothKey,XX01F4B4,Fort Frostmoth Key,,Fandom: Console Commands (Skyrim)/Keys,Deep linked-page seed pass: Keys
Keys,FortKastavPrisonKey,000BED2D,Fort Kastav Prison Key,,Fandom: Console Commands (Skyrim)/Keys,Deep linked-page seed pass: Keys
Keys,FortNeugradLibraryKey,000CC59C,Fort Neugrad Library Key,,Fandom: Console Commands (Skyrim)/Keys,Deep linked-page seed pass: Keys
Keys,FortNeugradPrisonKey,0008B232,Fort Neugrad Prison Key,,Fandom: Console Commands (Skyrim)/Keys,Deep linked-page seed pass: Keys
Keys,FortSnowhawkPrisonKey,00091F0E,Fort Snowhawk Prison Key,,Fandom: Console Commands (Skyrim)/Keys,Deep linked-page seed pass: Keys
Keys,FortSnowhawkQuartersKey,000D8996,Fort Snowhawk Quarters Key,,Fandom: Console Commands (Skyrim)/Keys,Deep linked-page seed pass: Keys
Keys,FortSungardJailKey,000798C1,Fort Sungard Jail Key,,Fandom: Console Commands (Skyrim)/Keys,Deep linked-page seed pass: Keys
Keys,GloverMallorySHouseKey,XX018454,Glover Mallory's House Key,,Fandom: Console Commands (Skyrim)/Keys,Deep linked-page seed pass: Keys
Keys,GloverSGuildKey,XX02AD3D,Glover's Guild Key,,Fandom: Console Commands (Skyrim)/Keys,Deep linked-page seed pass: Keys
Keys,GoldenglowCellarKey,00061AED,Goldenglow Cellar Key,,Fandom: Console Commands (Skyrim)/Keys,Deep linked-page seed pass: Keys
Keys,GoldenglowGateKey,000B6439,Goldenglow Gate Key,,Fandom: Console Commands (Skyrim)/Keys,Deep linked-page seed pass: Keys
Keys,GoldenglowSafeKey,000E6DFE,Goldenglow Safe Key,,Fandom: Console Commands (Skyrim)/Keys,Deep linked-page seed pass: Keys
Keys,GrelkaSMarketKey,000B8F35,Grelka's Market Key,,Fandom: Console Commands (Skyrim)/Keys,Deep linked-page seed pass: Keys
Keys,GyldenhulBarrowKey,XX018D1C,Gyldenhul Barrow Key,,Fandom: Console Commands (Skyrim)/Keys,Deep linked-page seed pass: Keys
Keys,HabdSLighthouseKey,00048141,Habd's Lighthouse Key,,Fandom: Console Commands (Skyrim)/Keys,Deep linked-page seed pass: Keys
Keys,HaelgaSBunkhouseKey,000FDEB4,Haelga's Bunkhouse Key,,Fandom: Console Commands (Skyrim)/Keys,Deep linked-page seed pass: Keys
Keys,HagRockRuinJailKey,000E9918,Hag Rock Ruin Jail Key,,Fandom: Console Commands (Skyrim)/Keys,Deep linked-page seed pass: Keys
Keys,HagSEndKey,0009D392,Hag's End Key,,Fandom: Console Commands (Skyrim)/Keys,Deep linked-page seed pass: Keys
Keys,HargarSChestKey,00038CE2,Hargar's Chest Key,,Fandom: Console Commands (Skyrim)/Keys,Deep linked-page seed pass: Keys
Keys,HelgenKeepKey,000B5178,Helgen Keep Key,,Fandom: Console Commands (Skyrim)/Keys,Deep linked-page seed pass: Keys
Keys,HillgrundSChestKey,000BC6FE,Hillgrund's Chest Key,,Fandom: Console Commands (Skyrim)/Keys,Deep linked-page seed pass: Keys
Keys,HillgrundSTombCryptKey,000A9F21,Hillgrund's Tomb Crypt Key,,Fandom: Console Commands (Skyrim)/Keys,Deep linked-page seed pass: Keys
Keys,HillgrundSTombKey,00019CFF,Hillgrund's Tomb Key,,Fandom: Console Commands (Skyrim)/Keys,Deep linked-page seed pass: Keys
Keys,HlaaluFarmhouseKey,0009C875,Hlaalu Farmhouse Key,,Fandom: Console Commands (Skyrim)/Keys,Deep linked-page seed pass: Keys
Keys,HollyfrostFarmhouseKey,0009C874,Hollyfrost Farmhouse Key,,Fandom: Console Commands (Skyrim)/Keys,Deep linked-page seed pass: Keys
Keys,HonningbrewBrewhouseKey,0005CDBC,Honningbrew Brewhouse Key,,Fandom: Console Commands (Skyrim)/Keys,Deep linked-page seed pass: Keys
Keys,HonningbrewMeaderyKey,0002BAA7,Honningbrew Meadery Key,,Fandom: Console Commands (Skyrim)/Keys,Deep linked-page seed pass: Keys
Keys,HorgeirSHouseKey,000B8761,Horgeir's House Key,,Fandom: Console Commands (Skyrim)/Keys,Deep linked-page seed pass: Keys
Keys,IenthFarmhouseKey,XX018457,Ienth Farmhouse Key,,Fandom: Console Commands (Skyrim)/Keys,Deep linked-page seed pass: Keys
Keys,IngunSSupplyChestKey,0003C590,Ingun's Supply Chest Key,,Fandom: Console Commands (Skyrim)/Keys,Deep linked-page seed pass: Keys
Keys,InterrogationChamberKey,00039F29,Interrogation Chamber Key,,Fandom: Console Commands (Skyrim)/Keys,Deep linked-page seed pass: Keys
Keys,InvestigatorSKey,000F9924,Investigator's Key,,Fandom: Console Commands (Skyrim)/Keys,Deep linked-page seed pass: Keys
Keys,IrkngthandArcanexKey,000B7CBC,Irkngthand Arcanex Key,,Fandom: Console Commands (Skyrim)/Keys,Deep linked-page seed pass: Keys
Keys,IrkngthandConsortiumKey,000B7C00,Irkngthand Consortium Key,,Fandom: Console Commands (Skyrim)/Keys,Deep linked-page seed pass: Keys
Keys,IronKey,0004EC50,Iron Key,,Fandom: Console Commands (Skyrim)/Keys,Deep linked-page seed pass: Keys
Keys,IrontreeMillHouseKey,00098B7A,Irontree Mill House Key,,Fandom: Console Commands (Skyrim)/Keys,Deep linked-page seed pass: Keys
Keys,JaphetSFollyKey,0002E5FB,Japhet's Folly Key,,Fandom: Console Commands (Skyrim)/Keys,Deep linked-page seed pass: Keys
Keys,JareeSKey,00023A70,Jaree's Key,,Fandom: Console Commands (Skyrim)/Keys,Deep linked-page seed pass: Keys
Keys,JorrvaskrBackRoomKey,000734C5,Jorrvaskr Back Room Key,,Fandom: Console Commands (Skyrim)/Keys,Deep linked-page seed pass: Keys
Keys,KatariahMasterKey,000BBB7F,Katariah Master Key,,Fandom: Console Commands (Skyrim)/Keys,Deep linked-page seed pass: Keys
Keys,KeeravaSKey,0004E0B7,Keerava's Key,,Fandom: Console Commands (Skyrim)/Keys,Deep linked-page seed pass: Keys
Keys,KerahSKey,0004700D,Kerah's Key,,Fandom: Console Commands (Skyrim)/Keys,Deep linked-page seed pass: Keys
Keys,KeyToAbandonedLodge,XX027E00,Key to Abandoned Lodge,,Fandom: Console Commands (Skyrim)/Keys,Deep linked-page seed pass: Keys
Keys,KeyToAddvarSHouse,000C13C3,Key to Addvar's House,,Fandom: Console Commands (Skyrim)/Keys,Deep linked-page seed pass: Keys
Keys,KeyToAeriSHouse,0006564E,Key to Aeri's House,,Fandom: Console Commands (Skyrim)/Keys,Deep linked-page seed pass: Keys
Keys,KeyToAleucSHouse,0009E2A5,Key to Aleuc's House,,Fandom: Console Commands (Skyrim)/Keys,Deep linked-page seed pass: Keys
Keys,KeyToAlftandLift,000D1843,Key to Alftand Lift,,Fandom: Console Commands (Skyrim)/Keys,Deep linked-page seed pass: Keys
Keys,KeyToAlvaSHouse,00070E80,Key to Alva's House,,Fandom: Console Commands (Skyrim)/Keys,Deep linked-page seed pass: Keys
Keys,KeyToAlvorSHouse,00036A3D,Key to Alvor's House,,Fandom: Console Commands (Skyrim)/Keys,Deep linked-page seed pass: Keys
Keys,KeyToAmrenSHouse,00093B06,Key to Amren's House,,Fandom: Console Commands (Skyrim)/Keys,Deep linked-page seed pass: Keys
Keys,KeyToAngaSMillCommonHouse,00065650,Key to Anga's Mill Common House,,Fandom: Console Commands (Skyrim)/Keys,Deep linked-page seed pass: Keys
Keys,KeyToAngelineSAromatics,000C13C6,Key to Angeline's Aromatics,,Fandom: Console Commands (Skyrim)/Keys,Deep linked-page seed pass: Keys
Keys,KeyToArcadiaSCauldron,00093B05,Key to Arcadia's Cauldron,,Fandom: Console Commands (Skyrim)/Keys,Deep linked-page seed pass: Keys
Keys,KeyToArgiSHut,0009E2A6,Key to Argi's Hut,,Fandom: Console Commands (Skyrim)/Keys,Deep linked-page seed pass: Keys
Keys,KeyToArnleifAndSonsTradingCompany,0006566E,Key to Arnleif and Sons Trading Company,,Fandom: Console Commands (Skyrim)/Keys,Deep linked-page seed pass: Keys
Keys,KeyToBardsCollege,000C13C9,Key to Bards College,,Fandom: Console Commands (Skyrim)/Keys,Deep linked-page seed pass: Keys
Keys,KeyToBattleBornFarmhouse,000FE2B1,Key to Battle-Born Farmhouse,,Fandom: Console Commands (Skyrim)/Keys,Deep linked-page seed pass: Keys
Keys,KeyToBeitildSHouse,0009DA2D,Key to Beitild's House,,Fandom: Console Commands (Skyrim)/Keys,Deep linked-page seed pass: Keys
Keys,KeyToBelethorSGeneralGoods,00093B07,Key to Belethor's General Goods,,Fandom: Console Commands (Skyrim)/Keys,Deep linked-page seed pass: Keys
Keys,KeyToBitsAndPieces,000C13CC,Key to Bits and Pieces,,Fandom: Console Commands (Skyrim)/Keys,Deep linked-page seed pass: Keys
Keys,KeyToBluePalace,000C13D2,Key to Blue Palace,,Fandom: Console Commands (Skyrim)/Keys,Deep linked-page seed pass: Keys
Keys,KeyToBreezehome,00093B08,Key to Breezehome,,Fandom: Console Commands (Skyrim)/Keys,Deep linked-page seed pass: Keys
Keys,KeyToBrinaSHouse,0009DA32,Key to Brina's House,,Fandom: Console Commands (Skyrim)/Keys,Deep linked-page seed pass: Keys
Keys,KeyToBrylingSHouse,000C13D5,Key to Bryling's House,,Fandom: Console Commands (Skyrim)/Keys,Deep linked-page seed pass: Keys
Keys,KeyToBthardamzElevator,0003E141,Key to Bthardamz Elevator,,Fandom: Console Commands (Skyrim)/Keys,Deep linked-page seed pass: Keys
Keys,KeyToBurgukSLonghouse,0006566A,Key to Burguk's Longhouse,,Fandom: Console Commands (Skyrim)/Keys,Deep linked-page seed pass: Keys
Keys,KeyToCarlottaValentiaSHouse,00093B09,Key to Carlotta Valentia's House,,Fandom: Console Commands (Skyrim)/Keys,Deep linked-page seed pass: Keys
Keys,KeyToCastleDour,000C13D8,Key to Castle Dour,,Fandom: Console Commands (Skyrim)/Keys,Deep linked-page seed pass: Keys
Keys,KeyToCastleDourTower,000C13DB,Key to Castle Dour Tower,,Fandom: Console Commands (Skyrim)/Keys,Deep linked-page seed pass: Keys
Keys,KeyToChillfurrowFarmhouse,000FE2B2,Key to Chillfurrow Farmhouse,,Fandom: Console Commands (Skyrim)/Keys,Deep linked-page seed pass: Keys
Keys,KeyToCidhnaMine,00100FA6,Key to Cidhna Mine,,Fandom: Console Commands (Skyrim)/Keys,Deep linked-page seed pass: Keys
Keys,KeyToCorpselightFarm,000C1395,Key to Corpselight Farm,,Fandom: Console Commands (Skyrim)/Keys,Deep linked-page seed pass: Keys
Keys,KeyToCosnachSRoom,000656E5,Key to Cosnach's Room,,Fandom: Console Commands (Skyrim)/Keys,Deep linked-page seed pass: Keys
Keys,KeyToDaighreSHouse,00065667,Key to Daighre's House,,Fandom: Console Commands (Skyrim)/Keys,Deep linked-page seed pass: Keys
Keys,KeyToDawnstarJail,0009DA41,Key to Dawnstar Jail,,Fandom: Console Commands (Skyrim)/Keys,Deep linked-page seed pass: Keys
Keys,KeyToDegaineSRoom,000BEC39,Key to Degaine's Room,,Fandom: Console Commands (Skyrim)/Keys,Deep linked-page seed pass: Keys
Keys,KeyToDengeirSHall,000C13A5,Key to Dengeir's Hall,,Fandom: Console Commands (Skyrim)/Keys,Deep linked-page seed pass: Keys
Keys,KeyToEltrysSRoom,000656E3,Key to Eltrys's Room,,Fandom: Console Commands (Skyrim)/Keys,Deep linked-page seed pass: Keys
Keys,KeyToEndonSHouse,00065672,Key to Endon's House,,Fandom: Console Commands (Skyrim)/Keys,Deep linked-page seed pass: Keys
Keys,KeyToEnmonSHouse,0006565E,Key to Enmon's House,,Fandom: Console Commands (Skyrim)/Keys,Deep linked-page seed pass: Keys
Keys,KeyToErikurSHouse,000C13E1,Key to Erikur's House,,Fandom: Console Commands (Skyrim)/Keys,Deep linked-page seed pass: Keys
Keys,KeyToEvetteSanSHouse,000C13E4,Key to Evette San's House,,Fandom: Console Commands (Skyrim)/Keys,Deep linked-page seed pass: Keys
Keys,KeyToFaendalSHouse,00036A42,Key to Faendal's House,,Fandom: Console Commands (Skyrim)/Keys,Deep linked-page seed pass: Keys
Keys,KeyToFalionSHouse,00108BA4,Key to Falion's House,,Fandom: Console Commands (Skyrim)/Keys,Deep linked-page seed pass: Keys
Keys,KeyToFalionSHouse,0009E298,Key to Falion's House,,Fandom: Console Commands (Skyrim)/Keys,Deep linked-page seed pass: Keys
Keys,KeyToFathendasHouse,00065653,Key to Fathendas House,,Fandom: Console Commands (Skyrim)/Keys,Deep linked-page seed pass: Keys
Keys,KeyToFilnjarSHouse,00106E21,Key to Filnjar's House,,Fandom: Console Commands (Skyrim)/Keys,Deep linked-page seed pass: Keys
Keys,KeyToFrukiSHouse,0009DA42,Key to Fruki's House,,Fandom: Console Commands (Skyrim)/Keys,Deep linked-page seed pass: Keys
Keys,KeyToGarveySRoom,00065780,Key to Garvey's Room,,Fandom: Console Commands (Skyrim)/Keys,Deep linked-page seed pass: Keys
Keys,KeyToGerdurSHouse,00036A40,Key to Gerdur's House,,Fandom: Console Commands (Skyrim)/Keys,Deep linked-page seed pass: Keys
Keys,KeyToGesturSHouse,0009E2A3,Key to Gestur's House,,Fandom: Console Commands (Skyrim)/Keys,Deep linked-page seed pass: Keys
Keys,KeyToGilfreSHouse,000F18EC,Key to Gilfre's House,,Fandom: Console Commands (Skyrim)/Keys,Deep linked-page seed pass: Keys
Keys,KeyToGraveConcoctions,000C13A6,Key to Grave Concoctions,,Fandom: Console Commands (Skyrim)/Keys,Deep linked-page seed pass: Keys
Keys,KeyToGrayPineGoods,000C13A7,Key to Gray Pine Goods,,Fandom: Console Commands (Skyrim)/Keys,Deep linked-page seed pass: Keys
Keys,KeyToGularzKhazgurKeep,0006649A,Key to Gularz Khazgur Keep,,Fandom: Console Commands (Skyrim)/Keys,Deep linked-page seed pass: Keys
Keys,KeyToHalfMoonMill,000C13C0,Key to Half Moon Mill,,Fandom: Console Commands (Skyrim)/Keys,Deep linked-page seed pass: Keys
Keys,KeyToHalldirSCrypt,0003AD48,Key to Halldir's Crypt,,Fandom: Console Commands (Skyrim)/Keys,Deep linked-page seed pass: Keys
Keys,KeyToHaltedStreamMine,000D2947,Key to Halted Stream Mine,,Fandom: Console Commands (Skyrim)/Keys,Deep linked-page seed pass: Keys
Keys,KeyToHeigenSFarmhouse,00065655,Key to Heigen's Farmhouse,,Fandom: Console Commands (Skyrim)/Keys,Deep linked-page seed pass: Keys
Keys,KeyToHeimskrSHouse,00093B0A,Key to Heimskr's House,,Fandom: Console Commands (Skyrim)/Keys,Deep linked-page seed pass: Keys
Keys,KeyToHjerim,00021679,Key to Hjerim,,Fandom: Console Commands (Skyrim)/Keys,Deep linked-page seed pass: Keys
Keys,KeyToHjorunnSRoom,00098B7C,Key to Hjorunn's Room,,Fandom: Console Commands (Skyrim)/Keys,Deep linked-page seed pass: Keys
Keys,KeyToHoneyside,000A7B36,Key to Honeyside,,Fandom: Console Commands (Skyrim)/Keys,Deep linked-page seed pass: Keys
Keys,KeyToHouseBattleBorn,00093B0C,Key to House Battle-Born,,Fandom: Console Commands (Skyrim)/Keys,Deep linked-page seed pass: Keys
Keys,KeyToHouseGrayMane,00093B0B,Key to House Gray-Mane,,Fandom: Console Commands (Skyrim)/Keys,Deep linked-page seed pass: Keys
Keys,KeyToHouseOfArkay,000C13A8,Key to House of Arkay,,Fandom: Console Commands (Skyrim)/Keys,Deep linked-page seed pass: Keys
Keys,KeyToIrgnirSHouse,0009DA37,Key to Irgnir's House,,Fandom: Console Commands (Skyrim)/Keys,Deep linked-page seed pass: Keys
Keys,KeyToJalaSHouse,000C13EA,Key to Jala's House,,Fandom: Console Commands (Skyrim)/Keys,Deep linked-page seed pass: Keys
Keys,KeyToJensFarmhouse,00065656,Key to Jens' Farmhouse,,Fandom: Console Commands (Skyrim)/Keys,Deep linked-page seed pass: Keys
Keys,KeyToJorgenAndLamiSHouse,000B858A,Key to Jorgen and Lami's House,,Fandom: Console Commands (Skyrim)/Keys,Deep linked-page seed pass: Keys
Keys,KeyToJorgenSChest,00026BC8,Key to Jorgen's Chest,,Fandom: Console Commands (Skyrim)/Keys,Deep linked-page seed pass: Keys
Keys,KeyToJusticiarSHeadquarter,000C13ED,Key to Justiciar's Headquarter,,Fandom: Console Commands (Skyrim)/Keys,Deep linked-page seed pass: Keys
Keys,KeyToKarthwastenHall,0006565C,Key to Karthwasten Hall,,Fandom: Console Commands (Skyrim)/Keys,Deep linked-page seed pass: Keys
Keys,KeyToKarthwastenMinersBarracks,00065660,Key to Karthwasten Miners' Barracks,,Fandom: Console Commands (Skyrim)/Keys,Deep linked-page seed pass: Keys
Keys,KeyToKatlaSFarm,00098B7D,Key to Katla's Farm,,Fandom: Console Commands (Skyrim)/Keys,Deep linked-page seed pass: Keys
Keys,KeyToKharagSRoom,00098B7B,Key to Kharag's Room,,Fandom: Console Commands (Skyrim)/Keys,Deep linked-page seed pass: Keys
Keys,KeyToKlimmekSHouse,00106E24,Key to Klimmek's House,,Fandom: Console Commands (Skyrim)/Keys,Deep linked-page seed pass: Keys
Keys,KeyToKraldarSHouse,0009E28E,Key to Kraldar's House,,Fandom: Console Commands (Skyrim)/Keys,Deep linked-page seed pass: Keys
Keys,KeyToLamiSHut,0009E29A,Key to Lami's Hut,,Fandom: Console Commands (Skyrim)/Keys,Deep linked-page seed pass: Keys
Keys,KeyToLarakSLonghouse,00065669,Key to Larak's Longhouse,,Fandom: Console Commands (Skyrim)/Keys,Deep linked-page seed pass: Keys
Keys,KeyToLeftHandMinerSBarracks,00065665,Key to Left Hand Miner's Barracks,,Fandom: Console Commands (Skyrim)/Keys,Deep linked-page seed pass: Keys
Keys,KeyToLeigelfSHouse,0009DA38,Key to Leigelf's House,,Fandom: Console Commands (Skyrim)/Keys,Deep linked-page seed pass: Keys
Keys,KeyToLodSHouse,000C13AA,Key to Lod's House,,Fandom: Console Commands (Skyrim)/Keys,Deep linked-page seed pass: Keys
Keys,KeyToLonghouse,0009E2A4,Key to Longhouse,,Fandom: Console Commands (Skyrim)/Keys,Deep linked-page seed pass: Keys
Keys,KeyToLoreiusFamhouse,00065651,Key to Loreius Famhouse,,Fandom: Console Commands (Skyrim)/Keys,Deep linked-page seed pass: Keys
Keys,KeyToMaidenLoomManor,00093B0D,Key to Maiden-Loom Manor,,Fandom: Console Commands (Skyrim)/Keys,Deep linked-page seed pass: Keys
Keys,KeyToMargretSRoom,000D3E6A,Key to Margret's Room,,Fandom: Console Commands (Skyrim)/Keys,Deep linked-page seed pass: Keys
Keys,KeyToMarkarthKeep,000656EC,Key to Markarth Keep,,Fandom: Console Commands (Skyrim)/Keys,Deep linked-page seed pass: Keys
Keys,KeyToMarkarthStables,000BEB82,Key to Markarth Stables,,Fandom: Console Commands (Skyrim)/Keys,Deep linked-page seed pass: Keys
Keys,KeyToMarkarthTreasuryHouse,0006566C,Key to Markarth Treasury House,,Fandom: Console Commands (Skyrim)/Keys,Deep linked-page seed pass: Keys
Keys,KeyToMehrunesShrine,00107D97,Key to Mehrunes' Shrine,,Fandom: Console Commands (Skyrim)/Keys,Deep linked-page seed pass: Keys
Keys,KeyToMorthalGuardhouse,00108BA5,Key to Morthal Guardhouse,,Fandom: Console Commands (Skyrim)/Keys,Deep linked-page seed pass: Keys
Keys,KeyToMorthalJail,0010480C,Key to Morthal Jail,,Fandom: Console Commands (Skyrim)/Keys,Deep linked-page seed pass: Keys
Keys,KeyToNchuandZel,000537F8,Key to Nchuand-Zel,,Fandom: Console Commands (Skyrim)/Keys,Deep linked-page seed pass: Keys
Keys,KeyToNeposSHouse,00065676,Key to Nepos's House,,Fandom: Console Commands (Skyrim)/Keys,Deep linked-page seed pass: Keys
Keys,KeyToOdfelSHouse,00106E22,Key to Odfel's House,,Fandom: Console Commands (Skyrim)/Keys,Deep linked-page seed pass: Keys
Keys,KeyToOgmundSHouse,00065674,Key to Ogmund's House,,Fandom: Console Commands (Skyrim)/Keys,Deep linked-page seed pass: Keys
Keys,KeyToOlavaTheFeebleSHouse,00093B0E,Key to Olava the Feeble's House,,Fandom: Console Commands (Skyrim)/Keys,Deep linked-page seed pass: Keys
Keys,KeyToOldHroldanInn,000695C7,Key to Old Hroldan Inn,,Fandom: Console Commands (Skyrim)/Keys,Deep linked-page seed pass: Keys
Keys,KeyToOmluagSRoom,000656E1,Key to Omluag's Room,,Fandom: Console Commands (Skyrim)/Keys,Deep linked-page seed pass: Keys
Keys,KeyToOverseerSHouse,000656E8,Key to Overseer's House,,Fandom: Console Commands (Skyrim)/Keys,Deep linked-page seed pass: Keys
Keys,KeyToPavoSHouse,0006565B,Key to Pavo's House,,Fandom: Console Commands (Skyrim)/Keys,Deep linked-page seed pass: Keys
Keys,KeyToPavoSHouse,000BECD8,Key to Pavo's House,,Fandom: Console Commands (Skyrim)/Keys,Deep linked-page seed pass: Keys
Keys,KeyToSolitudeCemetery,000C13DE,Key to Solitude Cemetery,,Fandom: Console Commands (Skyrim)/Keys,Deep linked-page seed pass: Keys
Keys,KeyToSolitudeFletcher,000C13E7,Key to Solitude Fletcher,,Fandom: Console Commands (Skyrim)/Keys,Deep linked-page seed pass: Keys
Keys,KeyToSolitudeLighthouse,000C13F0,Key to Solitude Lighthouse,,Fandom: Console Commands (Skyrim)/Keys,Deep linked-page seed pass: Keys
Keys,KeyToSolitudeSawmill,000C13F6,Key to Solitude Sawmill,,Fandom: Console Commands (Skyrim)/Keys,Deep linked-page seed pass: Keys
Keys,KeyToSolitudeStables,000C13F9,Key to Solitude Stables,,Fandom: Console Commands (Skyrim)/Keys,Deep linked-page seed pass: Keys
Keys,KeyToSoljundSMinerSHouse,0006565A,Key to Soljund's Miner's House,,Fandom: Console Commands (Skyrim)/Keys,Deep linked-page seed pass: Keys
Keys,KeyToSorliSHouse,0009E2A2,Key to Sorli's House,,Fandom: Console Commands (Skyrim)/Keys,Deep linked-page seed pass: Keys
Keys,KeyToStyrrSHouse,000C13FC,Key to Styrr's House,,Fandom: Console Commands (Skyrim)/Keys,Deep linked-page seed pass: Keys
Keys,KeyToSvenSHouse,00036A41,Key to Sven's House,,Fandom: Console Commands (Skyrim)/Keys,Deep linked-page seed pass: Keys
Keys,KeyToSylgjaSHouse,000F18F9,Key to Sylgja's House,,Fandom: Console Commands (Skyrim)/Keys,Deep linked-page seed pass: Keys
Keys,KeyToTheDeadManSDrink,000C139E,Key to The Dead Man's Drink,,Fandom: Console Commands (Skyrim)/Keys,Deep linked-page seed pass: Keys
Keys,KeyToTheMortarAndPestle,0009DA31,Key to The Mortar and Pestle,,Fandom: Console Commands (Skyrim)/Keys,Deep linked-page seed pass: Keys
Keys,KeyToThonnirSHouse,0009E299,Key to Thonnir's House,,Fandom: Console Commands (Skyrim)/Keys,Deep linked-page seed pass: Keys
Keys,KeyToTraillusSHouse,00065659,Key to Traillus's House,,Fandom: Console Commands (Skyrim)/Keys,Deep linked-page seed pass: Keys
Keys,KeyToUlfberthSHouse,00093B10,Key to Ulfberth's House,,Fandom: Console Commands (Skyrim)/Keys,Deep linked-page seed pass: Keys
Keys,KeyToUthgerdTheUnbrokenSHouse,00093B11,Key to Uthgerd the Unbroken's House,,Fandom: Console Commands (Skyrim)/Keys,Deep linked-page seed pass: Keys
Keys,KeyToVittoriaViciSHouse,000C1402,Key to Vittoria Vici's House,,Fandom: Console Commands (Skyrim)/Keys,Deep linked-page seed pass: Keys
Keys,KeyToVlindrelHall,00094391,Key to Vlindrel Hall,,Fandom: Console Commands (Skyrim)/Keys,Deep linked-page seed pass: Keys
Keys,KeyToWarmaidenS,00093B12,Key to Warmaiden's,,Fandom: Console Commands (Skyrim)/Keys,Deep linked-page seed pass: Keys
Keys,KeyToWeylinSRoom,000D66F9,Key to Weylin's Room,,Fandom: Console Commands (Skyrim)/Keys,Deep linked-page seed pass: Keys
Keys,KeyToWhiterunStables,00093B0F,Key to Whiterun Stables,,Fandom: Console Commands (Skyrim)/Keys,Deep linked-page seed pass: Keys
Keys,KeyToWinkingSkeever,000C1405,Key to Winking Skeever,,Fandom: Console Commands (Skyrim)/Keys,Deep linked-page seed pass: Keys
Keys,KeyToWintersandManor,00093B14,Key to Wintersand Manor,,Fandom: Console Commands (Skyrim)/Keys,Deep linked-page seed pass: Keys
Keys,KeyToYsoldaSHouse,00093B13,Key to Ysolda's House,,Fandom: Console Commands (Skyrim)/Keys,Deep linked-page seed pass: Keys
Keys,KeyToTheAbandonedHouse,00065673,Key to the Abandoned House,,Fandom: Console Commands (Skyrim)/Keys,Deep linked-page seed pass: Keys
Keys,KeyToTheDibellaInnerSanctum,000656EE,Key to the Dibella Inner Sanctum,,Fandom: Console Commands (Skyrim)/Keys,Deep linked-page seed pass: Keys
Keys,KeyToTheHagSCure,00065678,Key to the Hag's Cure,,Fandom: Console Commands (Skyrim)/Keys,Deep linked-page seed pass: Keys
Keys,KeyToTheJarlSLonghouse,000C13A9,Key to the Jarl's Longhouse,,Fandom: Console Commands (Skyrim)/Keys,Deep linked-page seed pass: Keys
Keys,KeyToTheNightgateInn,00065658,Key to the Nightgate Inn,,Fandom: Console Commands (Skyrim)/Keys,Deep linked-page seed pass: Keys
Keys,KeyToTheSilverBloodInn,00065670,Key to the Silver-Blood Inn,,Fandom: Console Commands (Skyrim)/Keys,Deep linked-page seed pass: Keys
Keys,KeyToTheTempleOfDibella,000BD79C,Key to the Temple of Dibella,,Fandom: Console Commands (Skyrim)/Keys,Deep linked-page seed pass: Keys
Keys,KeyToTheTempleOfTheDivines,000C13FF,Key to the Temple of the Divines,,Fandom: Console Commands (Skyrim)/Keys,Deep linked-page seed pass: Keys
Keys,KeyToTheWindpeakInn,000BECDE,Key to the Windpeak Inn,,Fandom: Console Commands (Skyrim)/Keys,Deep linked-page seed pass: Keys
Keys,KingOlafSTreasuryKey,00062893,King Olaf's Treasury Key,,Fandom: Console Commands (Skyrim)/Keys,Deep linked-page seed pass: Keys
Keys,KornalusFreySKey,0008E5D1,Kornalus Frey's Key,,Fandom: Console Commands (Skyrim)/Keys,Deep linked-page seed pass: Keys
Keys,LabyrinthianCryptKey,00022896,Labyrinthian Crypt Key,,Fandom: Console Commands (Skyrim)/Keys,Deep linked-page seed pass: Keys
Keys,LemkilSHouseKey,0009E133,Lemkil's House Key,,Fandom: Console Commands (Skyrim)/Keys,Deep linked-page seed pass: Keys
Keys,LiarSRetreatCageKey,0001E30D,Liar's Retreat Cage Key,,Fandom: Console Commands (Skyrim)/Keys,Deep linked-page seed pass: Keys
Keys,LordGeirmundSKey,0003E694,Lord Geirmund's Key,,Fandom: Console Commands (Skyrim)/Keys,Deep linked-page seed pass: Keys
Keys,LostKnifeCageKey,00034C91,Lost Knife Cage Key,,Fandom: Console Commands (Skyrim)/Keys,Deep linked-page seed pass: Keys
Keys,LuAhSKey,0003E4F2,Lu'ah's Key,,Fandom: Console Commands (Skyrim)/Keys,Deep linked-page seed pass: Keys
Keys,LumberCampKey,000F49BE,Lumber Camp Key,,Fandom: Console Commands (Skyrim)/Keys,Deep linked-page seed pass: Keys
Keys,LylvieveHouseKey,000B8764,Lylvieve House Key,,Fandom: Console Commands (Skyrim)/Keys,Deep linked-page seed pass: Keys
Keys,MadanachSKey,000E17A8,Madanach's Key,,Fandom: Console Commands (Skyrim)/Keys,Deep linked-page seed pass: Keys
Keys,MadesiSMarketKey,000B8F42,Madesi's Market Key,,Fandom: Console Commands (Skyrim)/Keys,Deep linked-page seed pass: Keys
Keys,MadesiSMarketKey,000B8F43,Madesi's Market Key,,Fandom: Console Commands (Skyrim)/Keys,Deep linked-page seed pass: Keys
Keys,MalurilSRoomKey,0010BEFF,Maluril's Room Key,,Fandom: Console Commands (Skyrim)/Keys,Deep linked-page seed pass: Keys
Keys,ManiSCellarKey,0004811D,Mani's Cellar Key,,Fandom: Console Commands (Skyrim)/Keys,Deep linked-page seed pass: Keys
Keys,MariseSHouseKey,000FDEBD,Marise's House Key,,Fandom: Console Commands (Skyrim)/Keys,Deep linked-page seed pass: Keys
Keys,MarkarthHallOfTheDeadKey,0007D94C,Markarth Hall of the Dead Key,,Fandom: Console Commands (Skyrim)/Keys,Deep linked-page seed pass: Keys
Keys,MavenSPersonalKey,000FDEB8,Maven's Personal Key,,Fandom: Console Commands (Skyrim)/Keys,Deep linked-page seed pass: Keys
Keys,MercerSHouseKey,00072B05,Mercer's House Key,,Fandom: Console Commands (Skyrim)/Keys,Deep linked-page seed pass: Keys
Keys,MerilarCageDoorKey,XX0297DA,Merilar Cage Door Key,,Fandom: Console Commands (Skyrim)/Keys,Deep linked-page seed pass: Keys
Keys,MistwatchJailKey,00030B37,Mistwatch Jail Key,,Fandom: Console Commands (Skyrim)/Keys,Deep linked-page seed pass: Keys
Keys,MistwatchKey,000918C6,Mistwatch Key,,Fandom: Console Commands (Skyrim)/Keys,Deep linked-page seed pass: Keys
Keys,MithorpaSHouseKey,000A035E,Mithorpa's House Key,,Fandom: Console Commands (Skyrim)/Keys,Deep linked-page seed pass: Keys
Keys,MorvaynManorKey,XX018450,Morvayn Manor Key,,Fandom: Console Commands (Skyrim)/Keys,Deep linked-page seed pass: Keys
Keys,MorwenSHouseKey,XX018FAD,Morwen's House Key,,Fandom: Console Commands (Skyrim)/Keys,Deep linked-page seed pass: Keys
Keys,MzulftKey,0005DCB9,Mzulft Key,,Fandom: Console Commands (Skyrim)/Keys,Deep linked-page seed pass: Keys
Keys,MzulftObservatoryKey,00057B66,Mzulft Observatory Key,,Fandom: Console Commands (Skyrim)/Keys,Deep linked-page seed pass: Keys
Keys,MzulftRoomKey,000401F4,Mzulft Room Key,,Fandom: Console Commands (Skyrim)/Keys,Deep linked-page seed pass: Keys
Keys,NightcallerTempleKey,000C6321,Nightcaller Temple Key,,Fandom: Console Commands (Skyrim)/Keys,Deep linked-page seed pass: Keys
Keys,NightgateInnCellarKey,000ED02D,Nightgate Inn Cellar Key,,Fandom: Console Commands (Skyrim)/Keys,Deep linked-page seed pass: Keys
Keys,NiranyeSHouseKey,0009C86E,Niranye's House Key,,Fandom: Console Commands (Skyrim)/Keys,Deep linked-page seed pass: Keys
Keys,NorthwatchCaptainSKey,000CA5EB,Northwatch Captain's Key,,Fandom: Console Commands (Skyrim)/Keys,Deep linked-page seed pass: Keys
Keys,NorthwatchKeepKey,00027F7A,Northwatch Keep Key,,Fandom: Console Commands (Skyrim)/Keys,Deep linked-page seed pass: Keys
Keys,OldSolitudeCryptsKey,000648B6,Old Solitude Crypts Key,,Fandom: Console Commands (Skyrim)/Keys,Deep linked-page seed pass: Keys
Keys,OslafSHouseKey,XX018F9F,Oslaf's House Key,,Fandom: Console Commands (Skyrim)/Keys,Deep linked-page seed pass: Keys
Keys,PawnedPrawnKey,000FDEB3,Pawned Prawn Key,,Fandom: Console Commands (Skyrim)/Keys,Deep linked-page seed pass: Keys
Keys,PelagiusWingKey,0002AC70,Pelagius Wing Key,,Fandom: Console Commands (Skyrim)/Keys,Deep linked-page seed pass: Keys
Keys,PinewatchKey,00044E78,Pinewatch Key,,Fandom: Console Commands (Skyrim)/Keys,Deep linked-page seed pass: Keys
Keys,PinewatchTreasureRoomKey,000786BA,Pinewatch Treasure Room Key,,Fandom: Console Commands (Skyrim)/Keys,Deep linked-page seed pass: Keys
Keys,PotemaSCatacombsKey,0006B705,Potema's Catacombs Key,,Fandom: Console Commands (Skyrim)/Keys,Deep linked-page seed pass: Keys
Keys,PotemaSSanctumKey,0001F147,Potema's Sanctum Key,,Fandom: Console Commands (Skyrim)/Keys,Deep linked-page seed pass: Keys
Keys,PrisonCellKey,000B965D,Prison Cell Key,,Fandom: Console Commands (Skyrim)/Keys,Deep linked-page seed pass: Keys
Keys,RaldbtharKey,000F232E,Raldbthar Key,,Fandom: Console Commands (Skyrim)/Keys,Deep linked-page seed pass: Keys
Keys,RannveigsFastKey,00051988,Rannveigs Fast Key,,Fandom: Console Commands (Skyrim)/Keys,Deep linked-page seed pass: Keys
Keys,RavenRockJailKey,XX034F97,Raven Rock Jail Key,,Fandom: Console Commands (Skyrim)/Keys,Deep linked-page seed pass: Keys
Keys,RavenRockMineKey,XX020A43,Raven Rock Mine Key,,Fandom: Console Commands (Skyrim)/Keys,Deep linked-page seed pass: Keys
Keys,RavenRockTempleKey,XX018451,Raven Rock Temple Key,,Fandom: Console Commands (Skyrim)/Keys,Deep linked-page seed pass: Keys
Keys,RavenRockTombKey,XX024E02,Raven Rock Tomb Key,,Fandom: Console Commands (Skyrim)/Keys,Deep linked-page seed pass: Keys
Keys,RavenscarHallowCageKey,0003D26B,Ravenscar Hallow Cage Key,,Fandom: Console Commands (Skyrim)/Keys,Deep linked-page seed pass: Keys
Keys,RedEagleTowerKey,0009FD51,Red Eagle Tower Key,,Fandom: Console Commands (Skyrim)/Keys,Deep linked-page seed pass: Keys
Keys,RedWaveSafeKey,00102EBA,Red Wave Safe Key,,Fandom: Console Commands (Skyrim)/Keys,Deep linked-page seed pass: Keys
Keys,RedwaterDenBackroomsKey,XX008E1F,Redwater Den Backrooms Key,,Fandom: Console Commands (Skyrim)/Keys,Deep linked-page seed pass: Keys
Keys,RedwaterWellspringKey,XX008E20,Redwater Wellspring Key,,Fandom: Console Commands (Skyrim)/Keys,Deep linked-page seed pass: Keys
Keys,RetchingNetchKey,XX018452,Retching Netch Key,,Fandom: Console Commands (Skyrim)/Keys,Deep linked-page seed pass: Keys
Keys,RiftenFisheryKey,000FDEBF,Riften Fishery Key,,Fandom: Console Commands (Skyrim)/Keys,Deep linked-page seed pass: Keys
Keys,RiftenJailKey,000FF787,Riften Jail Key,,Fandom: Console Commands (Skyrim)/Keys,Deep linked-page seed pass: Keys
Keys,RiftenJailKey,000612B8,Riften Jail Key,,Fandom: Console Commands (Skyrim)/Keys,Deep linked-page seed pass: Keys
Keys,RiftenNorthGateKey,000E6705,Riften North Gate Key,,Fandom: Console Commands (Skyrim)/Keys,Deep linked-page seed pass: Keys
Keys,RiftenStablesKey,000FDEC1,Riften Stables Key,,Fandom: Console Commands (Skyrim)/Keys,Deep linked-page seed pass: Keys
Keys,RiftenWarehouseKey,00085D45,Riften Warehouse Key,,Fandom: Console Commands (Skyrim)/Keys,Deep linked-page seed pass: Keys
Keys,RomlynSHouseKey,000FDEBC,Romlyn's House Key,,Fandom: Console Commands (Skyrim)/Keys,Deep linked-page seed pass: Keys
Keys,RorikSManorKey,0009E131,Rorik's Manor Key,,Fandom: Console Commands (Skyrim)/Keys,Deep linked-page seed pass: Keys
Keys,RuunvaldKey,XX013833,Ruunvald Key,,Fandom: Console Commands (Skyrim)/Keys,Deep linked-page seed pass: Keys
Keys,SabineSFootlockerKey,000DC175,Sabine's Footlocker Key,,Fandom: Console Commands (Skyrim)/Keys,Deep linked-page seed pass: Keys
Keys,SabjornSDresserKey,0005CDC6,Sabjorn's Dresser Key,,Fandom: Console Commands (Skyrim)/Keys,Deep linked-page seed pass: Keys
Keys,SadriSUsedWaresKey,0009C86F,Sadri's Used Wares Key,,Fandom: Console Commands (Skyrim)/Keys,Deep linked-page seed pass: Keys
Keys,SarthisSKey,00085D57,Sarthis's Key,,Fandom: Console Commands (Skyrim)/Keys,Deep linked-page seed pass: Keys
Keys,SeverinManorKey,XX018456,Severin Manor Key,,Fandom: Console Commands (Skyrim)/Keys,Deep linked-page seed pass: Keys
Keys,SeverinManorKey,XX03BD09,Severin Manor Key,,Fandom: Console Commands (Skyrim)/Keys,Deep linked-page seed pass: Keys
Keys,SeverinSafeKey,XX01F31E,Severin Safe Key,,Fandom: Console Commands (Skyrim)/Keys,Deep linked-page seed pass: Keys
Keys,ShamanSKey,0003718E,Shaman's key,,Fandom: Console Commands (Skyrim)/Keys,Deep linked-page seed pass: Keys
Keys,ShroudHearthBarrowsKey,0006F88C,Shroud Hearth Barrows Key,,Fandom: Console Commands (Skyrim)/Keys,Deep linked-page seed pass: Keys
Keys,SibbiSChestKey,0003C514,Sibbi's Chest Key,,Fandom: Console Commands (Skyrim)/Keys,Deep linked-page seed pass: Keys
Keys,SibbiSStashKey,000B862F,Sibbi's Stash Key,,Fandom: Console Commands (Skyrim)/Keys,Deep linked-page seed pass: Keys
Keys,SilusSMuseumKey,000960F0,Silus's Museum Key,,Fandom: Console Commands (Skyrim)/Keys,Deep linked-page seed pass: Keys
Keys,SkaalGreathallKey,XX018FC7,Skaal Greathall Key,,Fandom: Console Commands (Skyrim)/Keys,Deep linked-page seed pass: Keys
Keys,SluiceGateKey,00063B5D,Sluice Gate Key,,Fandom: Console Commands (Skyrim)/Keys,Deep linked-page seed pass: Keys
Keys,SnowShodHouseKey,000FDEC0,Snow-Shod House Key,,Fandom: Console Commands (Skyrim)/Keys,Deep linked-page seed pass: Keys
Keys,StaffEnchanterKey,XX03D23F,Staff Enchanter Key,,Fandom: Console Commands (Skyrim)/Keys,Deep linked-page seed pass: Keys
Keys,SyncopeSanctuaryKey,0004C475,Syncope Sanctuary Key,,Fandom: Console Commands (Skyrim)/Keys,Deep linked-page seed pass: Keys
Keys,TelMithrynApothecaryKey,XX01BD05,Tel Mithryn Apothecary Key,,Fandom: Console Commands (Skyrim)/Keys,Deep linked-page seed pass: Keys
Keys,TelMithrynApothecaryKey,XX03369E,Tel Mithryn Apothecary Key,,Fandom: Console Commands (Skyrim)/Keys,Deep linked-page seed pass: Keys
Keys,TelMithrynKitchenKey,XX01BD06,Tel Mithryn Kitchen Key,,Fandom: Console Commands (Skyrim)/Keys,Deep linked-page seed pass: Keys
Keys,TelMithrynKitchenKey,XX03369F,Tel Mithryn Kitchen Key,,Fandom: Console Commands (Skyrim)/Keys,Deep linked-page seed pass: Keys
Keys,TelMithrynStewardSKey,XX0336A0,Tel Mithryn Steward's Key,,Fandom: Console Commands (Skyrim)/Keys,Deep linked-page seed pass: Keys
Keys,TempleOfMiraakKey,XX028930,Temple of Miraak Key,,Fandom: Console Commands (Skyrim)/Keys,Deep linked-page seed pass: Keys
Keys,TheScorchedHammerKey,000FDEBE,The Scorched Hammer Key,,Fandom: Console Commands (Skyrim)/Keys,Deep linked-page seed pass: Keys
Keys,TrapDoorKey,000E3F98,Trap Door Key,,Fandom: Console Commands (Skyrim)/Keys,Deep linked-page seed pass: Keys
Keys,TreasureRoomKey,XX027663,Treasure Room Key,,Fandom: Console Commands (Skyrim)/Keys,Deep linked-page seed pass: Keys
Keys,TrevaSWatchPrisonKey,000F669B,Treva's Watch Prison Key,,Fandom: Console Commands (Skyrim)/Keys,Deep linked-page seed pass: Keys
Keys,TributeChestKey,000F84CB,Tribute Chest Key,,Fandom: Console Commands (Skyrim)/Keys,Deep linked-page seed pass: Keys
Keys,ValindorSHouseKey,000FDEBB,Valindor's House Key,,Fandom: Console Commands (Skyrim)/Keys,Deep linked-page seed pass: Keys
Keys,ValthumeCellarKey,0004B6D2,Valthume Cellar Key,,Fandom: Console Commands (Skyrim)/Keys,Deep linked-page seed pass: Keys
Keys,ValthumeChamberKey,0004D6E2,Valthume Chamber Key,,Fandom: Console Commands (Skyrim)/Keys,Deep linked-page seed pass: Keys
Keys,VendilUlenSChestKey,XX0292A8,Vendil Ulen's Chest Key,,Fandom: Console Commands (Skyrim)/Keys,Deep linked-page seed pass: Keys
Keys,VernerAndAnnekeSHouseKey,0009C6FD,Verner and Anneke's House Key,,Fandom: Console Commands (Skyrim)/Keys,Deep linked-page seed pass: Keys
Keys,ViolaGiordanoSHouseKey,00056B90,Viola Giordano's House Key,,Fandom: Console Commands (Skyrim)/Keys,Deep linked-page seed pass: Keys
Keys,WerewolfCageKey,000DB0E2,Werewolf Cage Key,,Fandom: Console Commands (Skyrim)/Keys,Deep linked-page seed pass: Keys
Keys,WhisperingDoorKey,00028D8B,Whispering Door Key,,Fandom: Console Commands (Skyrim)/Keys,Deep linked-page seed pass: Keys
Keys,WhitePhialKey,0009C872,White Phial Key,,Fandom: Console Commands (Skyrim)/Keys,Deep linked-page seed pass: Keys
Keys,WhiterunGateKey,000D8F0C,Whiterun Gate Key,,Fandom: Console Commands (Skyrim)/Keys,Deep linked-page seed pass: Keys
Keys,WhiterunJailKey,0005AEC4,Whiterun Jail Key,,Fandom: Console Commands (Skyrim)/Keys,Deep linked-page seed pass: Keys
Keys,WhiterunJailKey,XX027664,Whiterun Jail Key,,Fandom: Console Commands (Skyrim)/Keys,Deep linked-page seed pass: Keys
Keys,WindhelmBlacksmithQuartersKey,0009C865,Windhelm Blacksmith Quarters Key,,Fandom: Console Commands (Skyrim)/Keys,Deep linked-page seed pass: Keys
Keys,WindhelmJailKey,000FB90D,Windhelm Jail Key,,Fandom: Console Commands (Skyrim)/Keys,Deep linked-page seed pass: Keys
Keys,WindhelmStablesKey,0009C870,Windhelm Stables Key,,Fandom: Console Commands (Skyrim)/Keys,Deep linked-page seed pass: Keys
Keys,WulfSHouseKey,XX018FB0,Wulf's House Key,,Fandom: Console Commands (Skyrim)/Keys,Deep linked-page seed pass: Keys
Crafting,WolfPelt,0003AD74,Wolf Pelt,,Fandom: Console Commands (Skyrim)/Miscellaneous_Items,Deep linked-page seed pass: Miscellaneous Items
Crafting,BearPelt,0003AD52,Bear Pelt,,Fandom: Console Commands (Skyrim)/Miscellaneous_Items,Deep linked-page seed pass: Miscellaneous Items
Misc,Hammer,0005CAE1,Hammer,,Fandom: Console Commands (Skyrim)/Miscellaneous_Items,Deep linked-page seed pass: Miscellaneous Items
Misc,DibellaStatue,0008F997,Dibella Statue,,Fandom: Console Commands (Skyrim)/Miscellaneous_Items,Deep linked-page seed pass: Miscellaneous Items
Misc,DibellaStatue,0006C9EF,Dibella Statue,,Fandom: Console Commands (Skyrim)/Miscellaneous_Items,Deep linked-page seed pass: Miscellaneous Items
Crafting,DwarvenMetalIngot,000DB8A2,Dwarven Metal Ingot,,Fandom: Console Commands (Skyrim)/Miscellaneous_Items,Deep linked-page seed pass: Miscellaneous Items
Misc,StonesOfBarenziah,0009DFBB,Stones of Barenziah,,Fandom: Console Commands (Skyrim)/Miscellaneous_Items,Deep linked-page seed pass: Miscellaneous Items
Misc,Lute,000DABAB,Lute,,Fandom: Console Commands (Skyrim)/Miscellaneous_Items,Deep linked-page seed pass: Miscellaneous Items
Misc,HabdSRemains,00075868,Habd's Remains,,Fandom: Console Commands (Skyrim)/Miscellaneous_Items,Deep linked-page seed pass: Miscellaneous Items
Misc,ShardsOfMehrunesRazor,000240D5,Shards of Mehrunes' Razor,,Fandom: Console Commands (Skyrim)/Miscellaneous_Items,Deep linked-page seed pass: Miscellaneous Items
Gems,QuillOfGemination,000C04BB,Quill of Gemination,,Fandom: Console Commands (Skyrim)/Miscellaneous_Items,Deep linked-page seed pass: Miscellaneous Items
Crafting,GoldIngot,0005AD9E,Gold Ingot,,Fandom: Console Commands (Skyrim)/Miscellaneous_Items,Deep linked-page seed pass: Miscellaneous Items
Crafting,MoonstoneOre,0005ACE0,Moonstone Ore,,Fandom: Console Commands (Skyrim)/Miscellaneous_Items,Deep linked-page seed pass: Miscellaneous Items
Crafting,QuicksilverOre,0005ACE2,Quicksilver Ore,,Fandom: Console Commands (Skyrim)/Miscellaneous_Items,Deep linked-page seed pass: Miscellaneous Items
Crafting,CorundumIngot,0005AD93,Corundum Ingot,,Fandom: Console Commands (Skyrim)/Miscellaneous_Items,Deep linked-page seed pass: Miscellaneous Items
Crafting,RefinedMalachite,0005ADA1,Refined Malachite,,Fandom: Console Commands (Skyrim)/Miscellaneous_Items,Deep linked-page seed pass: Miscellaneous Items
Crafting,EbonyIngot,0005AD9D,Ebony Ingot,,Fandom: Console Commands (Skyrim)/Miscellaneous_Items,Deep linked-page seed pass: Miscellaneous Items
Crafting,IronIngot,0005ACE4,Iron Ingot,,Fandom: Console Commands (Skyrim)/Miscellaneous_Items,Deep linked-page seed pass: Miscellaneous Items
Misc,TheWhitePhial,0002C25A,The White Phial,,Fandom: Console Commands (Skyrim)/Miscellaneous_Items,Deep linked-page seed pass: Miscellaneous Items
Crafting,IronOre,00071CF3,Iron Ore,,Fandom: Console Commands (Skyrim)/Miscellaneous_Items,Deep linked-page seed pass: Miscellaneous Items
Misc,TheDancerSFlute,00105109,The Dancer's Flute,,Fandom: Console Commands (Skyrim)/Miscellaneous_Items,Deep linked-page seed pass: Miscellaneous Items
Crafting,RefinedMoonstone,0005AD9F,Refined Moonstone,,Fandom: Console Commands (Skyrim)/Miscellaneous_Items,Deep linked-page seed pass: Miscellaneous Items
Misc,RuinedBook,000E4897,Ruined Book,,Fandom: Console Commands (Skyrim)/Miscellaneous_Items,Deep linked-page seed pass: Miscellaneous Items
Crafting,SteelIngot,0005ACE5,Steel Ingot,,Fandom: Console Commands (Skyrim)/Miscellaneous_Items,Deep linked-page seed pass: Miscellaneous Items
Crafting,QuicksilverIngot,0005ADA0,Quicksilver Ingot,,Fandom: Console Commands (Skyrim)/Miscellaneous_Items,Deep linked-page seed pass: Miscellaneous Items
Misc,LargeDecorativeDwemerStrut,000C8878,Large Decorative Dwemer Strut,,Fandom: Console Commands (Skyrim)/Miscellaneous_Items,Deep linked-page seed pass: Miscellaneous Items
Misc,SigilStone,000D363B,Sigil Stone,,Fandom: Console Commands (Skyrim)/Miscellaneous_Items,Deep linked-page seed pass: Miscellaneous Items
Crafting,EbonyOre,0005ACDC,Ebony Ore,,Fandom: Console Commands (Skyrim)/Miscellaneous_Items,Deep linked-page seed pass: Miscellaneous Items
Crafting,CorundumOre,0005ACDB,Corundum Ore,,Fandom: Console Commands (Skyrim)/Miscellaneous_Items,Deep linked-page seed pass: Miscellaneous Items
Crafting,GoldOre,0005ACDE,Gold Ore,,Fandom: Console Commands (Skyrim)/Miscellaneous_Items,Deep linked-page seed pass: Miscellaneous Items
Crafting,OrichalcumOre,0005ACDD,Orichalcum Ore,,Fandom: Console Commands (Skyrim)/Miscellaneous_Items,Deep linked-page seed pass: Miscellaneous Items
Crafting,MalachiteOre,0005ACE1,Malachite Ore,,Fandom: Console Commands (Skyrim)/Miscellaneous_Items,Deep linked-page seed pass: Miscellaneous Items
Crafting,SilverOre,0005ACDF,Silver Ore,,Fandom: Console Commands (Skyrim)/Miscellaneous_Items,Deep linked-page seed pass: Miscellaneous Items
Crafting,OrichalcumIngot,0005AD99,Orichalcum Ingot,,Fandom: Console Commands (Skyrim)/Miscellaneous_Items,Deep linked-page seed pass: Miscellaneous Items
Crafting,SilverIngot,0005ACE3,Silver Ingot,,Fandom: Console Commands (Skyrim)/Miscellaneous_Items,Deep linked-page seed pass: Miscellaneous Items
Misc,KlimmekSSupplies,000DAB04,Klimmek's Supplies,,Fandom: Console Commands (Skyrim)/Miscellaneous_Items,Deep linked-page seed pass: Miscellaneous Items
Soul Gems,BrokenAzuraSStar,00028AD7,Broken Azura's Star,,Fandom: Console Commands (Skyrim)/Miscellaneous_Items,Deep linked-page seed pass: Miscellaneous Items
Misc,ModelShip,0006F266,Model Ship,,Fandom: Console Commands (Skyrim)/Miscellaneous_Items,Deep linked-page seed pass: Miscellaneous Items
Gems,WarpedSoulGem,0006A106,Warped Soul Gem,,Fandom: Console Commands (Skyrim)/Miscellaneous_Items,Deep linked-page seed pass: Miscellaneous Items
Gems,WarpedSoulGem,0006A107,Warped Soul Gem,,Fandom: Console Commands (Skyrim)/Miscellaneous_Items,Deep linked-page seed pass: Miscellaneous Items
Gems,WarpedSoulGem,0006A109,Warped Soul Gem,,Fandom: Console Commands (Skyrim)/Miscellaneous_Items,Deep linked-page seed pass: Miscellaneous Items
Gems,WarpedSoulGem,0006A108,Warped Soul Gem,,Fandom: Console Commands (Skyrim)/Miscellaneous_Items,Deep linked-page seed pass: Miscellaneous Items
Gems,WarpedSoulGem,0006A10A,Warped Soul Gem,,Fandom: Console Commands (Skyrim)/Miscellaneous_Items,Deep linked-page seed pass: Miscellaneous Items
Gems,WarpedSoulGem,0010E44B,Warped Soul Gem,,Fandom: Console Commands (Skyrim)/Miscellaneous_Items,Deep linked-page seed pass: Miscellaneous Items
Misc,LargeDwemerPlateMetal,000C8864,Large Dwemer Plate Metal,,Fandom: Console Commands (Skyrim)/Miscellaneous_Items,Deep linked-page seed pass: Miscellaneous Items
Misc,DwemerBowl,000E1FC3,Dwemer Bowl,,Fandom: Console Commands (Skyrim)/Miscellaneous_Items,Deep linked-page seed pass: Miscellaneous Items
Misc,DwemerBowl,00025C13,Dwemer Bowl,,Fandom: Console Commands (Skyrim)/Miscellaneous_Items,Deep linked-page seed pass: Miscellaneous Items
Misc,DwemerBowl,00025C68,Dwemer Bowl,,Fandom: Console Commands (Skyrim)/Miscellaneous_Items,Deep linked-page seed pass: Miscellaneous Items
Misc,BustOfTheGrayFox,00019954,Bust of the Gray Fox,,Fandom: Console Commands (Skyrim)/Miscellaneous_Items,Deep linked-page seed pass: Miscellaneous Items
Misc,SmallDwemerPlateMetal,000C8866,Small Dwemer Plate Metal,,Fandom: Console Commands (Skyrim)/Miscellaneous_Items,Deep linked-page seed pass: Miscellaneous Items
Misc,MeridiaSBeacon,0004E4E6,Meridia's Beacon,,Fandom: Console Commands (Skyrim)/Miscellaneous_Items,Deep linked-page seed pass: Miscellaneous Items
Misc,RightEyeOfTheFalmer,001092B8,Right Eye of the Falmer,,Fandom: Console Commands (Skyrim)/Miscellaneous_Items,Deep linked-page seed pass: Miscellaneous Items
Misc,FinnSLute,000DABAB,Finn's Lute,,Fandom: Console Commands (Skyrim)/Miscellaneous_Items,Deep linked-page seed pass: Miscellaneous Items
Misc,PelagiusHipBone,0004286C,Pelagius' Hip Bone,,Fandom: Console Commands (Skyrim)/Miscellaneous_Items,Deep linked-page seed pass: Miscellaneous Items
Misc,Charcoal,000BFB09,Charcoal,,Fandom: Console Commands (Skyrim)/Miscellaneous_Items,Deep linked-page seed pass: Miscellaneous Items
Crafting,ChaurusChitin,0003AD57,Chaurus Chitin,,Fandom: Console Commands (Skyrim)/Miscellaneous_Items,Deep linked-page seed pass: Miscellaneous Items
Misc,DwemerGear,000C8861,Dwemer Gear,,Fandom: Console Commands (Skyrim)/Miscellaneous_Items,Deep linked-page seed pass: Miscellaneous Items
Misc,MapOfDragonBurials,000BBCD5,Map of Dragon Burials,,Fandom: Console Commands (Skyrim)/Miscellaneous_Items,Deep linked-page seed pass: Miscellaneous Items
Misc,BentDwemerScrapMetal,000C886C,Bent Dwemer Scrap Metal,,Fandom: Console Commands (Skyrim)/Miscellaneous_Items,Deep linked-page seed pass: Miscellaneous Items
Misc,QueenBeeStatue,00019958,Queen Bee Statue,,Fandom: Console Commands (Skyrim)/Miscellaneous_Items,Deep linked-page seed pass: Miscellaneous Items
Misc,TolfdirSAlembic,00026C31,Tolfdir's Alembic,,Fandom: Console Commands (Skyrim)/Miscellaneous_Items,Deep linked-page seed pass: Miscellaneous Items
Misc,MammothTusk,0003AD6C,Mammoth Tusk,,Fandom: Console Commands (Skyrim)/Miscellaneous_Items,Deep linked-page seed pass: Miscellaneous Items
Misc,CrownOfBarenziah,0009DFF5,Crown of Barenziah,,Fandom: Console Commands (Skyrim)/Miscellaneous_Items,Deep linked-page seed pass: Miscellaneous Items
Misc,CrownOfBarenziah,000DA74D,Crown of Barenziah,,Fandom: Console Commands (Skyrim)/Miscellaneous_Items,Deep linked-page seed pass: Miscellaneous Items
Crafting,DeerHide,0003AD90,Deer Hide,,Fandom: Console Commands (Skyrim)/Miscellaneous_Items,Deep linked-page seed pass: Miscellaneous Items
Crafting,DeerHide,000D284D,Deer Hide,,Fandom: Console Commands (Skyrim)/Miscellaneous_Items,Deep linked-page seed pass: Miscellaneous Items
Misc,AretinoFamilyHeirloom,0001F6D4,Aretino Family Heirloom,,Fandom: Console Commands (Skyrim)/Miscellaneous_Items,Deep linked-page seed pass: Miscellaneous Items
Misc,DwemerPuzzleCube,0005598C,Dwemer Puzzle Cube,,Fandom: Console Commands (Skyrim)/Miscellaneous_Items,Deep linked-page seed pass: Miscellaneous Items
Misc,HonningbrewDecanter,00019952,Honningbrew Decanter,,Fandom: Console Commands (Skyrim)/Miscellaneous_Items,Deep linked-page seed pass: Miscellaneous Items
Misc,YsgramorSSoupSpoon,00105A4E,Ysgramor's Soup Spoon,,Fandom: Console Commands (Skyrim)/Miscellaneous_Items,Deep linked-page seed pass: Miscellaneous Items
Misc,WylandriahSSpoon,00043E28,Wylandriah's Spoon,,Fandom: Console Commands (Skyrim)/Miscellaneous_Items,Deep linked-page seed pass: Miscellaneous Items
Misc,LisbetSDibellaStatue,0008F997,Lisbet's Dibella Statue,,Fandom: Console Commands (Skyrim)/Miscellaneous_Items,Deep linked-page seed pass: Miscellaneous Items
Misc,EastEmpireShippingMap,00060CC2,East Empire Shipping Map,,Fandom: Console Commands (Skyrim)/Miscellaneous_Items,Deep linked-page seed pass: Miscellaneous Items
Misc,Spigot,0003807B,Spigot,,Fandom: Console Commands (Skyrim)/Miscellaneous_Items,Deep linked-page seed pass: Miscellaneous Items
Crafting,IceWolfPelt,0003AD75,Ice Wolf Pelt,,Fandom: Console Commands (Skyrim)/Miscellaneous_Items,Deep linked-page seed pass: Miscellaneous Items
Misc,ButterflyInAJar,000FBC3C,Butterfly in a Jar,,Fandom: Console Commands (Skyrim)/Miscellaneous_Items,Deep linked-page seed pass: Miscellaneous Items
Gems,Sapphire,00068523,Sapphire,,Fandom: Console Commands (Skyrim)/Miscellaneous_Items,Deep linked-page seed pass: Miscellaneous Items
Misc,GlenmorilWitchHead,0002996F,Glenmoril Witch Head,,Fandom: Console Commands (Skyrim)/Miscellaneous_Items,Deep linked-page seed pass: Miscellaneous Items
Misc,LargeDwemerStrut,000C8872,Large Dwemer Strut,,Fandom: Console Commands (Skyrim)/Miscellaneous_Items,Deep linked-page seed pass: Miscellaneous Items
Crafting,SabreCatPelt,0003AD6D,Sabre Cat Pelt,,Fandom: Console Commands (Skyrim)/Miscellaneous_Items,Deep linked-page seed pass: Miscellaneous Items
Misc,BeeInAJar,000B08C7,Bee in a Jar,,Fandom: Console Commands (Skyrim)/Miscellaneous_Items,Deep linked-page seed pass: Miscellaneous Items
Misc,TorchbugInAJar,000FBC3A,Torchbug in a Jar,,Fandom: Console Commands (Skyrim)/Miscellaneous_Items,Deep linked-page seed pass: Miscellaneous Items
Misc,DragonflyInAJar,000FBC3B,Dragonfly in a Jar,,Fandom: Console Commands (Skyrim)/Miscellaneous_Items,Deep linked-page seed pass: Miscellaneous Items
Misc,MothInAJar,000FBC3D,Moth in a Jar,,Fandom: Console Commands (Skyrim)/Miscellaneous_Items,Deep linked-page seed pass: Miscellaneous Items
Misc,AncientTravelerSSkull,000F6767,Ancient Traveler's Skull,,Fandom: Console Commands (Skyrim)/Miscellaneous_Items,Deep linked-page seed pass: Miscellaneous Items
Misc,TortureTools,00020949,Torture Tools,,Fandom: Console Commands (Skyrim)/Miscellaneous_Items,Deep linked-page seed pass: Miscellaneous Items
Misc,AttunementSphere,0003532C,Attunement Sphere,,Fandom: Console Commands (Skyrim)/Miscellaneous_Items,Deep linked-page seed pass: Miscellaneous Items
Misc,LeftEyeOfTheFalmer,0001994F,Left Eye of the Falmer,,Fandom: Console Commands (Skyrim)/Miscellaneous_Items,Deep linked-page seed pass: Miscellaneous Items
Crafting,GoatHide,0003AD8E,Goat Hide,,Fandom: Console Commands (Skyrim)/Miscellaneous_Items,Deep linked-page seed pass: Miscellaneous Items
Misc,PanteaSFlute,000DABA7,Pantea's Flute,,Fandom: Console Commands (Skyrim)/Miscellaneous_Items,Deep linked-page seed pass: Miscellaneous Items
Misc,BalbusFork,001058AA,Balbus' Fork,,Fandom: Console Commands (Skyrim)/Miscellaneous_Items,Deep linked-page seed pass: Miscellaneous Items
Crafting,CenturionDynamoCore,000F4983,Centurion Dynamo Core,,Fandom: Console Commands (Skyrim)/Miscellaneous_Items,Deep linked-page seed pass: Miscellaneous Items
Misc,FocusingCrystal,0009F7A6,Focusing Crystal,,Fandom: Console Commands (Skyrim)/Miscellaneous_Items,Deep linked-page seed pass: Miscellaneous Items
Gems,SoulGemFragment,00067181,Soul Gem Fragment,,Fandom: Console Commands (Skyrim)/Miscellaneous_Items,Deep linked-page seed pass: Miscellaneous Items
Gems,SoulGemFragment,00067182,Soul Gem Fragment,,Fandom: Console Commands (Skyrim)/Miscellaneous_Items,Deep linked-page seed pass: Miscellaneous Items
Gems,SoulGemFragment,00067183,Soul Gem Fragment,,Fandom: Console Commands (Skyrim)/Miscellaneous_Items,Deep linked-page seed pass: Miscellaneous Items
Gems,SoulGemFragment,00067184,Soul Gem Fragment,,Fandom: Console Commands (Skyrim)/Miscellaneous_Items,Deep linked-page seed pass: Miscellaneous Items
Gems,SoulGemFragment,00067185,Soul Gem Fragment,,Fandom: Console Commands (Skyrim)/Miscellaneous_Items,Deep linked-page seed pass: Miscellaneous Items
Misc,CuriousSilverMold,00044E12,Curious Silver Mold,,Fandom: Console Commands (Skyrim)/Miscellaneous_Items,Deep linked-page seed pass: Miscellaneous Items
Misc,OlavaSToken,00059654,Olava's Token,,Fandom: Console Commands (Skyrim)/Miscellaneous_Items,Deep linked-page seed pass: Miscellaneous Items
Misc,RjornSDrum,000DABA9,Rjorn's Drum,,Fandom: Console Commands (Skyrim)/Miscellaneous_Items,Deep linked-page seed pass: Miscellaneous Items
Crafting,FoxPelt,000D4B35,Fox Pelt,,Fandom: Console Commands (Skyrim)/Miscellaneous_Items,Deep linked-page seed pass: Miscellaneous Items
Misc,Dragonstone,000DF202,Dragonstone,,Fandom: Console Commands (Skyrim)/Miscellaneous_Items,Deep linked-page seed pass: Miscellaneous Items
Misc,Lexicon,0003A3E4,Lexicon,,Fandom: Console Commands (Skyrim)/Miscellaneous_Items,Deep linked-page seed pass: Miscellaneous Items
Misc,MarkOfDibella,00041F95,Mark of Dibella,,Fandom: Console Commands (Skyrim)/Miscellaneous_Items,Deep linked-page seed pass: Miscellaneous Items
Misc,TrollSkull,000319E4,Troll Skull,,Fandom: Console Commands (Skyrim)/Miscellaneous_Items,Deep linked-page seed pass: Miscellaneous Items
Misc,DragonHeartscales,000D0756,Dragon Heartscales,,Fandom: Console Commands (Skyrim)/Miscellaneous_Items,Deep linked-page seed pass: Miscellaneous Items
Misc,BlankLexicon,0003A3D2,Blank Lexicon,,Fandom: Console Commands (Skyrim)/Miscellaneous_Items,Deep linked-page seed pass: Miscellaneous Items
Misc,DwemerLever,000C886E,Dwemer Lever,,Fandom: Console Commands (Skyrim)/Miscellaneous_Items,Deep linked-page seed pass: Miscellaneous Items
Misc,ToryggSWarHorn,000E77BB,Torygg's War Horn,,Fandom: Console Commands (Skyrim)/Miscellaneous_Items,Deep linked-page seed pass: Miscellaneous Items
Crafting,CowHide,0003AD8F,Cow Hide,,Fandom: Console Commands (Skyrim)/Miscellaneous_Items,Deep linked-page seed pass: Miscellaneous Items
Misc,UnmeltingSnow,0002C25C,Unmelting Snow,,Fandom: Console Commands (Skyrim)/Miscellaneous_Items,Deep linked-page seed pass: Miscellaneous Items
Misc,JeweledFlagon,00044E67,Jeweled Flagon,,Fandom: Console Commands (Skyrim)/Miscellaneous_Items,Deep linked-page seed pass: Miscellaneous Items
Gems,SilverHandStratagem,000F1491,Silver Hand Stratagem,,Fandom: Console Commands (Skyrim)/Miscellaneous_Items,Deep linked-page seed pass: Miscellaneous Items
Misc,EssenceExtractor,0001A31C,Essence Extractor,,Fandom: Console Commands (Skyrim)/Miscellaneous_Items,Deep linked-page seed pass: Miscellaneous Items
Misc,ImperialDocuments,000DC530,Imperial Documents,,Fandom: Console Commands (Skyrim)/Miscellaneous_Items,Deep linked-page seed pass: Miscellaneous Items
Misc,DwemerDish,00027F06,Dwemer Dish,,Fandom: Console Commands (Skyrim)/Miscellaneous_Items,Deep linked-page seed pass: Miscellaneous Items
Misc,RoastedOxHead,0005E8AD,Roasted Ox Head,,Fandom: Console Commands (Skyrim)/Miscellaneous_Items,Deep linked-page seed pass: Miscellaneous Items
Misc,Drum,000DABA9,Drum,,Fandom: Console Commands (Skyrim)/Miscellaneous_Items,Deep linked-page seed pass: Miscellaneous Items
Misc,DwemerGyro,000C8868,Dwemer Gyro,,Fandom: Console Commands (Skyrim)/Miscellaneous_Items,Deep linked-page seed pass: Miscellaneous Items
Misc,DwemerCup,00027F07,Dwemer Cup,,Fandom: Console Commands (Skyrim)/Miscellaneous_Items,Deep linked-page seed pass: Miscellaneous Items
Misc,DwemerCup,00027F08,Dwemer Cup,,Fandom: Console Commands (Skyrim)/Miscellaneous_Items,Deep linked-page seed pass: Miscellaneous Items
Misc,DwemerCup,00027F09,Dwemer Cup,,Fandom: Console Commands (Skyrim)/Miscellaneous_Items,Deep linked-page seed pass: Miscellaneous Items
Misc,DwarvenKnife,000AEBF7,Dwarven Knife,,Fandom: Console Commands (Skyrim)/Miscellaneous_Items,Deep linked-page seed pass: Miscellaneous Items
Misc,BrokenSteelSwordHandle,000E7298,Broken Steel Sword Handle,,Fandom: Console Commands (Skyrim)/Miscellaneous_Items,Deep linked-page seed pass: Miscellaneous Items
Misc,DwemerPan,00027F12,Dwemer Pan,,Fandom: Console Commands (Skyrim)/Miscellaneous_Items,Deep linked-page seed pass: Miscellaneous Items
Misc,DwemerPan,00027F03,Dwemer Pan,,Fandom: Console Commands (Skyrim)/Miscellaneous_Items,Deep linked-page seed pass: Miscellaneous Items
Misc,MammothTuskPowder,0002C25E,Mammoth Tusk Powder,,Fandom: Console Commands (Skyrim)/Miscellaneous_Items,Deep linked-page seed pass: Miscellaneous Items
Crafting,HorseHide,0003AD93,Horse Hide,,Fandom: Console Commands (Skyrim)/Miscellaneous_Items,Deep linked-page seed pass: Miscellaneous Items
Misc,EmptyWineBottle,000F2012,Empty Wine Bottle,,Fandom: Console Commands (Skyrim)/Miscellaneous_Items,Deep linked-page seed pass: Miscellaneous Items
Misc,EmptyWineBottle,000F2013,Empty Wine Bottle,,Fandom: Console Commands (Skyrim)/Miscellaneous_Items,Deep linked-page seed pass: Miscellaneous Items
Misc,EmptyWineBottle,000F2014,Empty Wine Bottle,,Fandom: Console Commands (Skyrim)/Miscellaneous_Items,Deep linked-page seed pass: Miscellaneous Items
Misc,EmptyWineBottle,000F2015,Empty Wine Bottle,,Fandom: Console Commands (Skyrim)/Miscellaneous_Items,Deep linked-page seed pass: Miscellaneous Items
Misc,EmptyWineBottle,000FED17,Empty Wine Bottle,,Fandom: Console Commands (Skyrim)/Miscellaneous_Items,Deep linked-page seed pass: Miscellaneous Items
Misc,EldergleamSap,0001C494,Eldergleam Sap,,Fandom: Console Commands (Skyrim)/Miscellaneous_Items,Deep linked-page seed pass: Miscellaneous Items
Misc,CalcelmoSStoneRubbing,00033764,Calcelmo's Stone Rubbing,,Fandom: Console Commands (Skyrim)/Miscellaneous_Items,Deep linked-page seed pass: Miscellaneous Items
Misc,HornOfJurgenWindcaller,0003292F,Horn of Jurgen Windcaller,,Fandom: Console Commands (Skyrim)/Miscellaneous_Items,Deep linked-page seed pass: Miscellaneous Items
Misc,EmbalmingTool,00034CCE,Embalming Tool,,Fandom: Console Commands (Skyrim)/Miscellaneous_Items,Deep linked-page seed pass: Miscellaneous Items
Misc,EmbalmingTool,00034CD0,Embalming Tool,,Fandom: Console Commands (Skyrim)/Miscellaneous_Items,Deep linked-page seed pass: Miscellaneous Items
Misc,EmbalmingTool,00034CD2,Embalming Tool,,Fandom: Console Commands (Skyrim)/Miscellaneous_Items,Deep linked-page seed pass: Miscellaneous Items
Misc,EmbalmingTool,00034CD4,Embalming Tool,,Fandom: Console Commands (Skyrim)/Miscellaneous_Items,Deep linked-page seed pass: Miscellaneous Items
Misc,FlowerBasket,000D955A,Flower Basket,,Fandom: Console Commands (Skyrim)/Miscellaneous_Items,Deep linked-page seed pass: Miscellaneous Items
Crafting,SabreCatSnowPelt,0003AD6E,Sabre Cat Snow Pelt,,Fandom: Console Commands (Skyrim)/Miscellaneous_Items,Deep linked-page seed pass: Miscellaneous Items
Misc,DoNotDelete,000C7316,Do Not Delete,,Fandom: Console Commands (Skyrim)/Miscellaneous_Items,Deep linked-page seed pass: Miscellaneous Items
Misc,DoNotDelete,000EA5C5,Do Not Delete,,Fandom: Console Commands (Skyrim)/Miscellaneous_Items,Deep linked-page seed pass: Miscellaneous Items
Misc,DoNotDelete,00103370,Do Not Delete,,Fandom: Console Commands (Skyrim)/Miscellaneous_Items,Deep linked-page seed pass: Miscellaneous Items
Misc,DoNotDelete,0010C762,Do Not Delete,,Fandom: Console Commands (Skyrim)/Miscellaneous_Items,Deep linked-page seed pass: Miscellaneous Items
Misc,JeweledCandlestick,00044E6A,Jeweled Candlestick,,Fandom: Console Commands (Skyrim)/Miscellaneous_Items,Deep linked-page seed pass: Miscellaneous Items
Crafting,CaveBearPelt,0003AD53,Cave Bear Pelt,,Fandom: Console Commands (Skyrim)/Miscellaneous_Items,Deep linked-page seed pass: Miscellaneous Items
Gems,BlackSoulGem,0002E500,Black Soul Gem,,Fandom: Console Commands (Skyrim)/Miscellaneous_Items,Deep linked-page seed pass: Miscellaneous Items
Gems,BlackSoulGem,0002E504,Black Soul Gem,,Fandom: Console Commands (Skyrim)/Miscellaneous_Items,Deep linked-page seed pass: Miscellaneous Items
Crafting,SnowBearPelt,0003AD54,Snow Bear Pelt,,Fandom: Console Commands (Skyrim)/Miscellaneous_Items,Deep linked-page seed pass: Miscellaneous Items
Misc,Candlestick,000E42DF,Candlestick,,Fandom: Console Commands (Skyrim)/Miscellaneous_Items,Deep linked-page seed pass: Miscellaneous Items
Misc,Candlestick,000E42E0,Candlestick,,Fandom: Console Commands (Skyrim)/Miscellaneous_Items,Deep linked-page seed pass: Miscellaneous Items
Misc,Candlestick,000E42E1,Candlestick,,Fandom: Console Commands (Skyrim)/Miscellaneous_Items,Deep linked-page seed pass: Miscellaneous Items
Misc,FirebrandWineCase,0003EC95,Firebrand Wine Case,,Fandom: Console Commands (Skyrim)/Miscellaneous_Items,Deep linked-page seed pass: Miscellaneous Items
Misc,Basket,0009BAF8,Basket,,Fandom: Console Commands (Skyrim)/Miscellaneous_Items,Deep linked-page seed pass: Miscellaneous Items
Misc,Basket,000ABD30,Basket,,Fandom: Console Commands (Skyrim)/Miscellaneous_Items,Deep linked-page seed pass: Miscellaneous Items
Misc,BurnedBook,000E3CB7,Burned Book,,Fandom: Console Commands (Skyrim)/Miscellaneous_Items,Deep linked-page seed pass: Miscellaneous Items
Misc,SmallDwemerLever,000C8870,Small Dwemer Lever,,Fandom: Console Commands (Skyrim)/Miscellaneous_Items,Deep linked-page seed pass: Miscellaneous Items
Misc,JeweledGoblet,00044E6C,Jeweled Goblet,,Fandom: Console Commands (Skyrim)/Miscellaneous_Items,Deep linked-page seed pass: Miscellaneous Items
Misc,JeweledPitcher,00044E6E,Jeweled Pitcher,,Fandom: Console Commands (Skyrim)/Miscellaneous_Items,Deep linked-page seed pass: Miscellaneous Items
Misc,GoldenUrn,00044E63,Golden Urn,,Fandom: Console Commands (Skyrim)/Miscellaneous_Items,Deep linked-page seed pass: Miscellaneous Items
Misc,GoldenShipModel,00044E8B,Golden Ship Model,,Fandom: Console Commands (Skyrim)/Miscellaneous_Items,Deep linked-page seed pass: Miscellaneous Items
Misc,OrnateDrinkingHorn,00044E65,Ornate Drinking Horn,,Fandom: Console Commands (Skyrim)/Miscellaneous_Items,Deep linked-page seed pass: Miscellaneous Items
Misc,Flute,000DABA7,Flute,,Fandom: Console Commands (Skyrim)/Miscellaneous_Items,Deep linked-page seed pass: Miscellaneous Items
Crafting,SpaceCore,XX0012CA,Space Core,,Fandom: Console Commands (Skyrim)/Miscellaneous_Items,Deep linked-page seed pass: Miscellaneous Items
Misc,BrokenIronSwordHandle,000E72AE,Broken Iron Sword Handle,,Fandom: Console Commands (Skyrim)/Miscellaneous_Items,Deep linked-page seed pass: Miscellaneous Items
Building Materials,Lockpick,0000000A,Lockpick,,Fandom: Console Commands (Skyrim)/Miscellaneous_Items,Deep linked-page seed pass: Miscellaneous Items
Misc,EmptySkoomaBottle,000F03F8,Empty Skooma Bottle,,Fandom: Console Commands (Skyrim)/Miscellaneous_Items,Deep linked-page seed pass: Miscellaneous Items
Crafting,DeerPelt,000CF89E,Deer Pelt,,Fandom: Console Commands (Skyrim)/Miscellaneous_Items,Deep linked-page seed pass: Miscellaneous Items
Misc,Torch,00036343,Torch,,Fandom: Console Commands (Skyrim)/Miscellaneous_Items,Deep linked-page seed pass: Miscellaneous Items
Misc,Torch,000C82C7,Torch,,Fandom: Console Commands (Skyrim)/Miscellaneous_Items,Deep linked-page seed pass: Miscellaneous Items
Misc,BrokenIronSwordBlade,000E72B0,Broken Iron Sword Blade,,Fandom: Console Commands (Skyrim)/Miscellaneous_Items,Deep linked-page seed pass: Miscellaneous Items
Misc,Skull,000AF5FD,Skull,,Fandom: Console Commands (Skyrim)/Miscellaneous_Items,Deep linked-page seed pass: Miscellaneous Items
Misc,Skull,XX020DCF,Skull,,Fandom: Console Commands (Skyrim)/Miscellaneous_Items,Deep linked-page seed pass: Miscellaneous Items
Crafting,SnowFoxPelt,000D4BE7,Snow Fox Pelt,,Fandom: Console Commands (Skyrim)/Miscellaneous_Items,Deep linked-page seed pass: Miscellaneous Items
Misc,HiltOfMehrunesRazor,000240D3,Hilt of Mehrunes' Razor,,Fandom: Console Commands (Skyrim)/Miscellaneous_Items,Deep linked-page seed pass: Miscellaneous Items
Misc,WerewolfTotem,000E3146,Werewolf Totem,,Fandom: Console Commands (Skyrim)/Miscellaneous_Items,Deep linked-page seed pass: Miscellaneous Items
Misc,WerewolfTotem,000E3147,Werewolf Totem,,Fandom: Console Commands (Skyrim)/Miscellaneous_Items,Deep linked-page seed pass: Miscellaneous Items
Misc,WerewolfTotem,000E3148,Werewolf Totem,,Fandom: Console Commands (Skyrim)/Miscellaneous_Items,Deep linked-page seed pass: Miscellaneous Items
Misc,SatchelOfMoonSugar,000D8E43,Satchel of Moon Sugar,,Fandom: Console Commands (Skyrim)/Miscellaneous_Items,Deep linked-page seed pass: Miscellaneous Items
Misc,EldergleamSapling,0001CB81,Eldergleam Sapling,,Fandom: Console Commands (Skyrim)/Miscellaneous_Items,Deep linked-page seed pass: Miscellaneous Items
Misc,PommelStoneOfMehrunesRazor,000240D4,Pommel Stone of Mehrunes' Razor,,Fandom: Console Commands (Skyrim)/Miscellaneous_Items,Deep linked-page seed pass: Miscellaneous Items
Misc,RunedLexicon,0003A3DD,Runed Lexicon,,Fandom: Console Commands (Skyrim)/Miscellaneous_Items,Deep linked-page seed pass: Miscellaneous Items
Misc,Shovel,000F5D05,Shovel,,Fandom: Console Commands (Skyrim)/Miscellaneous_Items,Deep linked-page seed pass: Miscellaneous Items
Misc,Shovel,000F5D06,Shovel,,Fandom: Console Commands (Skyrim)/Miscellaneous_Items,Deep linked-page seed pass: Miscellaneous Items
Misc,Bellows,0005CADF,Bellows,,Fandom: Console Commands (Skyrim)/Miscellaneous_Items,Deep linked-page seed pass: Miscellaneous Items
Misc,Pitchfork,000F5D07,Pitchfork,,Fandom: Console Commands (Skyrim)/Miscellaneous_Items,Deep linked-page seed pass: Miscellaneous Items
Misc,Pitchfork,000F5D08,Pitchfork,,Fandom: Console Commands (Skyrim)/Miscellaneous_Items,Deep linked-page seed pass: Miscellaneous Items
Misc,Saw,000F5D0A,Saw,,Fandom: Console Commands (Skyrim)/Miscellaneous_Items,Deep linked-page seed pass: Miscellaneous Items
Misc,FragmentsOfWuuthrad,000DB351,Fragments of Wuuthrad,,Fandom: Console Commands (Skyrim)/Miscellaneous_Items,Deep linked-page seed pass: Miscellaneous Items
Misc,Cup,000F08F8,Cup,,Fandom: Console Commands (Skyrim)/Miscellaneous_Items,Deep linked-page seed pass: Miscellaneous Items
Misc,FragmentOfWuuthrad,0006E806,Fragment of Wuuthrad,,Fandom: Console Commands (Skyrim)/Miscellaneous_Items,Deep linked-page seed pass: Miscellaneous Items
Misc,FragmentOfWuuthrad,00064283,Fragment of Wuuthrad,,Fandom: Console Commands (Skyrim)/Miscellaneous_Items,Deep linked-page seed pass: Miscellaneous Items
Misc,FragmentOfWuuthrad,00064285,Fragment of Wuuthrad,,Fandom: Console Commands (Skyrim)/Miscellaneous_Items,Deep linked-page seed pass: Miscellaneous Items
Misc,FragmentOfWuuthrad,00064287,Fragment of Wuuthrad,,Fandom: Console Commands (Skyrim)/Miscellaneous_Items,Deep linked-page seed pass: Miscellaneous Items
Misc,FragmentOfWuuthrad,00064289,Fragment of Wuuthrad,,Fandom: Console Commands (Skyrim)/Miscellaneous_Items,Deep linked-page seed pass: Miscellaneous Items
Misc,FragmentOfWuuthrad,0006428B,Fragment of Wuuthrad,,Fandom: Console Commands (Skyrim)/Miscellaneous_Items,Deep linked-page seed pass: Miscellaneous Items
Misc,FragmentOfWuuthrad,0006428E,Fragment of Wuuthrad,,Fandom: Console Commands (Skyrim)/Miscellaneous_Items,Deep linked-page seed pass: Miscellaneous Items
Misc,FragmentOfWuuthrad,00064290,Fragment of Wuuthrad,,Fandom: Console Commands (Skyrim)/Miscellaneous_Items,Deep linked-page seed pass: Miscellaneous Items
Misc,FragmentOfWuuthrad,00064292,Fragment of Wuuthrad,,Fandom: Console Commands (Skyrim)/Miscellaneous_Items,Deep linked-page seed pass: Miscellaneous Items
Misc,FragmentOfWuuthrad,00064296,Fragment of Wuuthrad,,Fandom: Console Commands (Skyrim)/Miscellaneous_Items,Deep linked-page seed pass: Miscellaneous Items
Misc,FragmentOfWuuthrad,00064294,Fragment of Wuuthrad,,Fandom: Console Commands (Skyrim)/Miscellaneous_Items,Deep linked-page seed pass: Miscellaneous Items
Misc,FragmentOfWuuthrad,00064298,Fragment of Wuuthrad,,Fandom: Console Commands (Skyrim)/Miscellaneous_Items,Deep linked-page seed pass: Miscellaneous Items
Misc,HaelgaSStatueOfDibella,00021EA3,Haelga's Statue of Dibella,,Fandom: Console Commands (Skyrim)/Miscellaneous_Items,Deep linked-page seed pass: Miscellaneous Items
Misc,HaelgaSStatueOfDibella,0010CC6A,Haelga's Statue of Dibella,,Fandom: Console Commands (Skyrim)/Miscellaneous_Items,Deep linked-page seed pass: Miscellaneous Items
Misc,BlackBriarMeadKeg,0005333B,Black-Briar Mead Keg,,Fandom: Console Commands (Skyrim)/Miscellaneous_Items,Deep linked-page seed pass: Miscellaneous Items
Misc,DwemerPlate,00027F15,Dwemer Plate,,Fandom: Console Commands (Skyrim)/Miscellaneous_Items,Deep linked-page seed pass: Miscellaneous Items
Misc,RoastedOxLeg,0005E52A,Roasted Ox Leg,,Fandom: Console Commands (Skyrim)/Miscellaneous_Items,Deep linked-page seed pass: Miscellaneous Items
Building Materials,Nails,XX00300F,Nails,,Fandom: Console Commands (Skyrim)/Miscellaneous_Items,Deep linked-page seed pass: Miscellaneous Items
Misc,Goblet,000B9BDA,Goblet,,Fandom: Console Commands (Skyrim)/Miscellaneous_Items,Deep linked-page seed pass: Miscellaneous Items
Misc,Goblet,000F08F9,Goblet,,Fandom: Console Commands (Skyrim)/Miscellaneous_Items,Deep linked-page seed pass: Miscellaneous Items
Misc,Goblet,00098620,Goblet,,Fandom: Console Commands (Skyrim)/Miscellaneous_Items,Deep linked-page seed pass: Miscellaneous Items
Misc,Goblet,00098621,Goblet,,Fandom: Console Commands (Skyrim)/Miscellaneous_Items,Deep linked-page seed pass: Miscellaneous Items
Misc,Pot,000B9BD2,Pot,,Fandom: Console Commands (Skyrim)/Miscellaneous_Items,Deep linked-page seed pass: Miscellaneous Items
Misc,Pot,000F08F6,Pot,,Fandom: Console Commands (Skyrim)/Miscellaneous_Items,Deep linked-page seed pass: Miscellaneous Items
Misc,Pot,000B9BD4,Pot,,Fandom: Console Commands (Skyrim)/Miscellaneous_Items,Deep linked-page seed pass: Miscellaneous Items
Misc,Pot,000F08F7,Pot,,Fandom: Console Commands (Skyrim)/Miscellaneous_Items,Deep linked-page seed pass: Miscellaneous Items
Misc,SilverCandlestick,000AA03E,Silver Candlestick,,Fandom: Console Commands (Skyrim)/Miscellaneous_Items,Deep linked-page seed pass: Miscellaneous Items
Misc,BloodyRags,000CC84D,Bloody Rags,,Fandom: Console Commands (Skyrim)/Miscellaneous_Items,Deep linked-page seed pass: Miscellaneous Items
Misc,OpaqueVessel,0003E6BB,Opaque Vessel,,Fandom: Console Commands (Skyrim)/Miscellaneous_Items,Deep linked-page seed pass: Miscellaneous Items
Misc,OpaqueVessel,0003E6BC,Opaque Vessel,,Fandom: Console Commands (Skyrim)/Miscellaneous_Items,Deep linked-page seed pass: Miscellaneous Items
Misc,OpaqueVessel,0008D770,Opaque Vessel,,Fandom: Console Commands (Skyrim)/Miscellaneous_Items,Deep linked-page seed pass: Miscellaneous Items
Misc,PestPoison,0002BAAB,Pest Poison,,Fandom: Console Commands (Skyrim)/Miscellaneous_Items,Deep linked-page seed pass: Miscellaneous Items
Misc,PotemaSSkull,0009E01F,Potema's Skull,,Fandom: Console Commands (Skyrim)/Miscellaneous_Items,Deep linked-page seed pass: Miscellaneous Items
Misc,GildergreenSapling,0005C09E,Gildergreen Sapling,,Fandom: Console Commands (Skyrim)/Miscellaneous_Items,Deep linked-page seed pass: Miscellaneous Items
Misc,MercerSPlans,00037CE9,Mercer's Plans,,Fandom: Console Commands (Skyrim)/Miscellaneous_Items,Deep linked-page seed pass: Miscellaneous Items
Misc,NurelionSMixture,000C4F2E,Nurelion's Mixture,,Fandom: Console Commands (Skyrim)/Miscellaneous_Items,Deep linked-page seed pass: Miscellaneous Items
Misc,SealedScroll,000457AB,Sealed Scroll,,Fandom: Console Commands (Skyrim)/Miscellaneous_Items,Deep linked-page seed pass: Miscellaneous Items
Misc,SindingSSkin,0002AC62,Sinding's Skin,,Fandom: Console Commands (Skyrim)/Miscellaneous_Items,Deep linked-page seed pass: Miscellaneous Items
Misc,SylgjaSSatchel,000E49F7,Sylgja's Satchel,,Fandom: Console Commands (Skyrim)/Miscellaneous_Items,Deep linked-page seed pass: Miscellaneous Items
Misc,VernerSSatchel,000E49F8,Verner's Satchel,,Fandom: Console Commands (Skyrim)/Miscellaneous_Items,Deep linked-page seed pass: Miscellaneous Items
Building Materials,Hinge,XX003011,Hinge,,Fandom: Console Commands (Skyrim)/Miscellaneous_Items,Deep linked-page seed pass: Miscellaneous Items
Building Materials,IronFittings,XX003035,Iron Fittings,,Fandom: Console Commands (Skyrim)/Miscellaneous_Items,Deep linked-page seed pass: Miscellaneous Items
Building Materials,Lock,XX003012,Lock,,Fandom: Console Commands (Skyrim)/Miscellaneous_Items,Deep linked-page seed pass: Miscellaneous Items
Misc,ChildSDoll,XX00C1DE,Child's Doll,,Fandom: Console Commands (Skyrim)/Miscellaneous_Items,Deep linked-page seed pass: Miscellaneous Items
Misc,BrokenIronMaceHandle,000E72AA,Broken Iron Mace Handle,,Fandom: Console Commands (Skyrim)/Miscellaneous_Items,Deep linked-page seed pass: Miscellaneous Items
Misc,BrokenIronMaceHead,000E72AC,Broken Iron Mace Head,,Fandom: Console Commands (Skyrim)/Miscellaneous_Items,Deep linked-page seed pass: Miscellaneous Items
Misc,BrokenIronWarAxeHandle,000E72A6,Broken Iron War Axe Handle,,Fandom: Console Commands (Skyrim)/Miscellaneous_Items,Deep linked-page seed pass: Miscellaneous Items
Misc,BrokenIronWarAxeHead,000E72A8,Broken Iron War Axe Head,,Fandom: Console Commands (Skyrim)/Miscellaneous_Items,Deep linked-page seed pass: Miscellaneous Items
Misc,BrokenSteelBattleAxeHandle,000E72A0,Broken Steel Battle Axe Handle,,Fandom: Console Commands (Skyrim)/Miscellaneous_Items,Deep linked-page seed pass: Miscellaneous Items
Misc,BrokenSteelBattleAxeHead,000E729E,Broken Steel Battle Axe Head,,Fandom: Console Commands (Skyrim)/Miscellaneous_Items,Deep linked-page seed pass: Miscellaneous Items
Misc,BrokenSteelGreatswordBlade,000E729A,Broken Steel Greatsword Blade,,Fandom: Console Commands (Skyrim)/Miscellaneous_Items,Deep linked-page seed pass: Miscellaneous Items
Misc,BrokenSteelGreatswordHandle,000E729C,Broken Steel Greatsword Handle,,Fandom: Console Commands (Skyrim)/Miscellaneous_Items,Deep linked-page seed pass: Miscellaneous Items
Misc,Knife,00104B40,Knife,,Fandom: Console Commands (Skyrim)/Miscellaneous_Items,Deep linked-page seed pass: Miscellaneous Items
Misc,Fork,000AEBF3,Fork,,Fandom: Console Commands (Skyrim)/Miscellaneous_Items,Deep linked-page seed pass: Miscellaneous Items
Misc,CalcelmoSRing,000D8482,Calcelmo's Ring,,Fandom: Console Commands (Skyrim)/Miscellaneous_Items,Deep linked-page seed pass: Miscellaneous Items
Misc,Flag,00070BC4,Flag,,Fandom: Console Commands (Skyrim)/Miscellaneous_Items,Deep linked-page seed pass: Miscellaneous Items
Misc,Flag,00070BC3,Flag,,Fandom: Console Commands (Skyrim)/Miscellaneous_Items,Deep linked-page seed pass: Miscellaneous Items
Misc,MichaelaSFlagon,000F257D,Michaela's Flagon,,Fandom: Console Commands (Skyrim)/Miscellaneous_Items,Deep linked-page seed pass: Miscellaneous Items
Gems,WylandriahSSoulGem,00043E26,Wylandriah's Soul Gem,,Fandom: Console Commands (Skyrim)/Miscellaneous_Items,Deep linked-page seed pass: Miscellaneous Items
Misc,WylandriahSSatchel,00043E2B,Wylandriah's Satchel,,Fandom: Console Commands (Skyrim)/Miscellaneous_Items,Deep linked-page seed pass: Miscellaneous Items
Misc,StormcloakDocuments,000DC52E,StormCloak Documents,,Fandom: Console Commands (Skyrim)/Miscellaneous_Items,Deep linked-page seed pass: Miscellaneous Items
Gems,TreatedSoulGem,00094E40,Treated Soul Gem,,Fandom: Console Commands (Skyrim)/Miscellaneous_Items,Deep linked-page seed pass: Miscellaneous Items
Misc,Spoon,000AEBF4,Spoon,,Fandom: Console Commands (Skyrim)/Miscellaneous_Items,Deep linked-page seed pass: Miscellaneous Items
Misc,NordWarHorn,000200B6,Nord War Horn,,Fandom: Console Commands (Skyrim)/Miscellaneous_Items,Deep linked-page seed pass: Miscellaneous Items
Crafting,OrichalcumIngot,00043E27,Orichalcum Ingot,,Fandom: Console Commands (Skyrim)/Miscellaneous_Items,Deep linked-page seed pass: Miscellaneous Items
Misc,FlawedVarlaStone,XX000801,Flawed Varla Stone,,Fandom: Console Commands (Skyrim)/Miscellaneous_Items,Deep linked-page seed pass: Miscellaneous Items
Misc,VampireDoll,XX033717,Vampire Doll,,Fandom: Console Commands (Skyrim)/Miscellaneous_Items,Deep linked-page seed pass: Miscellaneous Items
Misc,SheogorathShapedAmber,XX183E61,Sheogorath-Shaped Amber,,Fandom: Console Commands (Skyrim)/Miscellaneous_Items,Deep linked-page seed pass: Miscellaneous Items
Misc,PurpleButterflyInAJar,XX12DD3C,Purple Butterfly in a Jar,,Fandom: Console Commands (Skyrim)/Miscellaneous_Items,Deep linked-page seed pass: Miscellaneous Items
Misc,BlissBugInAJar,XX12DD3A,Bliss Bug in a Jar,,Fandom: Console Commands (Skyrim)/Miscellaneous_Items,Deep linked-page seed pass: Miscellaneous Items
Misc,GreenButterflyInAJar,XX12DD3B,Green Butterfly in a Jar,,Fandom: Console Commands (Skyrim)/Miscellaneous_Items,Deep linked-page seed pass: Miscellaneous Items
Gems,VardnkndConduitGem,XX130891,Vardnknd Conduit Gem,,Fandom: Console Commands (Skyrim)/Miscellaneous_Items,Deep linked-page seed pass: Miscellaneous Items
Gems,FahlbtharzForgeGem,XX0990ED,Fahlbtharz Forge Gem,,Fandom: Console Commands (Skyrim)/Miscellaneous_Items,Deep linked-page seed pass: Miscellaneous Items
Spells,AlterationCandlelight,00043324,Alteration: Candlelight,,https://elderscrolls.fandom.com/wiki/Console_Commands_(Skyrim)/Spells,Spell rows from Fandom spells page.
Spells,AlterationOakflesh,0005AD5C,Alteration: Oakflesh,,https://elderscrolls.fandom.com/wiki/Console_Commands_(Skyrim)/Spells,Spell rows from Fandom spells page.
Spells,AlterationMagelight,00043323,Alteration: Magelight,,https://elderscrolls.fandom.com/wiki/Console_Commands_(Skyrim)/Spells,Spell rows from Fandom spells page.
Spells,AlterationStoneflesh,0005AD5D,Alteration: Stoneflesh,,https://elderscrolls.fandom.com/wiki/Console_Commands_(Skyrim)/Spells,Spell rows from Fandom spells page.
Spells,AlterationAshShell,XX017731,Alteration: Ash Shell,,https://elderscrolls.fandom.com/wiki/Console_Commands_(Skyrim)/Spells,Spell rows from Fandom spells page.
Spells,AlterationDetectLife,000211EE,Alteration: Detect Life,,https://elderscrolls.fandom.com/wiki/Console_Commands_(Skyrim)/Spells,Spell rows from Fandom spells page.
Spells,AlterationIronflesh,00051B16,Alteration: Ironflesh,,https://elderscrolls.fandom.com/wiki/Console_Commands_(Skyrim)/Spells,Spell rows from Fandom spells page.
Spells,AlterationTelekinesis,0001A4CC,Alteration: Telekinesis,,https://elderscrolls.fandom.com/wiki/Console_Commands_(Skyrim)/Spells,Spell rows from Fandom spells page.
Spells,AlterationTransmute,00109111,Alteration: Transmute,,https://elderscrolls.fandom.com/wiki/Console_Commands_(Skyrim)/Spells,Spell rows from Fandom spells page.
Spells,AlterationWaterbreathing,0005D175,Alteration: Waterbreathing,,https://elderscrolls.fandom.com/wiki/Console_Commands_(Skyrim)/Spells,Spell rows from Fandom spells page.
Spells,AlterationAshRune,XX0177AF,Alteration: Ash Rune,,https://elderscrolls.fandom.com/wiki/Console_Commands_(Skyrim)/Spells,Spell rows from Fandom spells page.
Spells,AlterationDetectDead,000211EF,Alteration: Detect Dead,,https://elderscrolls.fandom.com/wiki/Console_Commands_(Skyrim)/Spells,Spell rows from Fandom spells page.
Spells,AlterationEbonyflesh,0005AD5E,Alteration: Ebonyflesh,,https://elderscrolls.fandom.com/wiki/Console_Commands_(Skyrim)/Spells,Spell rows from Fandom spells page.
Spells,AlterationParalyze,0005AD5F,Alteration: Paralyze,,https://elderscrolls.fandom.com/wiki/Console_Commands_(Skyrim)/Spells,Spell rows from Fandom spells page.
Spells,AlterationDragonhide,000CDB70,Alteration: Dragonhide,,https://elderscrolls.fandom.com/wiki/Console_Commands_(Skyrim)/Spells,Spell rows from Fandom spells page.
Spells,AlterationMassParalysis,000B62E6,Alteration: Mass Paralysis,,https://elderscrolls.fandom.com/wiki/Console_Commands_(Skyrim)/Spells,Spell rows from Fandom spells page.
Spells,AlterationEquilibrium,000DA746,Alteration: Equilibrium,,https://elderscrolls.fandom.com/wiki/Console_Commands_(Skyrim)/Spells,Spell rows from Fandom spells page.
Spells,ConjurationBoundDagger,XX01CE06,Conjuration: Bound Dagger,,https://elderscrolls.fandom.com/wiki/Console_Commands_(Skyrim)/Spells,Spell rows from Fandom spells page.
Spells,ConjurationBoundSword,000211EB,Conjuration: Bound Sword,,https://elderscrolls.fandom.com/wiki/Console_Commands_(Skyrim)/Spells,Spell rows from Fandom spells page.
Spells,ConjurationConjureFamiliar,000640B6,Conjuration: Conjure Familiar,,https://elderscrolls.fandom.com/wiki/Console_Commands_(Skyrim)/Spells,Spell rows from Fandom spells page.
Spells,ConjurationRaiseZombie,0007E8E1,Conjuration: Raise Zombie,,https://elderscrolls.fandom.com/wiki/Console_Commands_(Skyrim)/Spells,Spell rows from Fandom spells page.
Spells,ConjurationBoundBattleaxe,000211EC,Conjuration: Bound Battleaxe,,https://elderscrolls.fandom.com/wiki/Console_Commands_(Skyrim)/Spells,Spell rows from Fandom spells page.
Spells,ConjurationConjureBoneman,XX0045BA,Conjuration: Conjure Boneman,,https://elderscrolls.fandom.com/wiki/Console_Commands_(Skyrim)/Spells,Spell rows from Fandom spells page.
Spells,ConjurationConjureFlameAtronach,000204C3,Conjuration: Conjure Flame Atronach,,https://elderscrolls.fandom.com/wiki/Console_Commands_(Skyrim)/Spells,Spell rows from Fandom spells page.
Spells,ConjurationFlamingFamiliar,0009CE26,Conjuration: Flaming Familiar,,https://elderscrolls.fandom.com/wiki/Console_Commands_(Skyrim)/Spells,Spell rows from Fandom spells page.
Spells,ConjurationReanimateCorpse,00065BD7,Conjuration: Reanimate Corpse,,https://elderscrolls.fandom.com/wiki/Console_Commands_(Skyrim)/Spells,Spell rows from Fandom spells page.
Spells,ConjurationSoulTrap,0004DBA4,Conjuration: Soul Trap,,https://elderscrolls.fandom.com/wiki/Console_Commands_(Skyrim)/Spells,Spell rows from Fandom spells page.
Spells,ConjurationSummonArvak,XX00C600,Conjuration: Summon Arvak,,https://elderscrolls.fandom.com/wiki/Console_Commands_(Skyrim)/Spells,Spell rows from Fandom spells page.
Spells,ConjurationBanishDaedra,0006D22C,Conjuration: Banish Daedra,,https://elderscrolls.fandom.com/wiki/Console_Commands_(Skyrim)/Spells,Spell rows from Fandom spells page.
Spells,ConjurationBoundBow,000211ED,Conjuration: Bound Bow,,https://elderscrolls.fandom.com/wiki/Console_Commands_(Skyrim)/Spells,Spell rows from Fandom spells page.
Spells,ConjurationConjureAshSpawn,XX01CDF6,Conjuration: Conjure Ash Spawn,,https://elderscrolls.fandom.com/wiki/Console_Commands_(Skyrim)/Spells,Spell rows from Fandom spells page.
Spells,ConjurationConjureFrostAtronach,000204C4,Conjuration: Conjure Frost Atronach,,https://elderscrolls.fandom.com/wiki/Console_Commands_(Skyrim)/Spells,Spell rows from Fandom spells page.
Spells,ConjurationConjureMistman,XX0045B8,Conjuration: Conjure Mistman,,https://elderscrolls.fandom.com/wiki/Console_Commands_(Skyrim)/Spells,Spell rows from Fandom spells page.
Spells,ConjurationConjureSeeker,XX033C66,Conjuration: Conjure Seeker,,https://elderscrolls.fandom.com/wiki/Console_Commands_(Skyrim)/Spells,Spell rows from Fandom spells page.
Spells,ConjurationRevenant,00096D94,Conjuration: Revenant,,https://elderscrolls.fandom.com/wiki/Console_Commands_(Skyrim)/Spells,Spell rows from Fandom spells page.
Spells,ConjurationConjureAshGuardian,XX017782,Conjuration: Conjure Ash Guardian,,https://elderscrolls.fandom.com/wiki/Console_Commands_(Skyrim)/Spells,Spell rows from Fandom spells page.
Spells,ConjurationCommandDaedra,0006F953,Conjuration: Command Daedra,,https://elderscrolls.fandom.com/wiki/Console_Commands_(Skyrim)/Spells,Spell rows from Fandom spells page.
Spells,ConjurationConjureDragonPriest,0010FC16,Conjuration: Conjure Dragon Priest,,https://elderscrolls.fandom.com/wiki/Console_Commands_(Skyrim)/Spells,Spell rows from Fandom spells page.
Spells,ConjurationConjureDremoraLord,0010DDEC,Conjuration: Conjure Dremora Lord,,https://elderscrolls.fandom.com/wiki/Console_Commands_(Skyrim)/Spells,Spell rows from Fandom spells page.
Spells,ConjurationConjureStormAtronach,000204C5,Conjuration: Conjure Storm Atronach,,https://elderscrolls.fandom.com/wiki/Console_Commands_(Skyrim)/Spells,Spell rows from Fandom spells page.
Spells,ConjurationConjureWrathman,XX0045B3,Conjuration: Conjure Wrathman,,https://elderscrolls.fandom.com/wiki/Console_Commands_(Skyrim)/Spells,Spell rows from Fandom spells page.
Spells,ConjurationDreadZombie,00096D95,Conjuration: Dread Zombie,,https://elderscrolls.fandom.com/wiki/Console_Commands_(Skyrim)/Spells,Spell rows from Fandom spells page.
Spells,ConjurationExpelDaedra,0006F952,Conjuration: Expel Daedra,,https://elderscrolls.fandom.com/wiki/Console_Commands_(Skyrim)/Spells,Spell rows from Fandom spells page.
Spells,ConjurationFlameThrall,0007E5D5,Conjuration: Flame Thrall,,https://elderscrolls.fandom.com/wiki/Console_Commands_(Skyrim)/Spells,Spell rows from Fandom spells page.
Spells,ConjurationDeadThrall,0007E8DF,Conjuration: Dead Thrall,,https://elderscrolls.fandom.com/wiki/Console_Commands_(Skyrim)/Spells,Spell rows from Fandom spells page.
Spells,ConjurationFrostThrall,0007E5D6,Conjuration: Frost Thrall,,https://elderscrolls.fandom.com/wiki/Console_Commands_(Skyrim)/Spells,Spell rows from Fandom spells page.
Spells,ConjurationStormThrall,0007E5D7,Conjuration: Storm Thrall,,https://elderscrolls.fandom.com/wiki/Console_Commands_(Skyrim)/Spells,Spell rows from Fandom spells page.
Spells,ConjurationSpectralArrow,000AB23D,Conjuration: Spectral Arrow,,https://elderscrolls.fandom.com/wiki/Console_Commands_(Skyrim)/Spells,Spell rows from Fandom spells page.
Spells,ConjurationSummonArnielSShade,0006A153,Conjuration: Summon Arniel's Shade,,https://elderscrolls.fandom.com/wiki/Console_Commands_(Skyrim)/Spells,Spell rows from Fandom spells page.
Spells,ConjurationSummonUnboundDremora,00099F39,Conjuration: Summon Unbound Dremora,,https://elderscrolls.fandom.com/wiki/Console_Commands_(Skyrim)/Spells,Spell rows from Fandom spells page.
Spells,DestructionFlames,00012FCD,Destruction: Flames,,https://elderscrolls.fandom.com/wiki/Console_Commands_(Skyrim)/Spells,Spell rows from Fandom spells page.
Spells,DestructionFrostbite,0002B96B,Destruction: Frostbite,,https://elderscrolls.fandom.com/wiki/Console_Commands_(Skyrim)/Spells,Spell rows from Fandom spells page.
Spells,DestructionSparks,0002DD2A,Destruction: Sparks,,https://elderscrolls.fandom.com/wiki/Console_Commands_(Skyrim)/Spells,Spell rows from Fandom spells page.
Spells,DestructionFireRune,0005DB90,Destruction: Fire Rune,,https://elderscrolls.fandom.com/wiki/Console_Commands_(Skyrim)/Spells,Spell rows from Fandom spells page.
Spells,DestructionFirebolt,00012FD0,Destruction: Firebolt,,https://elderscrolls.fandom.com/wiki/Console_Commands_(Skyrim)/Spells,Spell rows from Fandom spells page.
Spells,DestructionFreeze,XX02732D,Destruction: Freeze,,https://elderscrolls.fandom.com/wiki/Console_Commands_(Skyrim)/Spells,Spell rows from Fandom spells page.
Spells,DestructionFrostRune,0006796F,Destruction: Frost Rune,,https://elderscrolls.fandom.com/wiki/Console_Commands_(Skyrim)/Spells,Spell rows from Fandom spells page.
Spells,DestructionIceSpike,0002B96C,Destruction: Ice Spike,,https://elderscrolls.fandom.com/wiki/Console_Commands_(Skyrim)/Spells,Spell rows from Fandom spells page.
Spells,DestructionIgnite,XX02732B,Destruction: Ignite,,https://elderscrolls.fandom.com/wiki/Console_Commands_(Skyrim)/Spells,Spell rows from Fandom spells page.
Spells,DestructionLightningBolt,0002DD29,Destruction: Lightning Bolt,,https://elderscrolls.fandom.com/wiki/Console_Commands_(Skyrim)/Spells,Spell rows from Fandom spells page.
Spells,DestructionLightningRune,00067970,Destruction: Lightning Rune,,https://elderscrolls.fandom.com/wiki/Console_Commands_(Skyrim)/Spells,Spell rows from Fandom spells page.
Spells,DestructionChainLightning,00045F9D,Destruction: Chain Lightning,,https://elderscrolls.fandom.com/wiki/Console_Commands_(Skyrim)/Spells,Spell rows from Fandom spells page.
Spells,DestructionFireball,0001C789,Destruction: Fireball,,https://elderscrolls.fandom.com/wiki/Console_Commands_(Skyrim)/Spells,Spell rows from Fandom spells page.
Spells,DestructionFlameCloak,0003AE9F,Destruction: Flame Cloak,,https://elderscrolls.fandom.com/wiki/Console_Commands_(Skyrim)/Spells,Spell rows from Fandom spells page.
Spells,DestructionFrostCloak,0003AEA2,Destruction: Frost Cloak,,https://elderscrolls.fandom.com/wiki/Console_Commands_(Skyrim)/Spells,Spell rows from Fandom spells page.
Spells,DestructionIceStorm,00045F9C,Destruction: Ice Storm,,https://elderscrolls.fandom.com/wiki/Console_Commands_(Skyrim)/Spells,Spell rows from Fandom spells page.
Spells,DestructionLightningCloak,0003AEA3,Destruction: Lightning Cloak,,https://elderscrolls.fandom.com/wiki/Console_Commands_(Skyrim)/Spells,Spell rows from Fandom spells page.
Spells,DestructionWhirlwindCloak,XX01772D,Destruction: Whirlwind Cloak,,https://elderscrolls.fandom.com/wiki/Console_Commands_(Skyrim)/Spells,Spell rows from Fandom spells page.
Spells,DestructionIcySpear,0010F7EC,Destruction: Icy Spear,,https://elderscrolls.fandom.com/wiki/Console_Commands_(Skyrim)/Spells,Spell rows from Fandom spells page.
Spells,DestructionIncinerate,0010F7ED,Destruction: Incinerate,,https://elderscrolls.fandom.com/wiki/Console_Commands_(Skyrim)/Spells,Spell rows from Fandom spells page.
Spells,DestructionThunderbolt,0010F7EE,Destruction: Thunderbolt,,https://elderscrolls.fandom.com/wiki/Console_Commands_(Skyrim)/Spells,Spell rows from Fandom spells page.
Spells,DestructionWallOfFlames,00035D7F,Destruction: Wall of Flames,,https://elderscrolls.fandom.com/wiki/Console_Commands_(Skyrim)/Spells,Spell rows from Fandom spells page.
Spells,DestructionWallOfFrost,00035D80,Destruction: Wall of Frost,,https://elderscrolls.fandom.com/wiki/Console_Commands_(Skyrim)/Spells,Spell rows from Fandom spells page.
Spells,DestructionWallOfStorms,00035D81,Destruction: Wall of Storms,,https://elderscrolls.fandom.com/wiki/Console_Commands_(Skyrim)/Spells,Spell rows from Fandom spells page.
Spells,DestructionBlizzard,0007E8E4,Destruction: Blizzard,,https://elderscrolls.fandom.com/wiki/Console_Commands_(Skyrim)/Spells,Spell rows from Fandom spells page.
Spells,DestructionFireStorm,0007A82B,Destruction: Fire Storm,,https://elderscrolls.fandom.com/wiki/Console_Commands_(Skyrim)/Spells,Spell rows from Fandom spells page.
Spells,DestructionLightningStorm,0007E8E5,Destruction: Lightning Storm,,https://elderscrolls.fandom.com/wiki/Console_Commands_(Skyrim)/Spells,Spell rows from Fandom spells page.
Spells,DestructionArnielSConvection,0006A104,Destruction: Arniel's Convection,,https://elderscrolls.fandom.com/wiki/Console_Commands_(Skyrim)/Spells,Spell rows from Fandom spells page.
Spells,DestructionVampiricDrainLevel1,0008D5BF,Destruction: Vampiric Drain Level 1,,https://elderscrolls.fandom.com/wiki/Console_Commands_(Skyrim)/Spells,Spell rows from Fandom spells page.
Spells,DestructionVampiricDrainLevel2,0008D5C0,Destruction: Vampiric Drain Level 2,,https://elderscrolls.fandom.com/wiki/Console_Commands_(Skyrim)/Spells,Spell rows from Fandom spells page.
Spells,DestructionVampiricDrainLevel3,0008D5C1,Destruction: Vampiric Drain Level 3,,https://elderscrolls.fandom.com/wiki/Console_Commands_(Skyrim)/Spells,Spell rows from Fandom spells page.
Spells,DestructionVampiricDrainLevel4,0008D5C2,Destruction: Vampiric Drain Level 4,,https://elderscrolls.fandom.com/wiki/Console_Commands_(Skyrim)/Spells,Spell rows from Fandom spells page.
Spells,IllusionClairvoyance,00021143,Illusion: Clairvoyance,,https://elderscrolls.fandom.com/wiki/Console_Commands_(Skyrim)/Spells,Spell rows from Fandom spells page.
Spells,IllusionCourage,0004DEE8,Illusion: Courage,,https://elderscrolls.fandom.com/wiki/Console_Commands_(Skyrim)/Spells,Spell rows from Fandom spells page.
Spells,IllusionFury,0004DEEB,Illusion: Fury,,https://elderscrolls.fandom.com/wiki/Console_Commands_(Skyrim)/Spells,Spell rows from Fandom spells page.
Spells,IllusionCalm,0004DEE9,Illusion: Calm,,https://elderscrolls.fandom.com/wiki/Console_Commands_(Skyrim)/Spells,Spell rows from Fandom spells page.
Spells,IllusionFear,0004DEEA,Illusion: Fear,,https://elderscrolls.fandom.com/wiki/Console_Commands_(Skyrim)/Spells,Spell rows from Fandom spells page.
Spells,IllusionMuffle,0008F3EB,Illusion: Muffle,,https://elderscrolls.fandom.com/wiki/Console_Commands_(Skyrim)/Spells,Spell rows from Fandom spells page.
Spells,IllusionFrenzy,0004DEEE,Illusion: Frenzy,,https://elderscrolls.fandom.com/wiki/Console_Commands_(Skyrim)/Spells,Spell rows from Fandom spells page.
Spells,IllusionFrenzyRune,XX0177B7,Illusion: Frenzy Rune,,https://elderscrolls.fandom.com/wiki/Console_Commands_(Skyrim)/Spells,Spell rows from Fandom spells page.
Spells,IllusionRally,0004DEEC,Illusion: Rally,,https://elderscrolls.fandom.com/wiki/Console_Commands_(Skyrim)/Spells,Spell rows from Fandom spells page.
Spells,IllusionInvisibility,00027EB6,Illusion: Invisibility,,https://elderscrolls.fandom.com/wiki/Console_Commands_(Skyrim)/Spells,Spell rows from Fandom spells page.
Spells,IllusionPacify,0004DEED,Illusion: Pacify,,https://elderscrolls.fandom.com/wiki/Console_Commands_(Skyrim)/Spells,Spell rows from Fandom spells page.
Spells,IllusionRout,0004DEEF,Illusion: Rout,,https://elderscrolls.fandom.com/wiki/Console_Commands_(Skyrim)/Spells,Spell rows from Fandom spells page.
Spells,IllusionCallToArms,0007E8DD,Illusion: Call to Arms,,https://elderscrolls.fandom.com/wiki/Console_Commands_(Skyrim)/Spells,Spell rows from Fandom spells page.
Spells,IllusionHarmony,0007E8DB,Illusion: Harmony,,https://elderscrolls.fandom.com/wiki/Console_Commands_(Skyrim)/Spells,Spell rows from Fandom spells page.
Spells,IllusionHysteria,0007E8DE,Illusion: Hysteria,,https://elderscrolls.fandom.com/wiki/Console_Commands_(Skyrim)/Spells,Spell rows from Fandom spells page.
Spells,IllusionMayhem,0007E8DA,Illusion: Mayhem,,https://elderscrolls.fandom.com/wiki/Console_Commands_(Skyrim)/Spells,Spell rows from Fandom spells page.
Spells,IllusionVisionOfTheTenthEye,000B323E,Illusion: Vision of the Tenth Eye,,https://elderscrolls.fandom.com/wiki/Console_Commands_(Skyrim)/Spells,Spell rows from Fandom spells page.
Spells,RestorationHealing,00012FCC,Restoration: Healing,,https://elderscrolls.fandom.com/wiki/Console_Commands_(Skyrim)/Spells,Spell rows from Fandom spells page.
Spells,RestorationLesserWard,00013018,Restoration: Lesser Ward,,https://elderscrolls.fandom.com/wiki/Console_Commands_(Skyrim)/Spells,Spell rows from Fandom spells page.
Spells,RestorationFastHealing,0002F3B8,Restoration: Fast Healing,,https://elderscrolls.fandom.com/wiki/Console_Commands_(Skyrim)/Spells,Spell rows from Fandom spells page.
Spells,RestorationHealingHands,0004D3F2,Restoration: Healing Hands,,https://elderscrolls.fandom.com/wiki/Console_Commands_(Skyrim)/Spells,Spell rows from Fandom spells page.
Spells,RestorationNecromanticHealing,XX00E8D2,Restoration: Necromantic Healing,,https://elderscrolls.fandom.com/wiki/Console_Commands_(Skyrim)/Spells,Spell rows from Fandom spells page.
Spells,RestorationSteadfastWard,000211F1,Restoration: Steadfast Ward,,https://elderscrolls.fandom.com/wiki/Console_Commands_(Skyrim)/Spells,Spell rows from Fandom spells page.
Spells,RestorationSunFire,XX003F52,Restoration: Sun Fire,,https://elderscrolls.fandom.com/wiki/Console_Commands_(Skyrim)/Spells,Spell rows from Fandom spells page.
Spells,RestorationTurnLesserUndead,0004B146,Restoration: Turn Lesser Undead,,https://elderscrolls.fandom.com/wiki/Console_Commands_(Skyrim)/Spells,Spell rows from Fandom spells page.
Spells,RestorationCloseWounds,000B62EF,Restoration: Close Wounds,,https://elderscrolls.fandom.com/wiki/Console_Commands_(Skyrim)/Spells,Spell rows from Fandom spells page.
Spells,RestorationGreaterWard,000211F0,Restoration: Greater Ward,,https://elderscrolls.fandom.com/wiki/Console_Commands_(Skyrim)/Spells,Spell rows from Fandom spells page.
Spells,RestorationHealOther,00012FD2,Restoration: Heal Other,,https://elderscrolls.fandom.com/wiki/Console_Commands_(Skyrim)/Spells,Spell rows from Fandom spells page.
Spells,RestorationHealUndead,XX00E8D4,Restoration: Heal Undead,,https://elderscrolls.fandom.com/wiki/Console_Commands_(Skyrim)/Spells,Spell rows from Fandom spells page.
Spells,RestorationPoisonRune,XX01D74B,Restoration: Poison Rune,,https://elderscrolls.fandom.com/wiki/Console_Commands_(Skyrim)/Spells,Spell rows from Fandom spells page.
Spells,RestorationRepelLesserUndead,0004D3F8,Restoration: Repel Lesser Undead,,https://elderscrolls.fandom.com/wiki/Console_Commands_(Skyrim)/Spells,Spell rows from Fandom spells page.
Spells,RestorationStendarrSAura,XX0038B5,Restoration: Stendarr's Aura,,https://elderscrolls.fandom.com/wiki/Console_Commands_(Skyrim)/Spells,Spell rows from Fandom spells page.
Spells,RestorationTurnUndead,0005DD5D,Restoration: Turn Undead,,https://elderscrolls.fandom.com/wiki/Console_Commands_(Skyrim)/Spells,Spell rows from Fandom spells page.
Spells,RestorationVampireSBane,XX0038B6,Restoration: Vampire's Bane,,https://elderscrolls.fandom.com/wiki/Console_Commands_(Skyrim)/Spells,Spell rows from Fandom spells page.
Spells,RestorationCircleOfProtection,0005312D,Restoration: Circle of Protection,,https://elderscrolls.fandom.com/wiki/Console_Commands_(Skyrim)/Spells,Spell rows from Fandom spells page.
Spells,RestorationGrandHealing,000B62EE,Restoration: Grand Healing,,https://elderscrolls.fandom.com/wiki/Console_Commands_(Skyrim)/Spells,Spell rows from Fandom spells page.
Spells,RestorationRepelUndead,0005DD60,Restoration: Repel Undead,,https://elderscrolls.fandom.com/wiki/Console_Commands_(Skyrim)/Spells,Spell rows from Fandom spells page.
Spells,RestorationTurnGreaterUndead,0005DD5E,Restoration: Turn Greater Undead,,https://elderscrolls.fandom.com/wiki/Console_Commands_(Skyrim)/Spells,Spell rows from Fandom spells page.
Spells,RestorationBaneOfTheUndead,0008C1AB,Restoration: Bane of the Undead,,https://elderscrolls.fandom.com/wiki/Console_Commands_(Skyrim)/Spells,Spell rows from Fandom spells page.
Spells,RestorationGuardianCircle,000E0CCF,Restoration: Guardian Circle,,https://elderscrolls.fandom.com/wiki/Console_Commands_(Skyrim)/Spells,Spell rows from Fandom spells page.
Spells,TheGiftOfCharity,000EEF58,The Gift of Charity,,https://elderscrolls.fandom.com/wiki/Console_Commands_(Skyrim)/Spells,Spell rows from Fandom spells page.
Spells,AncientKnowledge,0010EB60,Ancient Knowledge,,https://elderscrolls.fandom.com/wiki/Console_Commands_(Skyrim)/Spells,Spell rows from Fandom spells page.
Spells,ProwlerSProfit,000F20BE,Prowler's Profit,,https://elderscrolls.fandom.com/wiki/Console_Commands_(Skyrim)/Spells,Spell rows from Fandom spells page.
Staves,ForswornStaffVariant,000CC826,Forsworn Staff Variant,,https://elderscrolls.fandom.com/wiki/Console_Commands_(Skyrim)/Staves,Staff rows from Fandom staves page.
Staves,AlterationStaff,0007E646,Alteration Staff,,https://elderscrolls.fandom.com/wiki/Console_Commands_(Skyrim)/Staves,Staff rows from Fandom staves page.
Staves,BrokenStaff,0001CB30,Broken Staff,,https://elderscrolls.fandom.com/wiki/Console_Commands_(Skyrim)/Staves,Staff rows from Fandom staves page.
Staves,ConjurationStaff,0007E647,Conjuration Staff,,https://elderscrolls.fandom.com/wiki/Console_Commands_(Skyrim)/Staves,Staff rows from Fandom staves page.
Staves,DestructionStaff,000BE11F,Destruction Staff,,https://elderscrolls.fandom.com/wiki/Console_Commands_(Skyrim)/Staves,Staff rows from Fandom staves page.
Staves,IllusionStaff,0007A91B,Illusion Staff,,https://elderscrolls.fandom.com/wiki/Console_Commands_(Skyrim)/Staves,Staff rows from Fandom staves page.
Staves,NecromanticStaff,000284F5,Necromantic Staff,,https://elderscrolls.fandom.com/wiki/Console_Commands_(Skyrim)/Staves,Staff rows from Fandom staves page.
Staves,RestorationStaff,00051B0C,Restoration Staff,,https://elderscrolls.fandom.com/wiki/Console_Commands_(Skyrim)/Staves,Staff rows from Fandom staves page.
Clothing,Clothes,000F1229,Clothes,,https://elderscrolls.fandom.com/wiki/Console_Commands_(Skyrim)/Clothing,Clothing/apparel rows from Fandom clothing page.
Clothing,ClothesVariant1,000209A6,Clothes Variant 1,,https://elderscrolls.fandom.com/wiki/Console_Commands_(Skyrim)/Clothing,Clothing/apparel rows from Fandom clothing page.
Clothing,ClothesVariant2,0006C1DA,Clothes Variant 2,,https://elderscrolls.fandom.com/wiki/Console_Commands_(Skyrim)/Clothing,Clothing/apparel rows from Fandom clothing page.
Clothing,ClothesVariant3,00017695,Clothes Variant 3,,https://elderscrolls.fandom.com/wiki/Console_Commands_(Skyrim)/Clothing,Clothing/apparel rows from Fandom clothing page.
Clothing,ClothesVariant4,0006C1D9,Clothes Variant 4,,https://elderscrolls.fandom.com/wiki/Console_Commands_(Skyrim)/Clothing,Clothing/apparel rows from Fandom clothing page.
Clothing,ClothesVariant5,0006C1D8,Clothes Variant 5,,https://elderscrolls.fandom.com/wiki/Console_Commands_(Skyrim)/Clothing,Clothing/apparel rows from Fandom clothing page.
Clothing,ClothesVariant6,0003452E,Clothes Variant 6,,https://elderscrolls.fandom.com/wiki/Console_Commands_(Skyrim)/Clothing,Clothing/apparel rows from Fandom clothing page.
Clothing,ClothesVariant7,000261C0,Clothes Variant 7,,https://elderscrolls.fandom.com/wiki/Console_Commands_(Skyrim)/Clothing,Clothing/apparel rows from Fandom clothing page.
Clothing,ClothesVariant8,0005B6A1,Clothes Variant 8,,https://elderscrolls.fandom.com/wiki/Console_Commands_(Skyrim)/Clothing,Clothing/apparel rows from Fandom clothing page.
Clothing,ClothesVariant9,0006FF38,Clothes Variant 9,,https://elderscrolls.fandom.com/wiki/Console_Commands_(Skyrim)/Clothing,Clothing/apparel rows from Fandom clothing page.
Clothing,ClothesVariant10,0004223C,Clothes Variant 10,,https://elderscrolls.fandom.com/wiki/Console_Commands_(Skyrim)/Clothing,Clothing/apparel rows from Fandom clothing page.
Clothing,ClothesVariant11,0006FF45,Clothes Variant 11,,https://elderscrolls.fandom.com/wiki/Console_Commands_(Skyrim)/Clothing,Clothing/apparel rows from Fandom clothing page.
Clothing,CultistRobesVariant,XX01CDA6,Cultist Robes Variant,,https://elderscrolls.fandom.com/wiki/Console_Commands_(Skyrim)/Clothing,Clothing/apparel rows from Fandom clothing page.
Clothing,DunmerOutfitVariant1,XX01CDAA,Dunmer Outfit Variant 1,,https://elderscrolls.fandom.com/wiki/Console_Commands_(Skyrim)/Clothing,Clothing/apparel rows from Fandom clothing page.
Clothing,DunmerOutfitVariant2,XX037065,Dunmer Outfit Variant 2,,https://elderscrolls.fandom.com/wiki/Console_Commands_(Skyrim)/Clothing,Clothing/apparel rows from Fandom clothing page.
Clothing,DunmerOutfitVariant3,XX037066,Dunmer Outfit Variant 3,,https://elderscrolls.fandom.com/wiki/Console_Commands_(Skyrim)/Clothing,Clothing/apparel rows from Fandom clothing page.
Clothing,DunmerOutfitVariant4,XX03706B,Dunmer Outfit Variant 4,,https://elderscrolls.fandom.com/wiki/Console_Commands_(Skyrim)/Clothing,Clothing/apparel rows from Fandom clothing page.
Clothing,DunmerOutfitVariant5,XX03706C,Dunmer Outfit Variant 5,,https://elderscrolls.fandom.com/wiki/Console_Commands_(Skyrim)/Clothing,Clothing/apparel rows from Fandom clothing page.
Clothing,FineClothesVariant1,00086991,Fine Clothes Variant 1,,https://elderscrolls.fandom.com/wiki/Console_Commands_(Skyrim)/Clothing,Clothing/apparel rows from Fandom clothing page.
Clothing,FineClothesVariant2,000F8713,Fine Clothes Variant 2,,https://elderscrolls.fandom.com/wiki/Console_Commands_(Skyrim)/Clothing,Clothing/apparel rows from Fandom clothing page.
Clothing,FineClothesVariant3,000F8715,Fine Clothes Variant 3,,https://elderscrolls.fandom.com/wiki/Console_Commands_(Skyrim)/Clothing,Clothing/apparel rows from Fandom clothing page.
Clothing,GirlSRedDress,XX00D821,Girl's Red Dress,,https://elderscrolls.fandom.com/wiki/Console_Commands_(Skyrim)/Clothing,Clothing/apparel rows from Fandom clothing page.
Clothing,GirlSYellowDress,XX00D822,Girl's Yellow Dress,,https://elderscrolls.fandom.com/wiki/Console_Commands_(Skyrim)/Clothing,Clothing/apparel rows from Fandom clothing page.
Clothing,HammerfellGarb,0007BC19,Hammerfell Garb,,https://elderscrolls.fandom.com/wiki/Console_Commands_(Skyrim)/Clothing,Clothing/apparel rows from Fandom clothing page.
Clothing,MinerSClothes,00080697,Miner's Clothes,,https://elderscrolls.fandom.com/wiki/Console_Commands_(Skyrim)/Clothing,Clothing/apparel rows from Fandom clothing page.
Clothing,MournerSClothes,000646A7,Mourner's Clothes,,https://elderscrolls.fandom.com/wiki/Console_Commands_(Skyrim)/Clothing,Clothing/apparel rows from Fandom clothing page.
Clothing,NobleClothes,0005DB7B,Noble Clothes,,https://elderscrolls.fandom.com/wiki/Console_Commands_(Skyrim)/Clothing,Clothing/apparel rows from Fandom clothing page.
Clothing,RadiantRaimentFineClothes,000E9EB5,Radiant Raiment Fine Clothes,,https://elderscrolls.fandom.com/wiki/Console_Commands_(Skyrim)/Clothing,Clothing/apparel rows from Fandom clothing page.
Clothing,RaggedTrousers,0008F19A,Ragged Trousers,,https://elderscrolls.fandom.com/wiki/Console_Commands_(Skyrim)/Clothing,Clothing/apparel rows from Fandom clothing page.
Clothing,RedguardClothes,000E0DD0,Redguard Clothes,,https://elderscrolls.fandom.com/wiki/Console_Commands_(Skyrim)/Clothing,Clothing/apparel rows from Fandom clothing page.
Clothing,TavernClothes,000D191F,Tavern Clothes,,https://elderscrolls.fandom.com/wiki/Console_Commands_(Skyrim)/Clothing,Clothing/apparel rows from Fandom clothing page.
Clothing,VampireRobes,XX019ADF,Vampire Robes,,https://elderscrolls.fandom.com/wiki/Console_Commands_(Skyrim)/Clothing,Clothing/apparel rows from Fandom clothing page.
Clothing,Boots,0001BE1B,Boots,,https://elderscrolls.fandom.com/wiki/Console_Commands_(Skyrim)/Clothing,Clothing/apparel rows from Fandom clothing page.
Clothing,BootsVariant1,000209A5,Boots Variant 1,,https://elderscrolls.fandom.com/wiki/Console_Commands_(Skyrim)/Clothing,Clothing/apparel rows from Fandom clothing page.
Clothing,BootsVariant2,000261BD,Boots Variant 2,,https://elderscrolls.fandom.com/wiki/Console_Commands_(Skyrim)/Clothing,Clothing/apparel rows from Fandom clothing page.
Clothing,BootsVariant3,0003452F,Boots Variant 3,,https://elderscrolls.fandom.com/wiki/Console_Commands_(Skyrim)/Clothing,Clothing/apparel rows from Fandom clothing page.
Clothing,BootsVariant4,0006B46C,Boots Variant 4,,https://elderscrolls.fandom.com/wiki/Console_Commands_(Skyrim)/Clothing,Clothing/apparel rows from Fandom clothing page.
Clothing,BootsVariant5,000D1921,Boots Variant 5,,https://elderscrolls.fandom.com/wiki/Console_Commands_(Skyrim)/Clothing,Clothing/apparel rows from Fandom clothing page.
Clothing,BootsVariant6,000BACD7,Boots Variant 6,,https://elderscrolls.fandom.com/wiki/Console_Commands_(Skyrim)/Clothing,Clothing/apparel rows from Fandom clothing page.
Clothing,BootsVariant7,000C5D12,Boots Variant 7,,https://elderscrolls.fandom.com/wiki/Console_Commands_(Skyrim)/Clothing,Clothing/apparel rows from Fandom clothing page.
Clothing,BootsVariant8,000E0DD4,Boots Variant 8,,https://elderscrolls.fandom.com/wiki/Console_Commands_(Skyrim)/Clothing,Clothing/apparel rows from Fandom clothing page.
Clothing,BootsVariant9,000CF8B0,Boots Variant 9,,https://elderscrolls.fandom.com/wiki/Console_Commands_(Skyrim)/Clothing,Clothing/apparel rows from Fandom clothing page.
Clothing,BootsVariant10,0004223D,Boots Variant 10,,https://elderscrolls.fandom.com/wiki/Console_Commands_(Skyrim)/Clothing,Clothing/apparel rows from Fandom clothing page.
Clothing,BootsVariant11,00080699,Boots Variant 11,,https://elderscrolls.fandom.com/wiki/Console_Commands_(Skyrim)/Clothing,Clothing/apparel rows from Fandom clothing page.
Clothing,BootsVariant12,000C36E8,Boots Variant 12,,https://elderscrolls.fandom.com/wiki/Console_Commands_(Skyrim)/Clothing,Clothing/apparel rows from Fandom clothing page.
Clothing,BootsDawnguard,XX01570B,Boots Dawnguard,,https://elderscrolls.fandom.com/wiki/Console_Commands_(Skyrim)/Clothing,Clothing/apparel rows from Fandom clothing page.
Clothing,BootsDragonborn,XX0376D9,Boots Dragonborn,,https://elderscrolls.fandom.com/wiki/Console_Commands_(Skyrim)/Clothing,Clothing/apparel rows from Fandom clothing page.
Clothing,CollegeBoots,0010E2DC,College Boots,,https://elderscrolls.fandom.com/wiki/Console_Commands_(Skyrim)/Clothing,Clothing/apparel rows from Fandom clothing page.
Clothing,CollegeBootsVariant,0010E2CE,College Boots Variant,,https://elderscrolls.fandom.com/wiki/Console_Commands_(Skyrim)/Clothing,Clothing/apparel rows from Fandom clothing page.
Clothing,CuffedBoots,000CEE78,Cuffed Boots,,https://elderscrolls.fandom.com/wiki/Console_Commands_(Skyrim)/Clothing,Clothing/apparel rows from Fandom clothing page.
Clothing,CultistBoots,XX037B8E,Cultist Boots,,https://elderscrolls.fandom.com/wiki/Console_Commands_(Skyrim)/Clothing,Clothing/apparel rows from Fandom clothing page.
Clothing,DunmerShoes,XX03705A,Dunmer Shoes,,https://elderscrolls.fandom.com/wiki/Console_Commands_(Skyrim)/Clothing,Clothing/apparel rows from Fandom clothing page.
Clothing,FineBoots,00086993,Fine Boots,,https://elderscrolls.fandom.com/wiki/Console_Commands_(Skyrim)/Clothing,Clothing/apparel rows from Fandom clothing page.
Clothing,FineBootsVariant,000CEE82,Fine Boots Variant,,https://elderscrolls.fandom.com/wiki/Console_Commands_(Skyrim)/Clothing,Clothing/apparel rows from Fandom clothing page.
Clothing,FurLinedBoots,0005DB7E,Fur-Lined Boots,,https://elderscrolls.fandom.com/wiki/Console_Commands_(Skyrim)/Clothing,Clothing/apparel rows from Fandom clothing page.
Clothing,MothPriestSandals,XX0047D9,Moth Priest Sandals,,https://elderscrolls.fandom.com/wiki/Console_Commands_(Skyrim)/Clothing,Clothing/apparel rows from Fandom clothing page.
Clothing,PleatedShoes,0008698E,Pleated Shoes,,https://elderscrolls.fandom.com/wiki/Console_Commands_(Skyrim)/Clothing,Clothing/apparel rows from Fandom clothing page.
Clothing,PsiijicBoots,00065B9B,Psiijic Boots,,https://elderscrolls.fandom.com/wiki/Console_Commands_(Skyrim)/Clothing,Clothing/apparel rows from Fandom clothing page.
Clothing,RedguardBoots,0007BC15,Redguard Boots,,https://elderscrolls.fandom.com/wiki/Console_Commands_(Skyrim)/Clothing,Clothing/apparel rows from Fandom clothing page.
Clothing,Shoes,00018801,Shoes,,https://elderscrolls.fandom.com/wiki/Console_Commands_(Skyrim)/Clothing,Clothing/apparel rows from Fandom clothing page.
Clothing,ShoesVariant1,0005B6A0,Shoes Variant 1,,https://elderscrolls.fandom.com/wiki/Console_Commands_(Skyrim)/Clothing,Clothing/apparel rows from Fandom clothing page.
Clothing,ShoesVariant2,000E80A8,Shoes Variant 2,,https://elderscrolls.fandom.com/wiki/Console_Commands_(Skyrim)/Clothing,Clothing/apparel rows from Fandom clothing page.
Clothing,ShoesVariant3,0005B69E,Shoes Variant 3,,https://elderscrolls.fandom.com/wiki/Console_Commands_(Skyrim)/Clothing,Clothing/apparel rows from Fandom clothing page.
Clothing,ThalmorBoots,00065BAC,Thalmor Boots,,https://elderscrolls.fandom.com/wiki/Console_Commands_(Skyrim)/Clothing,Clothing/apparel rows from Fandom clothing page.
Clothing,VampireBoots,XX019AE1,Vampire Boots,,https://elderscrolls.fandom.com/wiki/Console_Commands_(Skyrim)/Clothing,Clothing/apparel rows from Fandom clothing page.
Clothing,BlackRobes,00106661,Black Robes,,https://elderscrolls.fandom.com/wiki/Console_Commands_(Skyrim)/Clothing,Clothing/apparel rows from Fandom clothing page.
Clothing,BlueRobes,000A199B,Blue Robes,,https://elderscrolls.fandom.com/wiki/Console_Commands_(Skyrim)/Clothing,Clothing/apparel rows from Fandom clothing page.
Clothing,CollegeRobes,000D3DEA,College Robes,,https://elderscrolls.fandom.com/wiki/Console_Commands_(Skyrim)/Clothing,Clothing/apparel rows from Fandom clothing page.
Clothing,GreenRobes,0010CFF0,Green Robes,,https://elderscrolls.fandom.com/wiki/Console_Commands_(Skyrim)/Clothing,Clothing/apparel rows from Fandom clothing page.
Clothing,GreyRobes,0010CFF1,Grey Robes,,https://elderscrolls.fandom.com/wiki/Console_Commands_(Skyrim)/Clothing,Clothing/apparel rows from Fandom clothing page.
Clothing,GreybeardSRobe,00036A44,Greybeard's Robe,,https://elderscrolls.fandom.com/wiki/Console_Commands_(Skyrim)/Clothing,Clothing/apparel rows from Fandom clothing page.
Clothing,HoodedBlackRobes,00107108,Hooded Black Robes,,https://elderscrolls.fandom.com/wiki/Console_Commands_(Skyrim)/Clothing,Clothing/apparel rows from Fandom clothing page.
Clothing,HoodedMonkRobes,00107106,Hooded Monk Robes,,https://elderscrolls.fandom.com/wiki/Console_Commands_(Skyrim)/Clothing,Clothing/apparel rows from Fandom clothing page.
Clothing,MageRobes,0006B46B,Mage Robes,,https://elderscrolls.fandom.com/wiki/Console_Commands_(Skyrim)/Clothing,Clothing/apparel rows from Fandom clothing page.
Clothing,MothPriestRobes,XX0047D7,Moth Priest Robes,,https://elderscrolls.fandom.com/wiki/Console_Commands_(Skyrim)/Clothing,Clothing/apparel rows from Fandom clothing page.
Clothing,VaerminaRobes,000E739B,Vaermina Robes,,https://elderscrolls.fandom.com/wiki/Console_Commands_(Skyrim)/Clothing,Clothing/apparel rows from Fandom clothing page.
Clothing,RedHoodedRobes,0010CFEB,Red Hooded Robes,,https://elderscrolls.fandom.com/wiki/Console_Commands_(Skyrim)/Clothing,Clothing/apparel rows from Fandom clothing page.
Clothing,RedRobes,0010CFF2,Red Robes,,https://elderscrolls.fandom.com/wiki/Console_Commands_(Skyrim)/Clothing,Clothing/apparel rows from Fandom clothing page.
Clothing,SkaalVillagerSOutfit,XX01CDA9,Skaal Villager's Outfit,,https://elderscrolls.fandom.com/wiki/Console_Commands_(Skyrim)/Clothing,Clothing/apparel rows from Fandom clothing page.
Clothing,AlikRHood,0007BC1A,Alik'r Hood,,https://elderscrolls.fandom.com/wiki/Console_Commands_(Skyrim)/Clothing,Clothing/apparel rows from Fandom clothing page.
Clothing,ChefSHat,0001BCA7,Chef's Hat,,https://elderscrolls.fandom.com/wiki/Console_Commands_(Skyrim)/Clothing,Clothing/apparel rows from Fandom clothing page.
Clothing,Cowl,00017696,Cowl,,https://elderscrolls.fandom.com/wiki/Console_Commands_(Skyrim)/Clothing,Clothing/apparel rows from Fandom clothing page.
Clothing,FineHat,000CEE84,Fine Hat,,https://elderscrolls.fandom.com/wiki/Console_Commands_(Skyrim)/Clothing,Clothing/apparel rows from Fandom clothing page.
Clothing,Hat,000209AA,Hat,,https://elderscrolls.fandom.com/wiki/Console_Commands_(Skyrim)/Clothing,Clothing/apparel rows from Fandom clothing page.
Clothing,HatVariant1,000330B3,Hat Variant 1,,https://elderscrolls.fandom.com/wiki/Console_Commands_(Skyrim)/Clothing,Clothing/apparel rows from Fandom clothing page.
Clothing,HatVariant2,000330BC,Hat Variant 2,,https://elderscrolls.fandom.com/wiki/Console_Commands_(Skyrim)/Clothing,Clothing/apparel rows from Fandom clothing page.
Clothing,HatVariant3,0004223B,Hat Variant 3,,https://elderscrolls.fandom.com/wiki/Console_Commands_(Skyrim)/Clothing,Clothing/apparel rows from Fandom clothing page.
Clothing,MageHood,000D3DE8,Mage Hood,,https://elderscrolls.fandom.com/wiki/Console_Commands_(Skyrim)/Clothing,Clothing/apparel rows from Fandom clothing page.
Clothing,MageHoodVariant1,0010D6A6,Mage Hood Variant 1,,https://elderscrolls.fandom.com/wiki/Console_Commands_(Skyrim)/Clothing,Clothing/apparel rows from Fandom clothing page.
Clothing,MageHoodVariant2,0010D6A7,Mage Hood Variant 2,,https://elderscrolls.fandom.com/wiki/Console_Commands_(Skyrim)/Clothing,Clothing/apparel rows from Fandom clothing page.
Clothing,MothPriestBlindfold,XX0047DA,Moth Priest Blindfold,,https://elderscrolls.fandom.com/wiki/Console_Commands_(Skyrim)/Clothing,Clothing/apparel rows from Fandom clothing page.
Clothing,MournerSHat,000646AB,Mourner's Hat,,https://elderscrolls.fandom.com/wiki/Console_Commands_(Skyrim)/Clothing,Clothing/apparel rows from Fandom clothing page.
Clothing,PsiijicHood,00065B99,Psiijic Hood,,https://elderscrolls.fandom.com/wiki/Console_Commands_(Skyrim)/Clothing,Clothing/apparel rows from Fandom clothing page.
Clothing,RaggedCap,00013104,Ragged Cap,,https://elderscrolls.fandom.com/wiki/Console_Commands_(Skyrim)/Clothing,Clothing/apparel rows from Fandom clothing page.
Clothing,RedguardHood,000E0DD2,Redguard Hood,,https://elderscrolls.fandom.com/wiki/Console_Commands_(Skyrim)/Clothing,Clothing/apparel rows from Fandom clothing page.
Clothing,VampireHood,XX019ADE,Vampire Hood,,https://elderscrolls.fandom.com/wiki/Console_Commands_(Skyrim)/Clothing,Clothing/apparel rows from Fandom clothing page.
Clothing,Gloves,000261C1,Gloves,,https://elderscrolls.fandom.com/wiki/Console_Commands_(Skyrim)/Clothing,Clothing/apparel rows from Fandom clothing page.
Clothing,PrisonerSCuffs,0010E039,Prisoner's Cuffs,,https://elderscrolls.fandom.com/wiki/Console_Commands_(Skyrim)/Clothing,Clothing/apparel rows from Fandom clothing page.
Clothing,PsiijicGloves,00065B9D,Psiijic Gloves,,https://elderscrolls.fandom.com/wiki/Console_Commands_(Skyrim)/Clothing,Clothing/apparel rows from Fandom clothing page.
Clothing,ThalmorGloves,00065BB3,Thalmor Gloves,,https://elderscrolls.fandom.com/wiki/Console_Commands_(Skyrim)/Clothing,Clothing/apparel rows from Fandom clothing page.
Clothing,VampireGloves,XX019AE3,Vampire Gloves,,https://elderscrolls.fandom.com/wiki/Console_Commands_(Skyrim)/Clothing,Clothing/apparel rows from Fandom clothing page.
Clothing,EmperorSRobes,00015516,Emperor's Robes,,https://elderscrolls.fandom.com/wiki/Console_Commands_(Skyrim)/Clothing,Clothing/apparel rows from Fandom clothing page.
Clothing,PartyClothes,000E40DF,Party Clothes,,https://elderscrolls.fandom.com/wiki/Console_Commands_(Skyrim)/Clothing,Clothing/apparel rows from Fandom clothing page.
Clothing,RefinedTunic,000E84C6,Refined Tunic,,https://elderscrolls.fandom.com/wiki/Console_Commands_(Skyrim)/Clothing,Clothing/apparel rows from Fandom clothing page.
Clothing,SheogorathOutfit,000C7CBB,Sheogorath Outfit,,https://elderscrolls.fandom.com/wiki/Console_Commands_(Skyrim)/Clothing,Clothing/apparel rows from Fandom clothing page.
Clothing,TelvanniRobes,XX0376ED,Telvanni Robes,,https://elderscrolls.fandom.com/wiki/Console_Commands_(Skyrim)/Clothing,Clothing/apparel rows from Fandom clothing page.
Clothing,UlfricSClothes,00062303,Ulfric's Clothes,,https://elderscrolls.fandom.com/wiki/Console_Commands_(Skyrim)/Clothing,Clothing/apparel rows from Fandom clothing page.
Clothing,WeddingDress,00088956,Wedding Dress,,https://elderscrolls.fandom.com/wiki/Console_Commands_(Skyrim)/Clothing,Clothing/apparel rows from Fandom clothing page.
Clothing,ArchmageSRobes,0010F570,Archmage's Robes,,https://elderscrolls.fandom.com/wiki/Console_Commands_(Skyrim)/Clothing,Clothing/apparel rows from Fandom clothing page.
Clothing,MiraakSRobes,XX039E1E,Miraak's Robes,,https://elderscrolls.fandom.com/wiki/Console_Commands_(Skyrim)/Clothing,Clothing/apparel rows from Fandom clothing page.
Clothing,MiraakSRobesVariant1,XX039D20,Miraak's Robes Variant 1,,https://elderscrolls.fandom.com/wiki/Console_Commands_(Skyrim)/Clothing,Clothing/apparel rows from Fandom clothing page.
Clothing,MiraakSRobesVariant2,XX039D22,Miraak's Robes Variant 2,,https://elderscrolls.fandom.com/wiki/Console_Commands_(Skyrim)/Clothing,Clothing/apparel rows from Fandom clothing page.
Clothing,MythicDawnRobesHooded,000B144D,Mythic Dawn Robes Hooded,,https://elderscrolls.fandom.com/wiki/Console_Commands_(Skyrim)/Clothing,Clothing/apparel rows from Fandom clothing page.
Clothing,MythicDawnRobesUnhooded,00109C11,Mythic Dawn Robes Unhooded,,https://elderscrolls.fandom.com/wiki/Console_Commands_(Skyrim)/Clothing,Clothing/apparel rows from Fandom clothing page.
Clothing,NocturnalSClothes,00088952,Nocturnal's Clothes,,https://elderscrolls.fandom.com/wiki/Console_Commands_(Skyrim)/Clothing,Clothing/apparel rows from Fandom clothing page.
Clothing,TaronDrethSRobes,XX014C03,Taron Dreth's Robes,,https://elderscrolls.fandom.com/wiki/Console_Commands_(Skyrim)/Clothing,Clothing/apparel rows from Fandom clothing page.
Clothing,TemplePriestRobes,XX01CDAB,Temple Priest Robes,,https://elderscrolls.fandom.com/wiki/Console_Commands_(Skyrim)/Clothing,Clothing/apparel rows from Fandom clothing page.
Clothing,TemplePriestHood,XX03B04E,Temple Priest Hood,,https://elderscrolls.fandom.com/wiki/Console_Commands_(Skyrim)/Clothing,Clothing/apparel rows from Fandom clothing page.
Clothing,WeddingWreath,0008895A,Wedding Wreath,,https://elderscrolls.fandom.com/wiki/Console_Commands_(Skyrim)/Clothing,Clothing/apparel rows from Fandom clothing page.
Clothing,ArmBandages,0004F006,Arm Bandages,,https://elderscrolls.fandom.com/wiki/Console_Commands_(Skyrim)/Clothing,Clothing/apparel rows from Fandom clothing page.
Clothing,MysticTuningGloves,00026C3B,Mystic Tuning Gloves,,https://elderscrolls.fandom.com/wiki/Console_Commands_(Skyrim)/Clothing,Clothing/apparel rows from Fandom clothing page.
Clothing,MythicDawnGloves,000B145B,Mythic Dawn Gloves,,https://elderscrolls.fandom.com/wiki/Console_Commands_(Skyrim)/Clothing,Clothing/apparel rows from Fandom clothing page.
Clothing,UlfricSBracers,0006230B,Ulfric's Bracers,,https://elderscrolls.fandom.com/wiki/Console_Commands_(Skyrim)/Clothing,Clothing/apparel rows from Fandom clothing page.
Clothing,MythicDawnBoots,000B1460,Mythic Dawn Boots,,https://elderscrolls.fandom.com/wiki/Console_Commands_(Skyrim)/Clothing,Clothing/apparel rows from Fandom clothing page.
Clothing,PartyBoots,000E40DE,Party Boots,,https://elderscrolls.fandom.com/wiki/Console_Commands_(Skyrim)/Clothing,Clothing/apparel rows from Fandom clothing page.
Clothing,TemplePriestBoots,XX03B04B,Temple Priest Boots,,https://elderscrolls.fandom.com/wiki/Console_Commands_(Skyrim)/Clothing,Clothing/apparel rows from Fandom clothing page.
Clothing,UlfricSBoots,00062311,Ulfric's Boots,,https://elderscrolls.fandom.com/wiki/Console_Commands_(Skyrim)/Clothing,Clothing/apparel rows from Fandom clothing page.
Clothing,WeddingSandals,00088958,Wedding Sandals,,https://elderscrolls.fandom.com/wiki/Console_Commands_(Skyrim)/Clothing,Clothing/apparel rows from Fandom clothing page.
Enchantments,AnimalDamage,00101BDC,Animal Damage,,https://elderscrolls.fandom.com/wiki/Console_Commands_(Skyrim)/Enchantments,Enchantment effect rows from Fandom enchantments page; Fandom warns these are effect/enchantment IDs and not all are guaranteed to work.
Enchantments,BanishDamageHealth,000173DC,Banish - Damage Health,,https://elderscrolls.fandom.com/wiki/Console_Commands_(Skyrim)/Enchantments,Enchantment effect rows from Fandom enchantments page; Fandom warns these are effect/enchantment IDs and not all are guaranteed to work.
Enchantments,ChaurusPoison,0006F6FC,Chaurus Poison,,https://elderscrolls.fandom.com/wiki/Console_Commands_(Skyrim)/Enchantments,Enchantment effect rows from Fandom enchantments page; Fandom warns these are effect/enchantment IDs and not all are guaranteed to work.
Enchantments,DamageHealthBleeding,0010582C,Damage Health Bleeding,,https://elderscrolls.fandom.com/wiki/Console_Commands_(Skyrim)/Enchantments,Enchantment effect rows from Fandom enchantments page; Fandom warns these are effect/enchantment IDs and not all are guaranteed to work.
Enchantments,DrainHealth,00091F7A,Drain Health,,https://elderscrolls.fandom.com/wiki/Console_Commands_(Skyrim)/Enchantments,Enchantment effect rows from Fandom enchantments page; Fandom warns these are effect/enchantment IDs and not all are guaranteed to work.
Enchantments,DrainMagicka,00091F7E,Drain Magicka,,https://elderscrolls.fandom.com/wiki/Console_Commands_(Skyrim)/Enchantments,Enchantment effect rows from Fandom enchantments page; Fandom warns these are effect/enchantment IDs and not all are guaranteed to work.
Enchantments,DrainStamina,00091F7D,Drain Stamina,,https://elderscrolls.fandom.com/wiki/Console_Commands_(Skyrim)/Enchantments,Enchantment effect rows from Fandom enchantments page; Fandom warns these are effect/enchantment IDs and not all are guaranteed to work.
Enchantments,DragonDamage,000FF9F7,Dragon Damage,,https://elderscrolls.fandom.com/wiki/Console_Commands_(Skyrim)/Enchantments,Enchantment effect rows from Fandom enchantments page; Fandom warns these are effect/enchantment IDs and not all are guaranteed to work.
Enchantments,DragonDamageIi,000F1AC2,Dragon Damage II,,https://elderscrolls.fandom.com/wiki/Console_Commands_(Skyrim)/Enchantments,Enchantment effect rows from Fandom enchantments page; Fandom warns these are effect/enchantment IDs and not all are guaranteed to work.
Enchantments,EbonyBladeAbsorbHealth,0010FAF1,Ebony Blade Absorb Health,,https://elderscrolls.fandom.com/wiki/Console_Commands_(Skyrim)/Enchantments,Enchantment effect rows from Fandom enchantments page; Fandom warns these are effect/enchantment IDs and not all are guaranteed to work.
Enchantments,ElfSlayer,000F23F9,Elf Slayer,,https://elderscrolls.fandom.com/wiki/Console_Commands_(Skyrim)/Enchantments,Enchantment effect rows from Fandom enchantments page; Fandom warns these are effect/enchantment IDs and not all are guaranteed to work.
Enchantments,ExtraDamageNord,0010582E,Extra Damage Nord,,https://elderscrolls.fandom.com/wiki/Console_Commands_(Skyrim)/Enchantments,Enchantment effect rows from Fandom enchantments page; Fandom warns these are effect/enchantment IDs and not all are guaranteed to work.
Enchantments,FalmerPoison,00109D7C,Falmer Poison,,https://elderscrolls.fandom.com/wiki/Console_Commands_(Skyrim)/Enchantments,Enchantment effect rows from Fandom enchantments page; Fandom warns these are effect/enchantment IDs and not all are guaranteed to work.
Enchantments,FearLow,0005B451,Fear Low,,https://elderscrolls.fandom.com/wiki/Console_Commands_(Skyrim)/Enchantments,Enchantment effect rows from Fandom enchantments page; Fandom warns these are effect/enchantment IDs and not all are guaranteed to work.
Enchantments,FearMedium,000BEE93,Fear Medium,,https://elderscrolls.fandom.com/wiki/Console_Commands_(Skyrim)/Enchantments,Enchantment effect rows from Fandom enchantments page; Fandom warns these are effect/enchantment IDs and not all are guaranteed to work.
Enchantments,FearHigh,000BEE94,Fear High,,https://elderscrolls.fandom.com/wiki/Console_Commands_(Skyrim)/Enchantments,Enchantment effect rows from Fandom enchantments page; Fandom warns these are effect/enchantment IDs and not all are guaranteed to work.
Enchantments,FireDamageHigh,00050CF6,Fire Damage High,,https://elderscrolls.fandom.com/wiki/Console_Commands_(Skyrim)/Enchantments,Enchantment effect rows from Fandom enchantments page; Fandom warns these are effect/enchantment IDs and not all are guaranteed to work.
Enchantments,FireDamageUndeadExplosion,000FEFBC,Fire Damage + Undead Explosion,,https://elderscrolls.fandom.com/wiki/Console_Commands_(Skyrim)/Enchantments,Enchantment effect rows from Fandom enchantments page; Fandom warns these are effect/enchantment IDs and not all are guaranteed to work.
Enchantments,FireHazardHigh,0002ACD4,Fire Hazard High,,https://elderscrolls.fandom.com/wiki/Console_Commands_(Skyrim)/Enchantments,Enchantment effect rows from Fandom enchantments page; Fandom warns these are effect/enchantment IDs and not all are guaranteed to work.
Enchantments,FrostDamageHigh,00078C11,Frost Damage High,,https://elderscrolls.fandom.com/wiki/Console_Commands_(Skyrim)/Enchantments,Enchantment effect rows from Fandom enchantments page; Fandom warns these are effect/enchantment IDs and not all are guaranteed to work.
Enchantments,FrostDamageIi,00106617,Frost Damage II,,https://elderscrolls.fandom.com/wiki/Console_Commands_(Skyrim)/Enchantments,Enchantment effect rows from Fandom enchantments page; Fandom warns these are effect/enchantment IDs and not all are guaranteed to work.
Enchantments,HagSEndDrainHealth,000FB409,Hag's End Drain Health,,https://elderscrolls.fandom.com/wiki/Console_Commands_(Skyrim)/Enchantments,Enchantment effect rows from Fandom enchantments page; Fandom warns these are effect/enchantment IDs and not all are guaranteed to work.
Enchantments,HagSEndSoulTrap,000FB407,Hag's End Soul Trap,,https://elderscrolls.fandom.com/wiki/Console_Commands_(Skyrim)/Enchantments,Enchantment effect rows from Fandom enchantments page; Fandom warns these are effect/enchantment IDs and not all are guaranteed to work.
Enchantments,HuntsmanSProwess,00105831,Huntsman’s Prowess,,https://elderscrolls.fandom.com/wiki/Console_Commands_(Skyrim)/Enchantments,Enchantment effect rows from Fandom enchantments page; Fandom warns these are effect/enchantment IDs and not all are guaranteed to work.
Enchantments,IceHazardHigh,0003E07B,Ice Hazard High,,https://elderscrolls.fandom.com/wiki/Console_Commands_(Skyrim)/Enchantments,Enchantment effect rows from Fandom enchantments page; Fandom warns these are effect/enchantment IDs and not all are guaranteed to work.
Enchantments,IceWraithBite,000A26F5,Ice Wraith Bite,,https://elderscrolls.fandom.com/wiki/Console_Commands_(Skyrim)/Enchantments,Enchantment effect rows from Fandom enchantments page; Fandom warns these are effect/enchantment IDs and not all are guaranteed to work.
Enchantments,IgnoreArmorDamage,00105834,Ignore Armor Damage,,https://elderscrolls.fandom.com/wiki/Console_Commands_(Skyrim)/Enchantments,Enchantment effect rows from Fandom enchantments page; Fandom warns these are effect/enchantment IDs and not all are guaranteed to work.
Enchantments,InstantKill,00091AE5,Instant Kill,,https://elderscrolls.fandom.com/wiki/Console_Commands_(Skyrim)/Enchantments,Enchantment effect rows from Fandom enchantments page; Fandom warns these are effect/enchantment IDs and not all are guaranteed to work.
Enchantments,MagickaDamage,0005B44F,Magicka Damage,,https://elderscrolls.fandom.com/wiki/Console_Commands_(Skyrim)/Enchantments,Enchantment effect rows from Fandom enchantments page; Fandom warns these are effect/enchantment IDs and not all are guaranteed to work.
Enchantments,MoonlightDamage,0003B0B1,Moonlight Damage,,https://elderscrolls.fandom.com/wiki/Console_Commands_(Skyrim)/Enchantments,Enchantment effect rows from Fandom enchantments page; Fandom warns these are effect/enchantment IDs and not all are guaranteed to work.
Enchantments,NotchedPickaxe,001019AF,Notched Pickaxe,,https://elderscrolls.fandom.com/wiki/Console_Commands_(Skyrim)/Enchantments,Enchantment effect rows from Fandom enchantments page; Fandom warns these are effect/enchantment IDs and not all are guaranteed to work.
Enchantments,NotchedPickaxeIi,001019D6,Notched Pickaxe II,,https://elderscrolls.fandom.com/wiki/Console_Commands_(Skyrim)/Enchantments,Enchantment effect rows from Fandom enchantments page; Fandom warns these are effect/enchantment IDs and not all are guaranteed to work.
Enchantments,Paralysis,000ACBB6,Paralysis,,https://elderscrolls.fandom.com/wiki/Console_Commands_(Skyrim)/Enchantments,Enchantment effect rows from Fandom enchantments page; Fandom warns these are effect/enchantment IDs and not all are guaranteed to work.
Enchantments,ParalyzeChillrend,00106616,Paralyze Chillrend,,https://elderscrolls.fandom.com/wiki/Console_Commands_(Skyrim)/Enchantments,Enchantment effect rows from Fandom enchantments page; Fandom warns these are effect/enchantment IDs and not all are guaranteed to work.
Enchantments,ParalyzeIi,0006F702,Paralyze II,,https://elderscrolls.fandom.com/wiki/Console_Commands_(Skyrim)/Enchantments,Enchantment effect rows from Fandom enchantments page; Fandom warns these are effect/enchantment IDs and not all are guaranteed to work.
Enchantments,ParalyzeIii,0009AA3F,Paralyze III,,https://elderscrolls.fandom.com/wiki/Console_Commands_(Skyrim)/Enchantments,Enchantment effect rows from Fandom enchantments page; Fandom warns these are effect/enchantment IDs and not all are guaranteed to work.
Enchantments,RedEagleFireDamage,000FB405,Red Eagle Fire Damage,,https://elderscrolls.fandom.com/wiki/Console_Commands_(Skyrim)/Enchantments,Enchantment effect rows from Fandom enchantments page; Fandom warns these are effect/enchantment IDs and not all are guaranteed to work.
Enchantments,RedEagleTurnUndead,000FB408,Red Eagle Turn Undead,,https://elderscrolls.fandom.com/wiki/Console_Commands_(Skyrim)/Enchantments,Enchantment effect rows from Fandom enchantments page; Fandom warns these are effect/enchantment IDs and not all are guaranteed to work.
Enchantments,RestoreHealth,0010CB93,Restore Health,,https://elderscrolls.fandom.com/wiki/Console_Commands_(Skyrim)/Enchantments,Enchantment effect rows from Fandom enchantments page; Fandom warns these are effect/enchantment IDs and not all are guaranteed to work.
Enchantments,ShockDamageHigh,00050CF9,Shock Damage High,,https://elderscrolls.fandom.com/wiki/Console_Commands_(Skyrim)/Enchantments,Enchantment effect rows from Fandom enchantments page; Fandom warns these are effect/enchantment IDs and not all are guaranteed to work.
Enchantments,ShockHazardHigh,00045D5A,Shock Hazard High,,https://elderscrolls.fandom.com/wiki/Console_Commands_(Skyrim)/Enchantments,Enchantment effect rows from Fandom enchantments page; Fandom warns these are effect/enchantment IDs and not all are guaranteed to work.
Enchantments,DragonBreath,000549B4,Dragon Breath,,https://elderscrolls.fandom.com/wiki/Console_Commands_(Skyrim)/Enchantments,Enchantment effect rows from Fandom enchantments page; Fandom warns these are effect/enchantment IDs and not all are guaranteed to work.
Enchantments,Silvered,0010B116,Silvered,,https://elderscrolls.fandom.com/wiki/Console_Commands_(Skyrim)/Enchantments,Enchantment effect rows from Fandom enchantments page; Fandom warns these are effect/enchantment IDs and not all are guaranteed to work.
Enchantments,SpiderBite,00053473,Spider Bite,,https://elderscrolls.fandom.com/wiki/Console_Commands_(Skyrim)/Enchantments,Enchantment effect rows from Fandom enchantments page; Fandom warns these are effect/enchantment IDs and not all are guaranteed to work.
Enchantments,SprigganPoisonDamage,000F23D3,Spriggan Poison Damage,,https://elderscrolls.fandom.com/wiki/Console_Commands_(Skyrim)/Enchantments,Enchantment effect rows from Fandom enchantments page; Fandom warns these are effect/enchantment IDs and not all are guaranteed to work.
Enchantments,StaminaDamage,0005B450,Stamina Damage,,https://elderscrolls.fandom.com/wiki/Console_Commands_(Skyrim)/Enchantments,Enchantment effect rows from Fandom enchantments page; Fandom warns these are effect/enchantment IDs and not all are guaranteed to work.
Enchantments,TrollsbaneFireDamage,000F5D15,Trollsbane Fire Damage,,https://elderscrolls.fandom.com/wiki/Console_Commands_(Skyrim)/Enchantments,Enchantment effect rows from Fandom enchantments page; Fandom warns these are effect/enchantment IDs and not all are guaranteed to work.
Enchantments,UnrelentingForceStrong,00016D46,Unrelenting Force Strong,,https://elderscrolls.fandom.com/wiki/Console_Commands_(Skyrim)/Enchantments,Enchantment effect rows from Fandom enchantments page; Fandom warns these are effect/enchantment IDs and not all are guaranteed to work.
Enchantments,VenomfangPoison,0010FC23,Venomfang Poison,,https://elderscrolls.fandom.com/wiki/Console_Commands_(Skyrim)/Enchantments,Enchantment effect rows from Fandom enchantments page; Fandom warns these are effect/enchantment IDs and not all are guaranteed to work.
Enchantments,WindshearBashEffect,00105A01,Windshear Bash Effect,,https://elderscrolls.fandom.com/wiki/Console_Commands_(Skyrim)/Enchantments,Enchantment effect rows from Fandom enchantments page; Fandom warns these are effect/enchantment IDs and not all are guaranteed to work.
Enchantments,Transmogrify,001092A0,Transmogrify,,https://elderscrolls.fandom.com/wiki/Console_Commands_(Skyrim)/Enchantments,Enchantment effect rows from Fandom enchantments page; Fandom warns these are effect/enchantment IDs and not all are guaranteed to work.
Enchantments,StaffEnchantmentFrenzy,0010FDD4,Staff Enchantment - Frenzy,,https://elderscrolls.fandom.com/wiki/Console_Commands_(Skyrim)/Enchantments,Enchantment effect rows from Fandom enchantments page; Fandom warns these are effect/enchantment IDs and not all are guaranteed to work.
Enchantments,StaffEnchantmentFrostbite,0010FDD3,Staff Enchantment - Frostbite,,https://elderscrolls.fandom.com/wiki/Console_Commands_(Skyrim)/Enchantments,Enchantment effect rows from Fandom enchantments page; Fandom warns these are effect/enchantment IDs and not all are guaranteed to work.
Enchantments,StaffEnchantmentSparks,0010FDD2,Staff Enchantment - Sparks,,https://elderscrolls.fandom.com/wiki/Console_Commands_(Skyrim)/Enchantments,Enchantment effect rows from Fandom enchantments page; Fandom warns these are effect/enchantment IDs and not all are guaranteed to work.
Enchantments,StaffEnchantmentFlames,0010FDD1,Staff Enchantment - Flames,,https://elderscrolls.fandom.com/wiki/Console_Commands_(Skyrim)/Enchantments,Enchantment effect rows from Fandom enchantments page; Fandom warns these are effect/enchantment IDs and not all are guaranteed to work.
Enchantments,StaffEnchantmentIncinerate,0010F7F1,Staff Enchantment - Incinerate,,https://elderscrolls.fandom.com/wiki/Console_Commands_(Skyrim)/Enchantments,Enchantment effect rows from Fandom enchantments page; Fandom warns these are effect/enchantment IDs and not all are guaranteed to work.
Enchantments,StaffEnchantmentIcySpear,0010F7F0,Staff Enchantment - Icy Spear,,https://elderscrolls.fandom.com/wiki/Console_Commands_(Skyrim)/Enchantments,Enchantment effect rows from Fandom enchantments page; Fandom warns these are effect/enchantment IDs and not all are guaranteed to work.
Enchantments,StaffEnchantmentThunderbolt,0010F7EF,Staff Enchantment - Thunderbolt,,https://elderscrolls.fandom.com/wiki/Console_Commands_(Skyrim)/Enchantments,Enchantment effect rows from Fandom enchantments page; Fandom warns these are effect/enchantment IDs and not all are guaranteed to work.
Enchantments,StaffEnchantmentConjureStormAtronach,0010EE49,Staff Enchantment - Conjure Storm Atronach,,https://elderscrolls.fandom.com/wiki/Console_Commands_(Skyrim)/Enchantments,Enchantment effect rows from Fandom enchantments page; Fandom warns these are effect/enchantment IDs and not all are guaranteed to work.
Enchantments,StaffEnchantmentConjureFrostAtronach,0010EE48,Staff Enchantment - Conjure Frost Atronach,,https://elderscrolls.fandom.com/wiki/Console_Commands_(Skyrim)/Enchantments,Enchantment effect rows from Fandom enchantments page; Fandom warns these are effect/enchantment IDs and not all are guaranteed to work.
Enchantments,Backstab,000FF15C,Backstab,,https://elderscrolls.fandom.com/wiki/Console_Commands_(Skyrim)/Enchantments,Enchantment effect rows from Fandom enchantments page; Fandom warns these are effect/enchantment IDs and not all are guaranteed to work.
Enchantments,FlameCloak,0010FC13,Flame Cloak,,https://elderscrolls.fandom.com/wiki/Console_Commands_(Skyrim)/Enchantments,Enchantment effect rows from Fandom enchantments page; Fandom warns these are effect/enchantment IDs and not all are guaranteed to work.
Enchantments,FortifyArmorRating,00017120,Fortify Armor Rating,,https://elderscrolls.fandom.com/wiki/Console_Commands_(Skyrim)/Enchantments,Enchantment effect rows from Fandom enchantments page; Fandom warns these are effect/enchantment IDs and not all are guaranteed to work.
Enchantments,FortifyBarter,0007A104,Fortify Barter,,https://elderscrolls.fandom.com/wiki/Console_Commands_(Skyrim)/Enchantments,Enchantment effect rows from Fandom enchantments page; Fandom warns these are effect/enchantment IDs and not all are guaranteed to work.
Enchantments,FortifyConjuration,0010962F,Fortify Conjuration,,https://elderscrolls.fandom.com/wiki/Console_Commands_(Skyrim)/Enchantments,Enchantment effect rows from Fandom enchantments page; Fandom warns these are effect/enchantment IDs and not all are guaranteed to work.
Enchantments,FortifyHealth,0010F814,Fortify Health,,https://elderscrolls.fandom.com/wiki/Console_Commands_(Skyrim)/Enchantments,Enchantment effect rows from Fandom enchantments page; Fandom warns these are effect/enchantment IDs and not all are guaranteed to work.
Enchantments,FortifyLockpicking,0007A0FC,Fortify Lockpicking,,https://elderscrolls.fandom.com/wiki/Console_Commands_(Skyrim)/Enchantments,Enchantment effect rows from Fandom enchantments page; Fandom warns these are effect/enchantment IDs and not all are guaranteed to work.
Enchantments,FortifyMagickaAlchemy,0003EAF8,Fortify Magicka Alchemy,,https://elderscrolls.fandom.com/wiki/Console_Commands_(Skyrim)/Enchantments,Enchantment effect rows from Fandom enchantments page; Fandom warns these are effect/enchantment IDs and not all are guaranteed to work.
Enchantments,FortifyMagicka,00049504,Fortify Magicka,,https://elderscrolls.fandom.com/wiki/Console_Commands_(Skyrim)/Enchantments,Enchantment effect rows from Fandom enchantments page; Fandom warns these are effect/enchantment IDs and not all are guaranteed to work.
Enchantments,FortifyRestorationAlchemy,0003EB28,Fortify Restoration Alchemy,,https://elderscrolls.fandom.com/wiki/Console_Commands_(Skyrim)/Enchantments,Enchantment effect rows from Fandom enchantments page; Fandom warns these are effect/enchantment IDs and not all are guaranteed to work.
Enchantments,FortifySneak,0007A103,Fortify Sneak,,https://elderscrolls.fandom.com/wiki/Console_Commands_(Skyrim)/Enchantments,Enchantment effect rows from Fandom enchantments page; Fandom warns these are effect/enchantment IDs and not all are guaranteed to work.
Enchantments,FortifyRestoration,00109634,Fortify Restoration,,https://elderscrolls.fandom.com/wiki/Console_Commands_(Skyrim)/Enchantments,Enchantment effect rows from Fandom enchantments page; Fandom warns these are effect/enchantment IDs and not all are guaranteed to work.
Enchantments,HealthRegeneration,000946F3,Health Regeneration,,https://elderscrolls.fandom.com/wiki/Console_Commands_(Skyrim)/Enchantments,Enchantment effect rows from Fandom enchantments page; Fandom warns these are effect/enchantment IDs and not all are guaranteed to work.
Enchantments,KonahrikSPrivilege,0010FC14,Konahrik's Privilege,,https://elderscrolls.fandom.com/wiki/Console_Commands_(Skyrim)/Enchantments,Enchantment effect rows from Fandom enchantments page; Fandom warns these are effect/enchantment IDs and not all are guaranteed to work.
Enchantments,Muffle,00092A57,Muffle,,https://elderscrolls.fandom.com/wiki/Console_Commands_(Skyrim)/Enchantments,Enchantment effect rows from Fandom enchantments page; Fandom warns these are effect/enchantment IDs and not all are guaranteed to work.
Enchantments,RegenerateHealth,0010F812,Regenerate Health,,https://elderscrolls.fandom.com/wiki/Console_Commands_(Skyrim)/Enchantments,Enchantment effect rows from Fandom enchantments page; Fandom warns these are effect/enchantment IDs and not all are guaranteed to work.
Enchantments,RegenerateMagicka,00109630,Regenerate Magicka,,https://elderscrolls.fandom.com/wiki/Console_Commands_(Skyrim)/Enchantments,Enchantment effect rows from Fandom enchantments page; Fandom warns these are effect/enchantment IDs and not all are guaranteed to work.
Enchantments,RegenerateStaminaAlchemy,0003EB08,Regenerate Stamina Alchemy,,https://elderscrolls.fandom.com/wiki/Console_Commands_(Skyrim)/Enchantments,Enchantment effect rows from Fandom enchantments page; Fandom warns these are effect/enchantment IDs and not all are guaranteed to work.
Enchantments,RegenerateStamina,0007A105,Regenerate Stamina,,https://elderscrolls.fandom.com/wiki/Console_Commands_(Skyrim)/Enchantments,Enchantment effect rows from Fandom enchantments page; Fandom warns these are effect/enchantment IDs and not all are guaranteed to work.
Enchantments,ResistPoison,000FF15E,Resist Poison,,https://elderscrolls.fandom.com/wiki/Console_Commands_(Skyrim)/Enchantments,Enchantment effect rows from Fandom enchantments page; Fandom warns these are effect/enchantment IDs and not all are guaranteed to work.
Enchantments,ShadowcloakOfNocturnal,00017121,Shadowcloak of Nocturnal,,https://elderscrolls.fandom.com/wiki/Console_Commands_(Skyrim)/Enchantments,Enchantment effect rows from Fandom enchantments page; Fandom warns these are effect/enchantment IDs and not all are guaranteed to work.
Enchantments,ShieldChargeDamageStamina,00017331,Shield Charge Damage Stamina,,https://elderscrolls.fandom.com/wiki/Console_Commands_(Skyrim)/Enchantments,Enchantment effect rows from Fandom enchantments page; Fandom warns these are effect/enchantment IDs and not all are guaranteed to work.
Enchantments,DamageStaminaRegeneration,0001729D,Damage Stamina Regeneration,,https://elderscrolls.fandom.com/wiki/Console_Commands_(Skyrim)/Enchantments,Enchantment effect rows from Fandom enchantments page; Fandom warns these are effect/enchantment IDs and not all are guaranteed to work.
Enchantments,DamageHealthRegeneration,0001729B,Damage Health Regeneration,,https://elderscrolls.fandom.com/wiki/Console_Commands_(Skyrim)/Enchantments,Enchantment effect rows from Fandom enchantments page; Fandom warns these are effect/enchantment IDs and not all are guaranteed to work.
Enchantments,VoiceDragonrendBlankHostile,00017192,Voice Dragonrend Blank Hostile,,https://elderscrolls.fandom.com/wiki/Console_Commands_(Skyrim)/Enchantments,Enchantment effect rows from Fandom enchantments page; Fandom warns these are effect/enchantment IDs and not all are guaranteed to work.
Enchantments,AncientKnowledgeNoDisplay,0010FDD7,Ancient Knowledge No Display,,https://elderscrolls.fandom.com/wiki/Console_Commands_(Skyrim)/Enchantments,Enchantment effect rows from Fandom enchantments page; Fandom warns these are effect/enchantment IDs and not all are guaranteed to work.
Enchantments,ConjureDragonPriest,0010FC12,Conjure Dragon Priest,,https://elderscrolls.fandom.com/wiki/Console_Commands_(Skyrim)/Enchantments,Enchantment effect rows from Fandom enchantments page; Fandom warns these are effect/enchantment IDs and not all are guaranteed to work.
Enchantments,SinderionSSerendipity,0010F84C,Sinderion's Serendipity,,https://elderscrolls.fandom.com/wiki/Console_Commands_(Skyrim)/Enchantments,Enchantment effect rows from Fandom enchantments page; Fandom warns these are effect/enchantment IDs and not all are guaranteed to work.
Enchantments,SummonDremora,0010E38E,Summon Dremora,,https://elderscrolls.fandom.com/wiki/Console_Commands_(Skyrim)/Enchantments,Enchantment effect rows from Fandom enchantments page; Fandom warns these are effect/enchantment IDs and not all are guaranteed to work.
Enchantments,ConjureDremoraLord,0010DDED,Conjure Dremora Lord,,https://elderscrolls.fandom.com/wiki/Console_Commands_(Skyrim)/Enchantments,Enchantment effect rows from Fandom enchantments page; Fandom warns these are effect/enchantment IDs and not all are guaranteed to work.
Enchantments,FeedBlood,0010F99E,Feed Blood,,https://elderscrolls.fandom.com/wiki/Console_Commands_(Skyrim)/Enchantments,Enchantment effect rows from Fandom enchantments page; Fandom warns these are effect/enchantment IDs and not all are guaranteed to work.
Enchantments,AbsorbMagickaDraugrBow,0010F221,Absorb Magicka Draugr Bow,,https://elderscrolls.fandom.com/wiki/Console_Commands_(Skyrim)/Enchantments,Enchantment effect rows from Fandom enchantments page; Fandom warns these are effect/enchantment IDs and not all are guaranteed to work.
Enchantments,AbsorbHealthDraugrAxe,0010F220,Absorb Health Draugr Axe,,https://elderscrolls.fandom.com/wiki/Console_Commands_(Skyrim)/Enchantments,Enchantment effect rows from Fandom enchantments page; Fandom warns these are effect/enchantment IDs and not all are guaranteed to work.
Enchantments,AbsorbStaminaDraugrSword,0010F21F,Absorb Stamina Draugr Sword,,https://elderscrolls.fandom.com/wiki/Console_Commands_(Skyrim)/Enchantments,Enchantment effect rows from Fandom enchantments page; Fandom warns these are effect/enchantment IDs and not all are guaranteed to work.
Enchantments,AncientKnowledge,0010EB61,Ancient Knowledge,,https://elderscrolls.fandom.com/wiki/Console_Commands_(Skyrim)/Enchantments,Enchantment effect rows from Fandom enchantments page; Fandom warns these are effect/enchantment IDs and not all are guaranteed to work.
Enchantments,ImperialLuck,0010EAD0,Imperial Luck,,https://elderscrolls.fandom.com/wiki/Console_Commands_(Skyrim)/Enchantments,Enchantment effect rows from Fandom enchantments page; Fandom warns these are effect/enchantment IDs and not all are guaranteed to work.
Enchantments,FortifyDestruction,0010E80D,Fortify Destruction,,https://elderscrolls.fandom.com/wiki/Console_Commands_(Skyrim)/Enchantments,Enchantment effect rows from Fandom enchantments page; Fandom warns these are effect/enchantment IDs and not all are guaranteed to work.
Enchantments,FortifyIllusion,0010E80E,Fortify Illusion,,https://elderscrolls.fandom.com/wiki/Console_Commands_(Skyrim)/Enchantments,Enchantment effect rows from Fandom enchantments page; Fandom warns these are effect/enchantment IDs and not all are guaranteed to work.
Enchantments,FortifyAlteration,0010E809,Fortify Alteration,,https://elderscrolls.fandom.com/wiki/Console_Commands_(Skyrim)/Enchantments,Enchantment effect rows from Fandom enchantments page; Fandom warns these are effect/enchantment IDs and not all are guaranteed to work.
Enchantments,ResistShock,0010E4FC,Resist Shock,,https://elderscrolls.fandom.com/wiki/Console_Commands_(Skyrim)/Enchantments,Enchantment effect rows from Fandom enchantments page; Fandom warns these are effect/enchantment IDs and not all are guaranteed to work.
Enchantments,ResistFrost,0010E4FB,Resist Frost,,https://elderscrolls.fandom.com/wiki/Console_Commands_(Skyrim)/Enchantments,Enchantment effect rows from Fandom enchantments page; Fandom warns these are effect/enchantment IDs and not all are guaranteed to work.
Enchantments,ResistFire,0010E4FA,Resist Fire,,https://elderscrolls.fandom.com/wiki/Console_Commands_(Skyrim)/Enchantments,Enchantment effect rows from Fandom enchantments page; Fandom warns these are effect/enchantment IDs and not all are guaranteed to work.
Enchantments,KyneSPeace1,0010E4F6,Kyne's Peace 1,,https://elderscrolls.fandom.com/wiki/Console_Commands_(Skyrim)/Enchantments,Enchantment effect rows from Fandom enchantments page; Fandom warns these are effect/enchantment IDs and not all are guaranteed to work.
Enchantments,KyneSPeace2,0010E4F7,Kyne's Peace 2,,https://elderscrolls.fandom.com/wiki/Console_Commands_(Skyrim)/Enchantments,Enchantment effect rows from Fandom enchantments page; Fandom warns these are effect/enchantment IDs and not all are guaranteed to work.
Enchantments,KyneSPeace3,0010E4F8,Kyne's Peace 3,,https://elderscrolls.fandom.com/wiki/Console_Commands_(Skyrim)/Enchantments,Enchantment effect rows from Fandom enchantments page; Fandom warns these are effect/enchantment IDs and not all are guaranteed to work.
Enchantments,DetectLifeEnemyInterior,001019D9,Detect Life Enemy Interior,,https://elderscrolls.fandom.com/wiki/Console_Commands_(Skyrim)/Enchantments,Enchantment effect rows from Fandom enchantments page; Fandom warns these are effect/enchantment IDs and not all are guaranteed to work.
Enchantments,DetectLifeEnemyExterior,001019D8,Detect Life Enemy Exterior,,https://elderscrolls.fandom.com/wiki/Console_Commands_(Skyrim)/Enchantments,Enchantment effect rows from Fandom enchantments page; Fandom warns these are effect/enchantment IDs and not all are guaranteed to work.
Enchantments,DetectLifeFriendInterior,001019DB,Detect Life Friend Interior,,https://elderscrolls.fandom.com/wiki/Console_Commands_(Skyrim)/Enchantments,Enchantment effect rows from Fandom enchantments page; Fandom warns these are effect/enchantment IDs and not all are guaranteed to work.
Enchantments,DetectLifeFriendExterior,001019DA,Detect Life Friend Exterior,,https://elderscrolls.fandom.com/wiki/Console_Commands_(Skyrim)/Enchantments,Enchantment effect rows from Fandom enchantments page; Fandom warns these are effect/enchantment IDs and not all are guaranteed to work.
Enchantments,FireballTrap,00101929,Fireball Trap,,https://elderscrolls.fandom.com/wiki/Console_Commands_(Skyrim)/Enchantments,Enchantment effect rows from Fandom enchantments page; Fandom warns these are effect/enchantment IDs and not all are guaranteed to work.
Enchantments,FlamesTrap,00101928,Flames Trap,,https://elderscrolls.fandom.com/wiki/Console_Commands_(Skyrim)/Enchantments,Enchantment effect rows from Fandom enchantments page; Fandom warns these are effect/enchantment IDs and not all are guaranteed to work.
Enchantments,ChainLightningTrap,0010192B,Chain Lightning Trap,,https://elderscrolls.fandom.com/wiki/Console_Commands_(Skyrim)/Enchantments,Enchantment effect rows from Fandom enchantments page; Fandom warns these are effect/enchantment IDs and not all are guaranteed to work.
Enchantments,LightningBoltTrap,0010192C,Lightning Bolt Trap,,https://elderscrolls.fandom.com/wiki/Console_Commands_(Skyrim)/Enchantments,Enchantment effect rows from Fandom enchantments page; Fandom warns these are effect/enchantment IDs and not all are guaranteed to work.
Enchantments,IceStormTrap,0010192E,Ice Storm Trap,,https://elderscrolls.fandom.com/wiki/Console_Commands_(Skyrim)/Enchantments,Enchantment effect rows from Fandom enchantments page; Fandom warns these are effect/enchantment IDs and not all are guaranteed to work.
Enchantments,IceSpikeTrap,0010192F,Ice Spike Trap,,https://elderscrolls.fandom.com/wiki/Console_Commands_(Skyrim)/Enchantments,Enchantment effect rows from Fandom enchantments page; Fandom warns these are effect/enchantment IDs and not all are guaranteed to work.
Enchantments,FrostbiteTrap,00101930,Frostbite Trap,,https://elderscrolls.fandom.com/wiki/Console_Commands_(Skyrim)/Enchantments,Enchantment effect rows from Fandom enchantments page; Fandom warns these are effect/enchantment IDs and not all are guaranteed to work.
Enchantments,PoisonDamageTrap,00101931,Poison Damage Trap,,https://elderscrolls.fandom.com/wiki/Console_Commands_(Skyrim)/Enchantments,Enchantment effect rows from Fandom enchantments page; Fandom warns these are effect/enchantment IDs and not all are guaranteed to work.
Skills,OneHanded,,One-Handed,OneHanded,https://elderscrolls.fandom.com/wiki/Console_Commands_(Skyrim)/Skills,Skill actor value token
Skills,TwoHanded,,Two-Handed,TwoHanded,https://elderscrolls.fandom.com/wiki/Console_Commands_(Skyrim)/Skills,Skill actor value token
Skills,Marksman,,Archery,Marksman,https://elderscrolls.fandom.com/wiki/Console_Commands_(Skyrim)/Skills,Skill actor value token
Skills,Block,,Block,Block,https://elderscrolls.fandom.com/wiki/Console_Commands_(Skyrim)/Skills,Skill actor value token
Skills,Smithing,,Smithing,Smithing,https://elderscrolls.fandom.com/wiki/Console_Commands_(Skyrim)/Skills,Skill actor value token
Skills,HeavyArmor,,Heavy Armor,HeavyArmor,https://elderscrolls.fandom.com/wiki/Console_Commands_(Skyrim)/Skills,Skill actor value token
Skills,LightArmor,,Light Armor,LightArmor,https://elderscrolls.fandom.com/wiki/Console_Commands_(Skyrim)/Skills,Skill actor value token
Skills,Pickpocket,,Pickpocket,Pickpocket,https://elderscrolls.fandom.com/wiki/Console_Commands_(Skyrim)/Skills,Skill actor value token
Skills,Lockpicking,,Lockpicking,Lockpicking,https://elderscrolls.fandom.com/wiki/Console_Commands_(Skyrim)/Skills,Skill actor value token
Skills,Sneak,,Sneak,Sneak,https://elderscrolls.fandom.com/wiki/Console_Commands_(Skyrim)/Skills,Skill actor value token
Skills,Alchemy,,Alchemy,Alchemy,https://elderscrolls.fandom.com/wiki/Console_Commands_(Skyrim)/Skills,Skill actor value token
Skills,Speechcraft,,Speech,Speechcraft,https://elderscrolls.fandom.com/wiki/Console_Commands_(Skyrim)/Skills,Skill actor value token
Skills,Alteration,,Alteration,Alteration,https://elderscrolls.fandom.com/wiki/Console_Commands_(Skyrim)/Skills,Skill actor value token
Skills,Conjuration,,Conjuration,Conjuration,https://elderscrolls.fandom.com/wiki/Console_Commands_(Skyrim)/Skills,Skill actor value token
Skills,Destruction,,Destruction,Destruction,https://elderscrolls.fandom.com/wiki/Console_Commands_(Skyrim)/Skills,Skill actor value token
Skills,Illusion,,Illusion,Illusion,https://elderscrolls.fandom.com/wiki/Console_Commands_(Skyrim)/Skills,Skill actor value token
Skills,Restoration,,Restoration,Restoration,https://elderscrolls.fandom.com/wiki/Console_Commands_(Skyrim)/Skills,Skill actor value token
Skills,Enchanting,,Enchanting,Enchanting,https://elderscrolls.fandom.com/wiki/Console_Commands_(Skyrim)/Skills,Skill actor value token
ActorValues,Health,,Health,health,https://elderscrolls.fandom.com/wiki/Console_Commands_(Skyrim)/Skills,Actor value token for forceav/setav/modav style commands.
ActorValues,Magicka,,Magicka,magicka,https://elderscrolls.fandom.com/wiki/Console_Commands_(Skyrim)/Skills,Actor value token for forceav/setav/modav style commands.
ActorValues,Stamina,,Stamina,stamina,https://elderscrolls.fandom.com/wiki/Console_Commands_(Skyrim)/Skills,Actor value token for forceav/setav/modav style commands.
ActorValues,CarryWeight,,Carry Weight,carryweight,https://elderscrolls.fandom.com/wiki/Console_Commands_(Skyrim)/Skills,Actor value token for forceav/setav/modav style commands.
ActorValues,SpeedMult,,Movement Speed Multiplier,speedmult,https://elderscrolls.fandom.com/wiki/Console_Commands_(Skyrim)/Skills,Actor value token for forceav/setav/modav style commands.
ActorValues,HealRate,,Health Regeneration Rate,healrate,https://elderscrolls.fandom.com/wiki/Console_Commands_(Skyrim)/Skills,Actor value token for forceav/setav/modav style commands.
ActorValues,MagickaRate,,Magicka Regeneration Rate,magickarate,https://elderscrolls.fandom.com/wiki/Console_Commands_(Skyrim)/Skills,Actor value token for forceav/setav/modav style commands.
ActorValues,StaminaRate,,Stamina Regeneration Rate,staminarate,https://elderscrolls.fandom.com/wiki/Console_Commands_(Skyrim)/Skills,Actor value token for forceav/setav/modav style commands.
ActorValues,HealRateMult,,Health Regeneration Multiplier,healratemult,https://elderscrolls.fandom.com/wiki/Console_Commands_(Skyrim)/Skills,Actor value token for forceav/setav/modav style commands.
ActorValues,MagickaRateMult,,Magicka Regeneration Multiplier,magickaratemult,https://elderscrolls.fandom.com/wiki/Console_Commands_(Skyrim)/Skills,Actor value token for forceav/setav/modav style commands.
ActorValues,StaminaRateMult,,Stamina Regeneration Multiplier,staminaratemult,https://elderscrolls.fandom.com/wiki/Console_Commands_(Skyrim)/Skills,Actor value token for forceav/setav/modav style commands.
ActorValues,AttackDamageMult,,Attack Damage Multiplier,attackdamagemult,https://elderscrolls.fandom.com/wiki/Console_Commands_(Skyrim)/Skills,Actor value token for forceav/setav/modav style commands.
ActorValues,WeaponSpeedMult,,Weapon Speed Multiplier,weaponspeedmult,https://elderscrolls.fandom.com/wiki/Console_Commands_(Skyrim)/Skills,Actor value token for forceav/setav/modav style commands.
ActorValues,LeftWeaponSpeedMult,,Left Weapon Speed Multiplier,leftweaponspeedmult,https://elderscrolls.fandom.com/wiki/Console_Commands_(Skyrim)/Skills,Actor value token for forceav/setav/modav style commands.
ActorValues,ShoutRecoveryMult,,Shout Recovery Multiplier,shoutrecoverymult,https://elderscrolls.fandom.com/wiki/Console_Commands_(Skyrim)/Skills,Actor value token for forceav/setav/modav style commands.
ActorValues,DamageResist,,Armor Rating / Damage Resist,damageresist,https://elderscrolls.fandom.com/wiki/Console_Commands_(Skyrim)/Skills,Actor value token for forceav/setav/modav style commands.
ActorValues,PoisonResist,,Poison Resist,poisonresist,https://elderscrolls.fandom.com/wiki/Console_Commands_(Skyrim)/Skills,Actor value token for forceav/setav/modav style commands.
ActorValues,FireResist,,Fire Resist,fireresist,https://elderscrolls.fandom.com/wiki/Console_Commands_(Skyrim)/Skills,Actor value token for forceav/setav/modav style commands.
ActorValues,FrostResist,,Frost Resist,frostresist,https://elderscrolls.fandom.com/wiki/Console_Commands_(Skyrim)/Skills,Actor value token for forceav/setav/modav style commands.
ActorValues,ElectricResist,,Shock Resist,electricresist,https://elderscrolls.fandom.com/wiki/Console_Commands_(Skyrim)/Skills,Actor value token for forceav/setav/modav style commands.
ActorValues,MagicResist,,Magic Resist,magicresist,https://elderscrolls.fandom.com/wiki/Console_Commands_(Skyrim)/Skills,Actor value token for forceav/setav/modav style commands.
ActorValues,DiseaseResist,,Disease Resist,diseaseresist,https://elderscrolls.fandom.com/wiki/Console_Commands_(Skyrim)/Skills,Actor value token for forceav/setav/modav style commands.
ActorValues,Paralysis,,Paralysis,paralysis,https://elderscrolls.fandom.com/wiki/Console_Commands_(Skyrim)/Skills,Actor value token for forceav/setav/modav style commands.
ActorValues,Invisibility,,Invisibility,invisibility,https://elderscrolls.fandom.com/wiki/Console_Commands_(Skyrim)/Skills,Actor value token for forceav/setav/modav style commands.
ActorValues,WaterBreathing,,Water Breathing,waterbreathing,https://elderscrolls.fandom.com/wiki/Console_Commands_(Skyrim)/Skills,Actor value token for forceav/setav/modav style commands.
ActorValues,WaterWalking,,Water Walking,waterwalking,https://elderscrolls.fandom.com/wiki/Console_Commands_(Skyrim)/Skills,Actor value token for forceav/setav/modav style commands.
ActorValues,NightEye,,Night Eye,nighteye,https://elderscrolls.fandom.com/wiki/Console_Commands_(Skyrim)/Skills,Actor value token for forceav/setav/modav style commands.
ActorValues,DetectLifeRange,,Detect Life Range,detectliferange,https://elderscrolls.fandom.com/wiki/Console_Commands_(Skyrim)/Skills,Actor value token for forceav/setav/modav style commands.
ActorValues,Fame,,Fame,fame,https://elderscrolls.fandom.com/wiki/Console_Commands_(Skyrim)/Skills,Actor value token for forceav/setav/modav style commands.
ActorValues,Infamy,,Infamy,infamy,https://elderscrolls.fandom.com/wiki/Console_Commands_(Skyrim)/Skills,Actor value token for forceav/setav/modav style commands.
ActorValues,FavorActive,,Favor Active,favoractive,https://elderscrolls.fandom.com/wiki/Console_Commands_(Skyrim)/Skills,Actor value token for forceav/setav/modav style commands.
ActorValues,Confidence,,Confidence,confidence,https://elderscrolls.fandom.com/wiki/Console_Commands_(Skyrim)/Skills,Actor value token for forceav/setav/modav style commands.
ActorValues,Aggression,,Aggression,aggression,https://elderscrolls.fandom.com/wiki/Console_Commands_(Skyrim)/Skills,Actor value token for forceav/setav/modav style commands.
ActorValues,Morality,,Morality,morality,https://elderscrolls.fandom.com/wiki/Console_Commands_(Skyrim)/Skills,Actor value token for forceav/setav/modav style commands.
ActorValues,Energy,,Energy,energy,https://elderscrolls.fandom.com/wiki/Console_Commands_(Skyrim)/Skills,Actor value token for forceav/setav/modav style commands.
ActorValues,Mood,,Mood,mood,https://elderscrolls.fandom.com/wiki/Console_Commands_(Skyrim)/Skills,Actor value token for forceav/setav/modav style commands.
ActorValues,Variable01,,Variable01,variable01,https://elderscrolls.fandom.com/wiki/Console_Commands_(Skyrim)/Skills,Actor value token for forceav/setav/modav style commands.
ActorValues,Variable02,,Variable02,variable02,https://elderscrolls.fandom.com/wiki/Console_Commands_(Skyrim)/Skills,Actor value token for forceav/setav/modav style commands.
ActorValues,Variable03,,Variable03,variable03,https://elderscrolls.fandom.com/wiki/Console_Commands_(Skyrim)/Skills,Actor value token for forceav/setav/modav style commands.
ActorValues,Variable04,,Variable04,variable04,https://elderscrolls.fandom.com/wiki/Console_Commands_(Skyrim)/Skills,Actor value token for forceav/setav/modav style commands.
ActorValues,Variable05,,Variable05,variable05,https://elderscrolls.fandom.com/wiki/Console_Commands_(Skyrim)/Skills,Actor value token for forceav/setav/modav style commands.
ActorValues,Variable06,,Variable06,variable06,https://elderscrolls.fandom.com/wiki/Console_Commands_(Skyrim)/Skills,Actor value token for forceav/setav/modav style commands.
ActorValues,Variable07,,Variable07,variable07,https://elderscrolls.fandom.com/wiki/Console_Commands_(Skyrim)/Skills,Actor value token for forceav/setav/modav style commands.
ActorValues,Variable08,,Variable08,variable08,https://elderscrolls.fandom.com/wiki/Console_Commands_(Skyrim)/Skills,Actor value token for forceav/setav/modav style commands.
ActorValues,Variable09,,Variable09,variable09,https://elderscrolls.fandom.com/wiki/Console_Commands_(Skyrim)/Skills,Actor value token for forceav/setav/modav style commands.
ActorValues,Variable10,,Variable10,variable10,https://elderscrolls.fandom.com/wiki/Console_Commands_(Skyrim)/Skills,Actor value token for forceav/setav/modav style commands.
ActorValues,WaitingForPlayer,,Waiting For Player,waitingforplayer,https://elderscrolls.fandom.com/wiki/Console_Commands_(Skyrim)/Skills,Actor value token for forceav/setav/modav style commands.
ActorValues,Blindness,,Blindness,blindness,https://elderscrolls.fandom.com/wiki/Console_Commands_(Skyrim)/Skills,Actor value token for forceav/setav/modav style commands.
ActorValues,WardPower,,Ward Power,wardpower,https://elderscrolls.fandom.com/wiki/Console_Commands_(Skyrim)/Skills,Actor value token for forceav/setav/modav style commands.
ActorValues,WardDeflection,,Ward Deflection,warddeflection,https://elderscrolls.fandom.com/wiki/Console_Commands_(Skyrim)/Skills,Actor value token for forceav/setav/modav style commands.
ActorValues,BowSpeedBonus,,Bow Speed Bonus,bowspeedbonus,https://elderscrolls.fandom.com/wiki/Console_Commands_(Skyrim)/Skills,Actor value token for forceav/setav/modav style commands.
ActorValues,BypassVendorStolenCheck,,Bypass Vendor Stolen Check,bypassvendorstolencheck,https://elderscrolls.fandom.com/wiki/Console_Commands_(Skyrim)/Skills,Actor value token for forceav/setav/modav style commands.
ActorValues,BypassVendorKeywordCheck,,Bypass Vendor Keyword Check,bypassvendorkeywordcheck,https://elderscrolls.fandom.com/wiki/Console_Commands_(Skyrim)/Skills,Actor value token for forceav/setav/modav style commands.
ActorValues,FavorPointsBonus,,Favor Points Bonus,favorpointsbonus,https://elderscrolls.fandom.com/wiki/Console_Commands_(Skyrim)/Skills,Actor value token for forceav/setav/modav style commands.
ActorValues,LastBribedIntimidated,,Last Bribed/Intimidated,lastbribedintimidated,https://elderscrolls.fandom.com/wiki/Console_Commands_(Skyrim)/Skills,Actor value token for forceav/setav/modav style commands.
ActorValues,LastFlattered,,Last Flattered,lastflattered,https://elderscrolls.fandom.com/wiki/Console_Commands_(Skyrim)/Skills,Actor value token for forceav/setav/modav style commands.
ActorValues,MovementNoiseMult,,Movement Noise Multiplier,movementnoisemult,https://elderscrolls.fandom.com/wiki/Console_Commands_(Skyrim)/Skills,Actor value token for forceav/setav/modav style commands.
ActorValues,DragonSouls,,Dragon Souls,dragonsouls,https://elderscrolls.fandom.com/wiki/Console_Commands_(Skyrim)/Skills,Actor value token for forceav/setav/modav style commands.
ActorValues,CombatHealthRegenMult,,Combat Health Regen Multiplier,combathealthregenmult,https://elderscrolls.fandom.com/wiki/Console_Commands_(Skyrim)/Skills,Actor value token for forceav/setav/modav style commands.
ActorValues,OneHandedPowerMod,,One-Handed Power Mod,onehandedpowermod,https://elderscrolls.fandom.com/wiki/Console_Commands_(Skyrim)/Skills,Actor value token for forceav/setav/modav style commands.
ActorValues,TwoHandedPowerMod,,Two-Handed Power Mod,twohandedpowermod,https://elderscrolls.fandom.com/wiki/Console_Commands_(Skyrim)/Skills,Actor value token for forceav/setav/modav style commands.
ActorValues,MarksmanPowerMod,,Archery Power Mod,marksmanpowermod,https://elderscrolls.fandom.com/wiki/Console_Commands_(Skyrim)/Skills,Actor value token for forceav/setav/modav style commands.
ActorValues,BlockPowerMod,,Block Power Mod,blockpowermod,https://elderscrolls.fandom.com/wiki/Console_Commands_(Skyrim)/Skills,Actor value token for forceav/setav/modav style commands.
ActorValues,SmithingPowerMod,,Smithing Power Mod,smithingpowermod,https://elderscrolls.fandom.com/wiki/Console_Commands_(Skyrim)/Skills,Actor value token for forceav/setav/modav style commands.
ActorValues,HeavyArmorPowerMod,,Heavy Armor Power Mod,heavyarmorpowermod,https://elderscrolls.fandom.com/wiki/Console_Commands_(Skyrim)/Skills,Actor value token for forceav/setav/modav style commands.
ActorValues,LightArmorPowerMod,,Light Armor Power Mod,lightarmorpowermod,https://elderscrolls.fandom.com/wiki/Console_Commands_(Skyrim)/Skills,Actor value token for forceav/setav/modav style commands.
ActorValues,PickpocketPowerMod,,Pickpocket Power Mod,pickpocketpowermod,https://elderscrolls.fandom.com/wiki/Console_Commands_(Skyrim)/Skills,Actor value token for forceav/setav/modav style commands.
ActorValues,LockpickingPowerMod,,Lockpicking Power Mod,lockpickingpowermod,https://elderscrolls.fandom.com/wiki/Console_Commands_(Skyrim)/Skills,Actor value token for forceav/setav/modav style commands.
ActorValues,SneakPowerMod,,Sneak Power Mod,sneakpowermod,https://elderscrolls.fandom.com/wiki/Console_Commands_(Skyrim)/Skills,Actor value token for forceav/setav/modav style commands.
ActorValues,AlchemyPowerMod,,Alchemy Power Mod,alchemypowermod,https://elderscrolls.fandom.com/wiki/Console_Commands_(Skyrim)/Skills,Actor value token for forceav/setav/modav style commands.
ActorValues,SpeechcraftPowerMod,,Speech Power Mod,speechcraftpowermod,https://elderscrolls.fandom.com/wiki/Console_Commands_(Skyrim)/Skills,Actor value token for forceav/setav/modav style commands.
ActorValues,AlterationPowerMod,,Alteration Power Mod,alterationpowermod,https://elderscrolls.fandom.com/wiki/Console_Commands_(Skyrim)/Skills,Actor value token for forceav/setav/modav style commands.
ActorValues,ConjurationPowerMod,,Conjuration Power Mod,conjurationpowermod,https://elderscrolls.fandom.com/wiki/Console_Commands_(Skyrim)/Skills,Actor value token for forceav/setav/modav style commands.
ActorValues,DestructionPowerMod,,Destruction Power Mod,destructionpowermod,https://elderscrolls.fandom.com/wiki/Console_Commands_(Skyrim)/Skills,Actor value token for forceav/setav/modav style commands.
ActorValues,IllusionPowerMod,,Illusion Power Mod,illusionpowermod,https://elderscrolls.fandom.com/wiki/Console_Commands_(Skyrim)/Skills,Actor value token for forceav/setav/modav style commands.
ActorValues,RestorationPowerMod,,Restoration Power Mod,restorationpowermod,https://elderscrolls.fandom.com/wiki/Console_Commands_(Skyrim)/Skills,Actor value token for forceav/setav/modav style commands.
ActorValues,EnchantingPowerMod,,Enchanting Power Mod,enchantingpowermod,https://elderscrolls.fandom.com/wiki/Console_Commands_(Skyrim)/Skills,Actor value token for forceav/setav/modav style commands.
Food,FoodBread01B,00065C98,Bread,,Mutagen/Fandom,Resolved from Bleak Falls inventory; Mutagen Ingestible FoodBread01B.
Light Armor,ArmorStormcloakCuirass,000A6D7B,Stormcloak Armor,,Mutagen,Resolved from Bleak Falls inventory; Stormcloak cuirass.
Jewelry,JewelryRingSilver,0003B97C,Silver Ring,,Mutagen,Resolved from Bleak Falls inventory.
Light Armor,ArmorImperialStuddedCuirass,00013ED8,Imperial Studded Armor,,Mutagen,Resolved from Bleak Falls inventory.
Misc,MS13GoldenClaw,00039647,Golden Claw,,Mutagen,Resolved from Bleak Falls inventory; quest item.
Scrolls,GuardianCircleScroll,000E0CD5,Scroll of Guardian Circle,,Mutagen,Resolved from Bleak Falls inventory.
Jewelry,EnchNecklaceLockpicking01,0010DF39,Necklace of Minor Lockpicking,,Mutagen,Resolved from Bleak Falls inventory; enchanted necklace.
Blades,DraugrSwordHoned,0005BF0F,Honed Ancient Nord Sword,,Fandom/Mutagen,Resolved from Bleak Falls inventory; friendly name from Skyrim weapon tables.
Blunts,EnchIronBattleaxeShock01,000896C6,Iron Battleaxe of Sparks,,Skyrim.esm,Curated from unknown-inventory research save; enchanted weapon
Bows,EnchEbonyBowFrost06,000BF40B,Ebony Bow of Winter,,Skyrim.esm,Curated from unknown-inventory research save; enchanted weapon
Blades,EnchEbonySwordAbsorbH06,0001D520,Ebony Sword of the Vampire,,Skyrim.esm,Curated from unknown-inventory research save; enchanted weapon
Blunts,EnchDwarvenBattleaxeFrost03,000ACBA5,Dwarven Battleaxe of Freezing,,Skyrim.esm,Curated from unknown-inventory research save; enchanted weapon
Heavy Armor,EnchArmorEbonyHelmetWaterbreathing,000CF88C,Ebony Helmet of Waterbreathing,,Skyrim.esm,Curated from unknown-inventory research save; enchanted apparel
Heavy Armor,EnchArmorEbonyShieldResistFire04,000CF891,Ebony Shield of Major Fire Resist,,Skyrim.esm,Curated from unknown-inventory research save; enchanted apparel
Heavy Armor,EnchArmorEbonyCuirassHealthRate05,000FE2EB,Ebony Armor of Regeneration,,Skyrim.esm,Curated from unknown-inventory research save; enchanted apparel
Clothing,ClothesThalmorRobesHooded,0010C698,Hooded Thalmor Robes,,Skyrim.esm,Curated from unknown-inventory research save
Heavy Armor,EnchArmorEbonyBootsResistFrost04,000CF82C,Ebony Boots of Frost Suppression,,Skyrim.esm,Curated from unknown-inventory research save; enchanted apparel
Heavy Armor,EnchArmorEbonyGauntletsOneHanded05,000CF867,Ebony Gauntlets of Extreme Wielding,,Skyrim.esm,Curated from unknown-inventory research save; enchanted apparel
Clothing,ClothesMageHoodNovice,0010DD3A,Novice Hood,,Curated from in-game unknown inventory / Fandom,Enchanted mage hood; Fortify Magicka +30
Heavy Armor,EnchArmorIronHelmetDestruction01,0007A125,Iron Helmet of Minor Destruction,,Curated from in-game unknown inventory / Fandom,Generic enchanted armor; Destruction spells cost 12% less
Heavy Armor,EnchArmorIronHelmetDestruction02,000AD58B,Iron Helmet of Destruction,,Curated from in-game unknown inventory / SkyrimCommands,Generic enchanted armor; Destruction spells cost less
Heavy Armor,EnchArmorIronHelmetDestruction03,000AD58C,Iron Helmet of Major Destruction,,Curated from in-game unknown inventory / Fandom,Generic enchanted armor; Destruction spells cost 17% less
Clothing,ClothesMageHoodApprentice,0010DD3B,Apprentice Hood,,Curated generic magic apparel pass,Enchanted mage hood; Fortify Magicka
Clothing,ClothesMageHoodAdept,0010DD3C,Adept Hood,,Curated generic magic apparel pass,Enchanted mage hood; Fortify Magicka
Jewelry,JewelryRingSilverGarnet,000877AB,Silver Garnet Ring,,SkyrimCommands/Fandom verified exact ID,Observed unknown in uploaded saves; item ID verified by public item references.
Weapons,BoundWeaponSwordMystic,00058F5F,Bound Sword,,Fandom/UESP verified exact ID,"Observed unknown in uploaded saves; bound weapon/magic-generated item, may have extra data."
Books,WICastMagic04Letter,00023EE5,Letter from a Friend,,SkyrimCommands/Fandom verified exact ID,Observed unknown in uploaded saves; quest/letter item.
